ISO-10303-21;
HEADER;
FILE_DESCRIPTION (( 'STEP AP214' ),
    '1' );
FILE_NAME ('Modelado de drone.STEP',
    '2026-08-21T13:40:46',
    ( '' ),
    ( '' ),
    'SwSTEP 2.0',
    'SolidWorks 2024',
    '' );
FILE_SCHEMA (( 'AUTOMOTIVE_DESIGN' ));
ENDSEC;

DATA;
#1 = DIRECTION ( 'NONE',  ( -6.982962677686266711E-15, 1.000000000000000000, 0.000000000000000000 ) ) ;
#2 = ORIENTED_EDGE ( 'NONE', *, *, #6467, .T. ) ;
#3 = DIRECTION ( 'NONE',  ( 6.982962677686266711E-15, -1.000000000000000000, 0.000000000000000000 ) ) ;
#4 = VECTOR ( 'NONE', #368, 1000.000000000000000 ) ;
#5 = FACE_OUTER_BOUND ( 'NONE', #95, .T. ) ;
#6 = EDGE_LOOP ( 'NONE', ( #4783, #6431, #296 ) ) ;
#7 = CARTESIAN_POINT ( 'NONE',  ( -8.100000000000289191, 28.59999999999991616, -34.00000000000000000 ) ) ;
#8 = DIRECTION ( 'NONE',  ( -0.000000000000000000, -1.000000000000000000, -0.000000000000000000 ) ) ;
#9 = VERTEX_POINT ( 'NONE', #681 ) ;
#10 = EDGE_CURVE ( 'NONE', #8773, #9356, #3647, .T. ) ;
#11 = CARTESIAN_POINT ( 'NONE',  ( 60.00000000000000000, 4.000000000000000000, 9.999999999999984013 ) ) ;
#12 = VERTEX_POINT ( 'NONE', #2324 ) ;
#13 = AXIS2_PLACEMENT_3D ( 'NONE', #487, #2714, #3444 ) ;
#14 = LINE ( 'NONE', #2968, #7691 ) ;
#15 = ORIENTED_EDGE ( 'NONE', *, *, #5110, .T. ) ;
#16 = CARTESIAN_POINT ( 'NONE',  ( -60.00000000000000000, 3.000000000000000000, 0.000000000000000000 ) ) ;
#17 = ADVANCED_BREP_SHAPE_REPRESENTATION ( 'Modelado de drone', ( #4594, #7938, #1449, #1569, #4424, #7843, #7696, #1336, #1184 ), #1799 ) ;
#18 = ORIENTED_EDGE ( 'NONE', *, *, #7790, .T. ) ;
#19 = VECTOR ( 'NONE', #6242, 1000.000000000000000 ) ;
#20 = LINE ( 'NONE', #9500, #5370 ) ;
#21 = DIRECTION ( 'NONE',  ( 0.000000000000000000, 0.000000000000000000, 1.000000000000000000 ) ) ;
#22 = ADVANCED_FACE ( 'NONE', ( #9527 ), #3813, .T. ) ;
#23 = AXIS2_PLACEMENT_3D ( 'NONE', #131, #5440, #6078 ) ;
#24 = CARTESIAN_POINT ( 'NONE',  ( -2.793185071074507189E-13, 43.00000000000000000, 32.50000000000000000 ) ) ;
#25 = DIRECTION ( 'NONE',  ( 0.000000000000000000, 0.000000000000000000, -1.000000000000000000 ) ) ;
#26 = ORIENTED_EDGE ( 'NONE', *, *, #3132, .F. ) ;
#27 = AXIS2_PLACEMENT_3D ( 'NONE', #2377, #3186, #6776 ) ;
#28 = AXIS2_PLACEMENT_3D ( 'NONE', #6565, #7159, #527 ) ;
#29 = CARTESIAN_POINT ( 'NONE',  ( -1.816668578551834344E-13, 26.00000000000000355, 2.051038353574630974E-29 ) ) ;
#30 = ADVANCED_FACE ( 'NONE', ( #3724 ), #2898, .F. ) ;
#31 = DIRECTION ( 'NONE',  ( 6.982962677686266711E-15, -1.000000000000000000, 0.000000000000000000 ) ) ;
#32 = CYLINDRICAL_SURFACE ( 'NONE', #5493, 0.7499999999999986677 ) ;
#33 = ORIENTED_EDGE ( 'NONE', *, *, #2360, .F. ) ;
#34 = VECTOR ( 'NONE', #2254, 1000.000000000000000 ) ;
#35 = EDGE_CURVE ( 'NONE', #6969, #88, #5799, .T. ) ;
#36 = FACE_OUTER_BOUND ( 'NONE', #9481, .T. ) ;
#37 = DIRECTION ( 'NONE',  ( 0.8923787451257841896, 6.231447471573857554E-15, -0.4512872425049601621 ) ) ;
#38 = VERTEX_POINT ( 'NONE', #46 ) ;
#39 = LINE ( 'NONE', #817, #1524 ) ;
#40 = ORIENTED_EDGE ( 'NONE', *, *, #1389, .T. ) ;
#41 = B_SPLINE_CURVE_WITH_KNOTS ( 'NONE', 3,
 ( #5833, #7054, #8453, #431, #8014, #1894 ),
 .UNSPECIFIED., .F., .F.,
 ( 4, 2, 4 ),
 ( 0.000000000000000000, 0.0007712303705681859732, 0.001542460741136371946 ),
 .UNSPECIFIED. ) ;
#42 = ORIENTED_EDGE ( 'NONE', *, *, #8812, .T. ) ;
#43 = DIRECTION ( 'NONE',  ( 6.982962677686266711E-15, -1.000000000000000000, 0.000000000000000000 ) ) ;
#44 = FACE_OUTER_BOUND ( 'NONE', #2306, .T. ) ;
#45 = PRODUCT_DEFINITION ( 'UNKNOWN', '', #9528, #5640 ) ;
#46 = CARTESIAN_POINT ( 'NONE',  ( 7.690903718029549196, 26.00000000000005329, -1.299999999999997824 ) ) ;
#47 = DIRECTION ( 'NONE',  ( -0.000000000000000000, -1.000000000000000000, -0.000000000000000000 ) ) ;
#48 = ORIENTED_EDGE ( 'NONE', *, *, #7248, .F. ) ;
#49 = CARTESIAN_POINT ( 'NONE',  ( -25.20000000000012363, 9.900000000000000355, 102.6999999999999886 ) ) ;
#50 = ADVANCED_FACE ( 'NONE', ( #9575 ), #8750, .T. ) ;
#51 = DIRECTION ( 'NONE',  ( -1.000000000000000000, 1.376764663473655970E-16, 0.000000000000000000 ) ) ;
#52 = ORIENTED_EDGE ( 'NONE', *, *, #9289, .F. ) ;
#53 = CARTESIAN_POINT ( 'NONE',  ( 55.86932208953549406, 3.920475055707584033E-13, 13.99999999999999112 ) ) ;
#54 = CARTESIAN_POINT ( 'NONE',  ( -6.999999999999997335, 0.000000000000000000, 49.20000000000001705 ) ) ;
#55 = ORIENTED_EDGE ( 'NONE', *, *, #5620, .F. ) ;
#56 = DIRECTION ( 'NONE',  ( 0.000000000000000000, 0.000000000000000000, 1.000000000000000000 ) ) ;
#57 = CARTESIAN_POINT ( 'NONE',  ( -8.100000000000289191, 28.59999999999991616, -32.50000000000000000 ) ) ;
#58 = ORIENTED_EDGE ( 'NONE', *, *, #5006, .T. ) ;
#59 = FACE_OUTER_BOUND ( 'NONE', #4850, .T. ) ;
#60 = ORIENTED_EDGE ( 'NONE', *, *, #7650, .T. ) ;
#61 = CARTESIAN_POINT ( 'NONE',  ( -11.19999999999993712, 25.91671842699976480, -34.00000000000000000 ) ) ;
#62 = ORIENTED_EDGE ( 'NONE', *, *, #927, .T. ) ;
#63 = CARTESIAN_POINT ( 'NONE',  ( -15.00000000000055778, 113.0181803158004641, 29.00000000000001066 ) ) ;
#64 = EDGE_CURVE ( 'NONE', #980, #6122, #7871, .T. ) ;
#65 = EDGE_LOOP ( 'NONE', ( #6129, #4411, #7401, #7934 ) ) ;
#66 = CARTESIAN_POINT ( 'NONE',  ( -1.606081415867841343E-13, 26.00000000000000355, -32.50000000000000000 ) ) ;
#67 = LINE ( 'NONE', #2476, #6319 ) ;
#68 = LINE ( 'NONE', #4279, #3123 ) ;
#69 = CARTESIAN_POINT ( 'NONE',  ( 60.00000000000000000, 3.000000000000000000, -1.387778780781445676E-14 ) ) ;
#70 = CARTESIAN_POINT ( 'NONE',  ( 23.00000000000000000, 3.000000000000000000, 49.20000000000001705 ) ) ;
#71 = B_SPLINE_CURVE_WITH_KNOTS ( 'NONE', 3,
 ( #5472, #4492, #768, #5982, #8418, #1594 ),
 .UNSPECIFIED., .F., .F.,
 ( 4, 2, 4 ),
 ( 0.000000000000000000, 0.0007712303705681936711, 0.001542460741136387342 ),
 .UNSPECIFIED. ) ;
#72 = ORIENTED_EDGE ( 'NONE', *, *, #7066, .T. ) ;
#73 = FACE_OUTER_BOUND ( 'NONE', #7772, .T. ) ;
#74 = ADVANCED_FACE ( 'NONE', ( #5129 ), #5993, .F. ) ;
#75 = CARTESIAN_POINT ( 'NONE',  ( -5.003653915625616122, 31.28811021175562956, -33.51881233131191351 ) ) ;
#76 = DIRECTION ( 'NONE',  ( 0.000000000000000000, 0.000000000000000000, -1.000000000000000000 ) ) ;
#77 = ORIENTED_EDGE ( 'NONE', *, *, #1371, .F. ) ;
#78 = VECTOR ( 'NONE', #5967, 1000.000000000000000 ) ;
#79 = CARTESIAN_POINT ( 'NONE',  ( -8.100000000000289191, 28.59999999999991616, -31.00000000000000000 ) ) ;
#80 = CARTESIAN_POINT ( 'NONE',  ( 73.14687500000023590, 5.134781488891348999E-13, 4.812450283834103892 ) ) ;
#81 = ORIENTED_EDGE ( 'NONE', *, *, #3857, .F. ) ;
#82 = CARTESIAN_POINT ( 'NONE',  ( 0.000000000000000000, 3.000000000000000000, 0.000000000000000000 ) ) ;
#83 = ORIENTED_EDGE ( 'NONE', *, *, #4348, .F. ) ;
#84 = VECTOR ( 'NONE', #351, 1000.000000000000000 ) ;
#85 = CARTESIAN_POINT ( 'NONE',  ( -4.894066350724401993, 26.04402620783989164, -33.93616680475187053 ) ) ;
#86 = AXIS2_PLACEMENT_3D ( 'NONE', #456, #2063, #3411 ) ;
#87 = EDGE_CURVE ( 'NONE', #9106, #2161, #2012, .T. ) ;
#88 = VERTEX_POINT ( 'NONE', #8895 ) ;
#89 = CARTESIAN_POINT ( 'NONE',  ( 11.29999999999961346, 24.50000000000008171, -32.50000000000000000 ) ) ;
#90 = CYLINDRICAL_SURFACE ( 'NONE', #2805, 5.750000000000103917 ) ;
#91 = FACE_BOUND ( 'NONE', #6625, .T. ) ;
#92 = ADVANCED_FACE ( 'NONE', ( #5081 ), #7448, .F. ) ;
#93 = ADVANCED_FACE ( 'NONE', ( #2226, #91 ), #1550, .F. ) ;
#94 = DIRECTION ( 'NONE',  ( -1.000000000000000000, -7.080503983578805401E-15, 0.000000000000000000 ) ) ;
#95 = EDGE_LOOP ( 'NONE', ( #4184, #7897, #3256, #8641 ) ) ;
#96 = LINE ( 'NONE', #6088, #3519 ) ;
#97 = CARTESIAN_POINT ( 'NONE',  ( 24.99999999999943867, 113.0181803158007483, -29.00000000000001066 ) ) ;
#98 = ORIENTED_EDGE ( 'NONE', *, *, #4827, .F. ) ;
#99 = DIRECTION ( 'NONE',  ( -0.8923787451257837455, -6.231447471573853610E-15, -0.4512872425049609393 ) ) ;
#100 = LINE ( 'NONE', #9001, #2435 ) ;
#101 = EDGE_LOOP ( 'NONE', ( #443, #2173 ) ) ;
#102 = CIRCLE ( 'NONE', #6896, 14.00000000000000178 ) ;
#103 = DIRECTION ( 'NONE',  ( 1.000000000000000000, 6.987186840583977580E-15, 0.000000000000000000 ) ) ;
#104 = FACE_OUTER_BOUND ( 'NONE', #850, .T. ) ;
#105 = ORIENTED_EDGE ( 'NONE', *, *, #2817, .F. ) ;
#106 = LINE ( 'NONE', #3785, #2646 ) ;
#107 = CARTESIAN_POINT ( 'NONE',  ( -73.14687499999976694, -5.065392549852276716E-13, 4.812450283834089682 ) ) ;
#108 = ORIENTED_EDGE ( 'NONE', *, *, #8845, .F. ) ;
#109 = CARTESIAN_POINT ( 'NONE',  ( 60.00000000000000000, 4.000000000000000000, -10.00000000000001243 ) ) ;
#110 = VERTEX_POINT ( 'NONE', #6999 ) ;
#111 = EDGE_CURVE ( 'NONE', #9079, #218, #2407, .T. ) ;
#112 = DIRECTION ( 'NONE',  ( -1.501203008056852198E-16, -1.000000000000000000, -2.604172100283218727E-31 ) ) ;
#113 = LINE ( 'NONE', #2302, #6632 ) ;
#114 = ADVANCED_FACE ( 'NONE', ( #5356 ), #1104, .F. ) ;
#115 = CIRCLE ( 'NONE', #6596, 4.099999999999997868 ) ;
#116 = DIRECTION ( 'NONE',  ( 1.000000000000000000, 6.802837160693364202E-15, 0.000000000000000000 ) ) ;
#117 = VECTOR ( 'NONE', #3981, 1000.000000000000000 ) ;
#118 = FACE_OUTER_BOUND ( 'NONE', #4847, .T. ) ;
#119 = CARTESIAN_POINT ( 'NONE',  ( 70.00000000000021316, 4.926614671774131138E-13, -1.749999999999996891 ) ) ;
#120 = VECTOR ( 'NONE', #31, 1000.000000000000000 ) ;
#121 = AXIS2_PLACEMENT_3D ( 'NONE', #518, #3471, #6414 ) ;
#122 = EDGE_LOOP ( 'NONE', ( #6145, #4744, #2051, #165 ) ) ;
#123 = PLANE ( 'NONE',  #7113 ) ;
#124 = VECTOR ( 'NONE', #652, 1000.000000000000000 ) ;
#125 = VECTOR ( 'NONE', #9503, 1000.000000000000000 ) ;
#126 = CIRCLE ( 'NONE', #5994, 1.000000000000000222 ) ;
#127 = CARTESIAN_POINT ( 'NONE',  ( 3.599999999999718092, 43.00000000000002842, 32.50000000000000000 ) ) ;
#128 = CARTESIAN_POINT ( 'NONE',  ( 64.81245028383405327, 4.000000000000000000, -13.14687500000003695 ) ) ;
#129 = VERTEX_POINT ( 'NONE', #7727 ) ;
#130 = AXIS2_PLACEMENT_3D ( 'NONE', #8474, #7905, #4902 ) ;
#131 = CARTESIAN_POINT ( 'NONE',  ( -69.99999999999998579, 4.000000000000000000, 0.000000000000000000 ) ) ;
#132 = DIRECTION ( 'NONE',  ( 0.000000000000000000, -1.000000000000000000, 0.000000000000000000 ) ) ;
#133 = ADVANCED_FACE ( 'NONE', ( #9125 ), #3225, .F. ) ;
#134 = EDGE_LOOP ( 'NONE', ( #4958, #2088, #8141, #5897 ) ) ;
#135 = CARTESIAN_POINT ( 'NONE',  ( -64.81245028383428064, 4.000000000000000000, 13.14687499999993214 ) ) ;
#136 = ORIENTED_EDGE ( 'NONE', *, *, #4764, .F. ) ;
#137 = CARTESIAN_POINT ( 'NONE',  ( -55.86932208953523826, -3.885780586188047891E-13, -14.00000000000001243 ) ) ;
#138 = ORIENTED_EDGE ( 'NONE', *, *, #3630, .F. ) ;
#139 = DIRECTION ( 'NONE',  ( 1.000000000000000000, 0.000000000000000000, 0.000000000000000000 ) ) ;
#140 = PRESENTATION_STYLE_ASSIGNMENT (( #3773 ) ) ;
#141 = VERTEX_POINT ( 'NONE', #3091 ) ;
#142 = LINE ( 'NONE', #4589, #3983 ) ;
#143 = DIRECTION ( 'NONE',  ( 0.000000000000000000, 0.000000000000000000, 1.000000000000000000 ) ) ;
#144 = VECTOR ( 'NONE', #1551, 1000.000000000000000 ) ;
#145 = ORIENTED_EDGE ( 'NONE', *, *, #2713, .F. ) ;
#146 = DIRECTION ( 'NONE',  ( -1.000000000000000000, -6.987186840583977580E-15, 0.000000000000000000 ) ) ;
#147 = EDGE_CURVE ( 'NONE', #9058, #7092, #9029, .T. ) ;
#148 = AXIS2_PLACEMENT_3D ( 'NONE', #8526, #4851, #7798 ) ;
#149 = CARTESIAN_POINT ( 'NONE',  ( -25.19999999999997797, 9.900000000000000355, 18.99999999999991118 ) ) ;
#150 = CARTESIAN_POINT ( 'NONE',  ( 60.00000000000000000, 3.000000000000000000, -1.387778780781445676E-14 ) ) ;
#151 = CARTESIAN_POINT ( 'NONE',  ( -25.19999999999997797, 6.899999999999999467, 18.99999999999991118 ) ) ;
#152 = ORIENTED_EDGE ( 'NONE', *, *, #8984, .T. ) ;
#153 = EDGE_CURVE ( 'NONE', #4216, #7209, #966, .T. ) ;
#154 = CARTESIAN_POINT ( 'NONE',  ( -4.874423042781734772, 26.06906078835126550, -31.00000000000000000 ) ) ;
#155 = DIRECTION ( 'NONE',  ( 0.000000000000000000, 0.000000000000000000, -1.000000000000000000 ) ) ;
#156 = ORIENTED_EDGE ( 'NONE', *, *, #9521, .F. ) ;
#157 = CYLINDRICAL_SURFACE ( 'NONE', #877, 1.700000000000000178 ) ;
#158 = AXIS2_PLACEMENT_3D ( 'NONE', #4529, #5302, #8154 ) ;
#159 = ORIENTED_EDGE ( 'NONE', *, *, #6157, .T. ) ;
#160 = FACE_OUTER_BOUND ( 'NONE', #6523, .T. ) ;
#161 = CARTESIAN_POINT ( 'NONE',  ( -60.00000000000000000, 26.00000000000000355, 5.500000000000003553 ) ) ;
#162 = AXIS2_PLACEMENT_3D ( 'NONE', #1410, #586, #9438 ) ;
#163 = DIRECTION ( 'NONE',  ( 0.000000000000000000, 0.000000000000000000, 1.000000000000000000 ) ) ;
#164 = DIRECTION ( 'NONE',  ( 1.239088197126290817E-16, 0.000000000000000000, -1.000000000000000000 ) ) ;
#165 = ORIENTED_EDGE ( 'NONE', *, *, #2564, .F. ) ;
#166 = LINE ( 'NONE', #355, #421 ) ;
#167 = EDGE_CURVE ( 'NONE', #4795, #1493, #8261, .T. ) ;
#168 = CARTESIAN_POINT ( 'NONE',  ( 2.499999999999830802, 24.50000000000001776, 31.25000000000000000 ) ) ;
#169 = VECTOR ( 'NONE', #1224, 1000.000000000000000 ) ;
#170 = AXIS2_PLACEMENT_3D ( 'NONE', #9334, #5657, #7891 ) ;
#171 = PLANE ( 'NONE',  #6444 ) ;
#172 = LINE ( 'NONE', #1589, #9362 ) ;
#173 = ORIENTED_EDGE ( 'NONE', *, *, #2338, .T. ) ;
#174 = DIRECTION ( 'NONE',  ( 1.362997016838920367E-15, -0.000000000000000000, 1.000000000000000000 ) ) ;
#175 = FACE_OUTER_BOUND ( 'NONE', #9243, .T. ) ;
#176 = VECTOR ( 'NONE', #975, 1000.000000000000000 ) ;
#177 = CIRCLE ( 'NONE', #961, 1.749999999999996891 ) ;
#178 = ORIENTED_EDGE ( 'NONE', *, *, #8541, .F. ) ;
#179 = ORIENTED_EDGE ( 'NONE', *, *, #2127, .T. ) ;
#180 = CARTESIAN_POINT ( 'NONE',  ( -6.502183067439429642, -4.163336342344337027E-14, 13.99999999999998757 ) ) ;
#181 = EDGE_CURVE ( 'NONE', #6356, #4216, #5249, .T. ) ;
#182 = CIRCLE ( 'NONE', #3590, 5.099999999999997868 ) ;
#183 = AXIS2_PLACEMENT_3D ( 'NONE', #4382, #7324, #702 ) ;
#184 = EDGE_CURVE ( 'NONE', #2391, #7830, #5739, .T. ) ;
#185 = DIRECTION ( 'NONE',  ( 0.000000000000000000, 1.000000000000000000, 0.000000000000000000 ) ) ;
#186 = CARTESIAN_POINT ( 'NONE',  ( -59.99999999999977263, -4.163336342344337531E-13, 8.250000000000088818 ) ) ;
#187 = ORIENTED_EDGE ( 'NONE', *, *, #5477, .T. ) ;
#188 = DIRECTION ( 'NONE',  ( 0.000000000000000000, 0.000000000000000000, -1.000000000000000000 ) ) ;
#189 = VECTOR ( 'NONE', #4566, 1000.000000000000000 ) ;
#190 = FACE_OUTER_BOUND ( 'NONE', #7314, .T. ) ;
#191 = ORIENTED_EDGE ( 'NONE', *, *, #9289, .T. ) ;
#192 = CYLINDRICAL_SURFACE ( 'NONE', #7986, 1.750000000000003331 ) ;
#193 = EDGE_CURVE ( 'NONE', #2199, #6969, #1004, .T. ) ;
#194 = CARTESIAN_POINT ( 'NONE',  ( -15.00000000000055955, 113.0181803158004641, 49.00000000000001421 ) ) ;
#195 = AXIS2_PLACEMENT_3D ( 'NONE', #9266, #3416, #4090 ) ;
#196 = DIRECTION ( 'NONE',  ( 0.000000000000000000, 0.000000000000000000, -1.000000000000000000 ) ) ;
#197 = DIRECTION ( 'NONE',  ( 0.000000000000000000, 0.000000000000000000, -1.000000000000000000 ) ) ;
#198 = VERTEX_POINT ( 'NONE', #1690 ) ;
#199 = DIRECTION ( 'NONE',  ( -6.982962677686266711E-15, 1.000000000000000000, -0.000000000000000000 ) ) ;
#200 = CARTESIAN_POINT ( 'NONE',  ( 60.00000000000000000, 4.000000000000000000, -10.00000000000001243 ) ) ;
#201 = ORIENTED_EDGE ( 'NONE', *, *, #9416, .T. ) ;
#202 = CARTESIAN_POINT ( 'NONE',  ( -11.29999999999994031, 24.49999999999992184, 32.50000000000000000 ) ) ;
#203 = CLOSED_SHELL ( 'NONE', ( #7333, #951, #5689, #463, #2343, #3599, #6649, #7180, #4985, #6374, #808, #7537, #1154, #2395, #5168, #7129, #2690, #8358, #308, #5605, #707, #8332, #2571, #4252, #2553, #2510, #5547, #6863, #5691, #6619, #8376, #2227, #5442, #6760, #1135, #5062, #1509, #5354, #5916, #6534, #1188, #5964, #4176, #5900, #2414, #356, #1362, #7409, #4898, #5847, #8892, #9465, #4133, #6942, #1519, #510, #6917, #6359, #831, #4584, #3297, #9430, #3739, #7356, #255, #5176, #9219, #8999, #4845, #6774, #1243, #7671, #8247, #7643, #5423, #9018, #3815, #6682, #5821, #4325, #9091, #7267, #2965, #7006, #4357, #1198, #6689, #3090 ) ) ;
#204 = EDGE_CURVE ( 'NONE', #3457, #3470, #1642, .T. ) ;
#205 = ORIENTED_EDGE ( 'NONE', *, *, #3525, .F. ) ;
#206 = CARTESIAN_POINT ( 'NONE',  ( -11.29999999999994031, 24.49999999999992184, -2.051038353574630974E-29 ) ) ;
#207 = DIRECTION ( 'NONE',  ( -1.000000000000000000, 0.000000000000000000, -0.000000000000000000 ) ) ;
#208 = CARTESIAN_POINT ( 'NONE',  ( -30.00000000000002132, 35.99999999999979394, 0.000000000000000000 ) ) ;
#209 = DIRECTION ( 'NONE',  ( 1.000000000000000000, 0.000000000000000000, 1.239088197126290817E-16 ) ) ;
#210 = EDGE_CURVE ( 'NONE', #1483, #3344, #4681, .T. ) ;
#211 = EDGE_CURVE ( 'NONE', #7766, #9475, #3275, .T. ) ;
#212 = EDGE_LOOP ( 'NONE', ( #6063, #1361, #4482, #9544 ) ) ;
#213 = FACE_OUTER_BOUND ( 'NONE', #3343, .T. ) ;
#214 = PLANE ( 'NONE',  #3041 ) ;
#215 = ADVANCED_FACE ( 'NONE', ( #916 ), #7673, .F. ) ;
#216 = DIRECTION ( 'NONE',  ( -6.987186840583977580E-15, 1.000000000000000000, -7.888609052210118054E-31 ) ) ;
#217 = DIRECTION ( 'NONE',  ( 1.000000000000000000, 0.000000000000000000, 0.000000000000000000 ) ) ;
#218 = VERTEX_POINT ( 'NONE', #8391 ) ;
#219 = CARTESIAN_POINT ( 'NONE',  ( 4.929826503170722241, 26.00000000000003553, 31.00000000000000000 ) ) ;
#220 = CARTESIAN_POINT ( 'NONE',  ( 60.00000000000022737, 4.232725281383409310E-13, 10.00000000000000000 ) ) ;
#221 = VERTEX_POINT ( 'NONE', #1779 ) ;
#222 = VERTEX_POINT ( 'NONE', #6812 ) ;
#223 = DIRECTION ( 'NONE',  ( 0.000000000000000000, 0.000000000000000000, 1.000000000000000000 ) ) ;
#224 = EDGE_CURVE ( 'NONE', #1518, #7236, #4813, .T. ) ;
#225 = EDGE_CURVE ( 'NONE', #6814, #5499, #3117, .T. ) ;
#226 = DIRECTION ( 'NONE',  ( -1.000000000000000000, 0.000000000000000000, 0.000000000000000000 ) ) ;
#227 = LINE ( 'NONE', #3905, #8952 ) ;
#228 = PRESENTATION_LAYER_ASSIGNMENT (  '', '', ( #4256 ) ) ;
#229 = VERTEX_POINT ( 'NONE', #3863 ) ;
#230 = CARTESIAN_POINT ( 'NONE',  ( -60.00000000000000000, 3.000000000000000000, 10.00000000000000000 ) ) ;
#231 = ORIENTED_EDGE ( 'NONE', *, *, #1471, .F. ) ;
#232 = EDGE_CURVE ( 'NONE', #6521, #4842, #8987, .T. ) ;
#233 = CARTESIAN_POINT ( 'NONE',  ( -25.20000000000012363, 9.900000000000000355, 102.6999999999999886 ) ) ;
#234 = EDGE_LOOP ( 'NONE', ( #6363, #5140, #2694, #8957, #2967 ) ) ;
#235 = EDGE_CURVE ( 'NONE', #690, #3935, #647, .T. ) ;
#236 = CARTESIAN_POINT ( 'NONE',  ( 4.874423042781377724, 31.13093921164811562, 34.00000000000000000 ) ) ;
#237 = CARTESIAN_POINT ( 'NONE',  ( -2.500000000000169198, 24.49999999999998224, -2.051038353574630974E-29 ) ) ;
#238 = AXIS2_PLACEMENT_3D ( 'NONE', #7850, #7124, #4174 ) ;
#239 = LINE ( 'NONE', #1790, #8516 ) ;
#240 = CARTESIAN_POINT ( 'NONE',  ( 9.800000000000292033, 28.59999999999991971, -34.00000000000000000 ) ) ;
#241 = ORIENTED_EDGE ( 'NONE', *, *, #181, .F. ) ;
#242 = CARTESIAN_POINT ( 'NONE',  ( -59.99999999999978684, 2.999999999999583000, 9.999999999999984013 ) ) ;
#243 = EDGE_CURVE ( 'NONE', #9407, #2203, #4034, .T. ) ;
#244 = CIRCLE ( 'NONE', #1170, 11.29999999999977689 ) ;
#245 = CARTESIAN_POINT ( 'NONE',  ( 25.19999999999988916, 9.899999999999993250, 102.7000000000000881 ) ) ;
#246 = ORIENTED_EDGE ( 'NONE', *, *, #337, .F. ) ;
#247 = CARTESIAN_POINT ( 'NONE',  ( 4.929826503170722241, 26.00000000000003553, -33.80644963493964639 ) ) ;
#248 = CIRCLE ( 'NONE', #1492, 5.749999999999963585 ) ;
#249 = ORIENTED_EDGE ( 'NONE', *, *, #2128, .T. ) ;
#250 = CARTESIAN_POINT ( 'NONE',  ( 8.100000000000292744, 28.59999999999991971, 31.00000000000000000 ) ) ;
#251 = CARTESIAN_POINT ( 'NONE',  ( 7.450503338701506273, 11.00000000000005507, 1.499999999999999112 ) ) ;
#252 = CIRCLE ( 'NONE', #2729, 4.100000000000002309 ) ;
#253 = CARTESIAN_POINT ( 'NONE',  ( 60.00000000000020606, 3.000000000000422329, -8.249999999999996447 ) ) ;
#254 = DIRECTION ( 'NONE',  ( -0.000000000000000000, -1.000000000000000000, -0.000000000000000000 ) ) ;
#255 = ADVANCED_FACE ( 'NONE', ( #3379 ), #1342, .T. ) ;
#256 = ORIENTED_EDGE ( 'NONE', *, *, #6215, .T. ) ;
#257 = CARTESIAN_POINT ( 'NONE',  ( -64.81245028383428064, 3.000000000000000000, 13.14687499999993214 ) ) ;
#258 = DIRECTION ( 'NONE',  ( 0.000000000000000000, 0.000000000000000000, 1.000000000000000000 ) ) ;
#259 = EDGE_CURVE ( 'NONE', #3197, #3836, #7924, .T. ) ;
#260 = AXIS2_PLACEMENT_3D ( 'NONE', #6517, #8883, #5929 ) ;
#261 = DIRECTION ( 'NONE',  ( -1.000000000000000000, 0.000000000000000000, 0.000000000000000000 ) ) ;
#262 = CARTESIAN_POINT ( 'NONE',  ( -12.99999999999979394, 2.999999999999912514, 42.50000000000000000 ) ) ;
#263 = VERTEX_POINT ( 'NONE', #3520 ) ;
#264 = DIRECTION ( 'NONE',  ( -6.982962677686266711E-15, 1.000000000000000000, -0.000000000000000000 ) ) ;
#265 = AXIS2_PLACEMENT_3D ( 'NONE', #1206, #8509, #5501 ) ;
#266 = DIRECTION ( 'NONE',  ( -6.982962677686266711E-15, 1.000000000000000000, -0.000000000000000000 ) ) ;
#267 = DIRECTION ( 'NONE',  ( 0.000000000000000000, 0.000000000000000000, 1.000000000000000000 ) ) ;
#268 = AXIS2_PLACEMENT_3D ( 'NONE', #3390, #5611, #8562 ) ;
#269 = VERTEX_POINT ( 'NONE', #9221 ) ;
#270 = ORIENTED_EDGE ( 'NONE', *, *, #3403, .F. ) ;
#271 = PLANE ( 'NONE',  #6493 ) ;
#272 = AXIS2_PLACEMENT_3D ( 'NONE', #7610, #1137, #7714 ) ;
#273 = CIRCLE ( 'NONE', #585, 4.099999999999997868 ) ;
#274 = ORIENTED_EDGE ( 'NONE', *, *, #1835, .F. ) ;
#275 = DIRECTION ( 'NONE',  ( 1.156482317317870739E-16, -0.000000000000000000, 1.000000000000000000 ) ) ;
#276 = CARTESIAN_POINT ( 'NONE',  ( 64.81245028383426643, 3.000000000000000000, 13.14687499999992681 ) ) ;
#277 = ORIENTED_EDGE ( 'NONE', *, *, #6990, .F. ) ;
#278 = LINE ( 'NONE', #4834, #4146 ) ;
#279 = EDGE_LOOP ( 'NONE', ( #1826, #347, #6322, #6818 ) ) ;
#280 = AXIS2_PLACEMENT_3D ( 'NONE', #6243, #4807, #3406 ) ;
#281 = DIRECTION ( 'NONE',  ( 0.000000000000000000, 0.000000000000000000, 1.000000000000000000 ) ) ;
#282 = ORIENTED_EDGE ( 'NONE', *, *, #3222, .F. ) ;
#283 = EDGE_CURVE ( 'NONE', #8492, #530, #7823, .T. ) ;
#284 = EDGE_CURVE ( 'NONE', #3910, #6766, #8519, .T. ) ;
#285 = ORIENTED_EDGE ( 'NONE', *, *, #1599, .T. ) ;
#286 = LINE ( 'NONE', #832, #8610 ) ;
#287 = LINE ( 'NONE', #6377, #486 ) ;
#288 = DIRECTION ( 'NONE',  ( -0.4512872425049602176, -3.151321971328088491E-15, -0.8923787451257841896 ) ) ;
#289 = ORIENTED_EDGE ( 'NONE', *, *, #9374, .F. ) ;
#290 = DIRECTION ( 'NONE',  ( 0.000000000000000000, 0.000000000000000000, 1.000000000000000000 ) ) ;
#291 = DIRECTION ( 'NONE',  ( -0.000000000000000000, 0.000000000000000000, -1.000000000000000000 ) ) ;
#292 = ORIENTED_EDGE ( 'NONE', *, *, #2374, .T. ) ;
#293 =( LENGTH_UNIT ( ) NAMED_UNIT ( * ) SI_UNIT ( .MILLI., .METRE. ) );
#294 = CLOSED_SHELL ( 'NONE', ( #3156, #5402, #476, #9150, #1276, #8766, #3477, #9188, #5120, #4206, #489, #5649, #7832, #9090, #9373, #1613, #8113, #1380, #4266, #6768, #2505, #3611, #8659 ) ) ;
#295 = ORIENTED_EDGE ( 'NONE', *, *, #4150, .T. ) ;
#296 = ORIENTED_EDGE ( 'NONE', *, *, #9234, .T. ) ;
#297 = EDGE_CURVE ( 'NONE', #8426, #4284, #6466, .T. ) ;
#298 = DIRECTION ( 'NONE',  ( 0.000000000000000000, 0.000000000000000000, 1.000000000000000000 ) ) ;
#299 = CARTESIAN_POINT ( 'NONE',  ( -8.100000000000289191, 28.59999999999991616, -31.00000000000000000 ) ) ;
#300 = CARTESIAN_POINT ( 'NONE',  ( 7.690903718029549196, 26.00000000000005329, 1.299999999999997824 ) ) ;
#301 = DIRECTION ( 'NONE',  ( -1.000000000000000000, 0.000000000000000000, 0.000000000000000000 ) ) ;
#302 = AXIS2_PLACEMENT_3D ( 'NONE', #8397, #1109, #6372 ) ;
#303 = FACE_OUTER_BOUND ( 'NONE', #4093, .T. ) ;
#304 = ORIENTED_EDGE ( 'NONE', *, *, #6010, .F. ) ;
#305 = LINE ( 'NONE', #1082, #5365 ) ;
#306 = CARTESIAN_POINT ( 'NONE',  ( -25.99999999999998224, -1.000000000000000000, 18.99999999999991118 ) ) ;
#307 = ORIENTED_EDGE ( 'NONE', *, *, #3249, .F. ) ;
#308 = ADVANCED_FACE ( 'NONE', ( #6318 ), #9423, .T. ) ;
#309 = CARTESIAN_POINT ( 'NONE',  ( 60.00000000000020606, 3.000000000000422329, 10.00000000000000000 ) ) ;
#310 = CARTESIAN_POINT ( 'NONE',  ( 2.295563928880660095E-13, 3.469446951953614189E-15, 0.000000000000000000 ) ) ;
#311 = VECTOR ( 'NONE', #1626, 1000.000000000000000 ) ;
#312 = ORIENTED_EDGE ( 'NONE', *, *, #401, .T. ) ;
#313 = FACE_OUTER_BOUND ( 'NONE', #1819, .T. ) ;
#314 = EDGE_CURVE ( 'NONE', #1403, #3582, #4290, .T. ) ;
#315 = CARTESIAN_POINT ( 'NONE',  ( 61.00000000000020606, 3.000000000000429434, -5.000000000000000000 ) ) ;
#316 = CARTESIAN_POINT ( 'NONE',  ( 2.499999999999820588, 26.00000000000002132, 31.25000000000000000 ) ) ;
#317 = ORIENTED_EDGE ( 'NONE', *, *, #1484, .T. ) ;
#318 = EDGE_LOOP ( 'NONE', ( #8820, #2519, #6238, #9226 ) ) ;
#319 = EDGE_CURVE ( 'NONE', #2624, #9131, #1672, .T. ) ;
#320 = AXIS2_PLACEMENT_3D ( 'NONE', #97, #5408, #3045 ) ;
#321 = DIRECTION ( 'NONE',  ( 6.987186840583977580E-15, -1.000000000000000000, 0.000000000000000000 ) ) ;
#322 = ORIENTED_EDGE ( 'NONE', *, *, #376, .T. ) ;
#323 = AXIS2_PLACEMENT_3D ( 'NONE', #3691, #7268, #5143 ) ;
#324 = AXIS2_PLACEMENT_3D ( 'NONE', #4255, #1770, #8849 ) ;
#325 = AXIS2_PLACEMENT_3D ( 'NONE', #4723, #5494, #6855 ) ;
#326 = CARTESIAN_POINT ( 'NONE',  ( 60.00000000000000000, 26.00000000000000355, -1.387778780781445676E-14 ) ) ;
#327 = LINE ( 'NONE', #3277, #7099 ) ;
#328 = ORIENTED_EDGE ( 'NONE', *, *, #7929, .T. ) ;
#329 = DIRECTION ( 'NONE',  ( 0.000000000000000000, 0.000000000000000000, 1.000000000000000000 ) ) ;
#330 = VERTEX_POINT ( 'NONE', #4100 ) ;
#331 = EDGE_CURVE ( 'NONE', #3738, #4719, #5598, .T. ) ;
#332 = EDGE_CURVE ( 'NONE', #9510, #3142, #1196, .T. ) ;
#333 = DIRECTION ( 'NONE',  ( -1.000000000000000000, -6.982962677686266711E-15, 0.000000000000000000 ) ) ;
#334 = AXIS2_PLACEMENT_3D ( 'NONE', #4450, #4353, #4497 ) ;
#335 = VECTOR ( 'NONE', #7371, 1000.000000000000000 ) ;
#336 = EDGE_LOOP ( 'NONE', ( #869, #5460, #8875 ) ) ;
#337 = EDGE_CURVE ( 'NONE', #9399, #4591, #8770, .T. ) ;
#338 = DIRECTION ( 'NONE',  ( -1.000000000000000000, 0.000000000000000000, -1.734723475976805517E-15 ) ) ;
#339 = PLANE ( 'NONE',  #3426 ) ;
#340 = CARTESIAN_POINT ( 'NONE',  ( 0.9999999999997210010, 43.00000000000000711, -32.50000000000000000 ) ) ;
#341 = ORIENTED_EDGE ( 'NONE', *, *, #1338, .T. ) ;
#342 = AXIS2_PLACEMENT_3D ( 'NONE', #6258, #4769, #1092 ) ;
#343 = ADVANCED_FACE ( 'NONE', ( #4295, #371 ), #6368, .F. ) ;
#344 = DIRECTION ( 'NONE',  ( 6.982962677686266711E-15, -1.000000000000000000, 0.000000000000000000 ) ) ;
#345 = FACE_OUTER_BOUND ( 'NONE', #6677, .T. ) ;
#346 = EDGE_LOOP ( 'NONE', ( #5698, #4830, #5291, #6853 ) ) ;
#347 = ORIENTED_EDGE ( 'NONE', *, *, #1662, .T. ) ;
#348 = ORIENTED_EDGE ( 'NONE', *, *, #902, .T. ) ;
#349 = CARTESIAN_POINT ( 'NONE',  ( 2.499999999999830802, 24.50000000000001776, 32.50000000000000000 ) ) ;
#350 = CARTESIAN_POINT ( 'NONE',  ( 14.99999999999943867, 113.0181803158006915, 19.00000000000001421 ) ) ;
#351 = DIRECTION ( 'NONE',  ( 1.000000000000000000, 6.987186840583977580E-15, 0.000000000000000000 ) ) ;
#352 = DIRECTION ( 'NONE',  ( 6.982962677686265922E-15, -1.000000000000000000, -0.000000000000000000 ) ) ;
#353 = LINE ( 'NONE', #5865, #3839 ) ;
#354 = ORIENTED_EDGE ( 'NONE', *, *, #2374, .F. ) ;
#355 = CARTESIAN_POINT ( 'NONE',  ( 2.499999999999820588, 26.00000000000002132, 31.25000000000000000 ) ) ;
#356 = ADVANCED_FACE ( 'NONE', ( #5695 ), #8647, .F. ) ;
#357 = CARTESIAN_POINT ( 'NONE',  ( 59.00000000000020606, 3.000000000000415668, 4.387482193696065735 ) ) ;
#358 = VERTEX_POINT ( 'NONE', #7045 ) ;
#359 = CARTESIAN_POINT ( 'NONE',  ( 5.847380728475250038E-14, 24.50000000000000000, 0.000000000000000000 ) ) ;
#360 = FILL_AREA_STYLE ('',( #5535 ) ) ;
#361 = VERTEX_POINT ( 'NONE', #2699 ) ;
#362 = CARTESIAN_POINT ( 'NONE',  ( 12.20000000000029416, 28.59999999999991971, 31.00000000000000000 ) ) ;
#363 = CARTESIAN_POINT ( 'NONE',  ( 55.86932208953549406, 3.920475055707584033E-13, 13.99999999999999112 ) ) ;
#364 = CYLINDRICAL_SURFACE ( 'NONE', #965, 9.799999999999998934 ) ;
#365 = ORIENTED_EDGE ( 'NONE', *, *, #982, .F. ) ;
#366 = ORIENTED_EDGE ( 'NONE', *, *, #9095, .F. ) ;
#367 = ADVANCED_FACE ( 'NONE', ( #4201 ), #7152, .T. ) ;
#368 = DIRECTION ( 'NONE',  ( -0.000000000000000000, -0.000000000000000000, -1.000000000000000000 ) ) ;
#369 = CARTESIAN_POINT ( 'NONE',  ( 55.86932208953549406, 3.920475055707584033E-13, 13.99999999999999112 ) ) ;
#370 = ORIENTED_EDGE ( 'NONE', *, *, #3313, .T. ) ;
#371 = FACE_BOUND ( 'NONE', #8213, .T. ) ;
#372 = DIRECTION ( 'NONE',  ( 0.000000000000000000, -0.000000000000000000, 1.000000000000000000 ) ) ;
#373 = ORIENTED_EDGE ( 'NONE', *, *, #477, .F. ) ;
#374 = DIRECTION ( 'NONE',  ( -0.000000000000000000, -0.000000000000000000, -1.000000000000000000 ) ) ;
#375 = VERTEX_POINT ( 'NONE', #4244 ) ;
#376 = EDGE_CURVE ( 'NONE', #7179, #7350, #9369, .T. ) ;
#377 = LINE ( 'NONE', #4107, #7578 ) ;
#378 = ORIENTED_EDGE ( 'NONE', *, *, #6391, .F. ) ;
#379 = CARTESIAN_POINT ( 'NONE',  ( -59.99999999999976552, -4.163336342344337027E-13, -1.387778780781445676E-14 ) ) ;
#380 = EDGE_CURVE ( 'NONE', #2137, #9008, #6287, .T. ) ;
#381 = ADVANCED_FACE ( 'NONE', ( #6516, #8111 ), #9471, .F. ) ;
#382 = CARTESIAN_POINT ( 'NONE',  ( 23.00000000000000000, 6.700000000000000178, 49.20000000000001705 ) ) ;
#383 = LINE ( 'NONE', #4163, #7136 ) ;
#384 = ORIENTED_EDGE ( 'NONE', *, *, #1664, .T. ) ;
#385 = DIRECTION ( 'NONE',  ( -0.000000000000000000, 0.000000000000000000, -1.000000000000000000 ) ) ;
#386 = LINE ( 'NONE', #8461, #6500 ) ;
#387 = ORIENTED_EDGE ( 'NONE', *, *, #4742, .T. ) ;
#388 = CIRCLE ( 'NONE', #7813, 7.600000000000005862 ) ;
#389 = CYLINDRICAL_SURFACE ( 'NONE', #4889, 5.750000000000003553 ) ;
#390 = ORIENTED_EDGE ( 'NONE', *, *, #3964, .F. ) ;
#391 = ORIENTED_EDGE ( 'NONE', *, *, #6964, .T. ) ;
#392 = FACE_OUTER_BOUND ( 'NONE', #5130, .T. ) ;
#393 = VECTOR ( 'NONE', #2649, 1000.000000000000000 ) ;
#394 = CYLINDRICAL_SURFACE ( 'NONE', #4253, 1.749999999999996891 ) ;
#395 = FACE_OUTER_BOUND ( 'NONE', #5035, .T. ) ;
#396 = DIRECTION ( 'NONE',  ( 0.000000000000000000, 1.000000000000000000, -0.000000000000000000 ) ) ;
#397 = AXIS2_PLACEMENT_3D ( 'NONE', #738, #594, #2771 ) ;
#398 = VERTEX_POINT ( 'NONE', #7292 ) ;
#399 = DIRECTION ( 'NONE',  ( 0.000000000000000000, 0.000000000000000000, -1.000000000000000000 ) ) ;
#400 = DIRECTION ( 'NONE',  ( 0.000000000000000000, 0.000000000000000000, 1.000000000000000000 ) ) ;
#401 = EDGE_CURVE ( 'NONE', #2972, #3791, #5256, .T. ) ;
#402 = EDGE_CURVE ( 'NONE', #6176, #3227, #7334, .T. ) ;
#403 = VECTOR ( 'NONE', #2284, 1000.000000000000000 ) ;
#404 = ORIENTED_EDGE ( 'NONE', *, *, #235, .T. ) ;
#405 = CARTESIAN_POINT ( 'NONE',  ( 22.99999999999998934, 6.899999999999999467, -5.319818659662202638E-15 ) ) ;
#406 = CARTESIAN_POINT ( 'NONE',  ( -2.500000000000179412, 25.99999999999998579, 31.25000000000000000 ) ) ;
#407 = EDGE_LOOP ( 'NONE', ( #6465, #5450 ) ) ;
#408 = DIRECTION ( 'NONE',  ( 0.000000000000000000, -0.000000000000000000, 1.000000000000000000 ) ) ;
#409 = AXIS2_PLACEMENT_3D ( 'NONE', #3920, #3152, #4607 ) ;
#410 = DIRECTION ( 'NONE',  ( 6.987186840583977580E-15, -1.000000000000000000, -0.000000000000000000 ) ) ;
#411 = DIRECTION ( 'NONE',  ( 0.000000000000000000, 0.000000000000000000, -1.000000000000000000 ) ) ;
#412 = VERTEX_POINT ( 'NONE', #3612 ) ;
#413 = VERTEX_POINT ( 'NONE', #5114 ) ;
#414 = LINE ( 'NONE', #3372, #3098 ) ;
#415 = AXIS2_PLACEMENT_3D ( 'NONE', #3779, #6093, #9036 ) ;
#416 = PLANE ( 'NONE',  #6572 ) ;
#417 = VERTEX_POINT ( 'NONE', #9511 ) ;
#418 = EDGE_CURVE ( 'NONE', #8176, #3997, #672, .T. ) ;
#419 = AXIS2_PLACEMENT_3D ( 'NONE', #4737, #9333, #8405 ) ;
#420 = DIRECTION ( 'NONE',  ( -0.000000000000000000, 1.000000000000000000, -0.000000000000000000 ) ) ;
#421 = VECTOR ( 'NONE', #6842, 1000.000000000000000 ) ;
#422 = ORIENTED_EDGE ( 'NONE', *, *, #4873, .F. ) ;
#423 = CARTESIAN_POINT ( 'NONE',  ( 60.00000000000000000, 3.000000000000000000, -4.500000000000018652 ) ) ;
#424 = ORIENTED_EDGE ( 'NONE', *, *, #2321, .F. ) ;
#425 = VECTOR ( 'NONE', #2332, 1000.000000000000000 ) ;
#426 = AXIS2_PLACEMENT_3D ( 'NONE', #814, #4392, #6653 ) ;
#427 = AXIS2_PLACEMENT_3D ( 'NONE', #7370, #3601, #2206 ) ;
#428 = DIRECTION ( 'NONE',  ( 6.982962677686266711E-15, -1.000000000000000000, 0.000000000000000000 ) ) ;
#429 = AXIS2_PLACEMENT_3D ( 'NONE', #7625, #3325, #5497 ) ;
#430 = ORIENTED_EDGE ( 'NONE', *, *, #6134, .F. ) ;
#431 = CARTESIAN_POINT ( 'NONE',  ( -5.079608877309087056, 31.37318878770112818, -31.97839629352990087 ) ) ;
#432 = VECTOR ( 'NONE', #1432, 1000.000000000000000 ) ;
#433 = DIRECTION ( 'NONE',  ( 0.000000000000000000, 0.000000000000000000, 1.000000000000000000 ) ) ;
#434 = LINE ( 'NONE', #4789, #8905 ) ;
#435 = ORIENTED_EDGE ( 'NONE', *, *, #927, .F. ) ;
#436 = DIRECTION ( 'NONE',  ( 0.000000000000000000, 0.000000000000000000, -1.000000000000000000 ) ) ;
#437 = PLANE ( 'NONE',  #3106 ) ;
#438 = ORIENTED_EDGE ( 'NONE', *, *, #8464, .T. ) ;
#439 = EDGE_CURVE ( 'NONE', #4871, #5498, #4598, .T. ) ;
#440 = CARTESIAN_POINT ( 'NONE',  ( 60.00000000000000000, -31.00000000000000000, 60.00000000000000000 ) ) ;
#441 = VERTEX_POINT ( 'NONE', #7386 ) ;
#442 = VECTOR ( 'NONE', #5273, 1000.000000000000000 ) ;
#443 = ORIENTED_EDGE ( 'NONE', *, *, #5334, .T. ) ;
#444 = LINE ( 'NONE', #3399, #9038 ) ;
#445 = DIRECTION ( 'NONE',  ( 6.982962677686266711E-15, -1.000000000000000000, 0.000000000000000000 ) ) ;
#446 = EDGE_CURVE ( 'NONE', #4606, #5800, #7068, .T. ) ;
#447 = LINE ( 'NONE', #7021, #1318 ) ;
#448 = FACE_OUTER_BOUND ( 'NONE', #318, .T. ) ;
#449 = DIRECTION ( 'NONE',  ( 1.000000000000000000, 6.938893903907228378E-15, 0.000000000000000000 ) ) ;
#450 = ORIENTED_EDGE ( 'NONE', *, *, #2367, .T. ) ;
#451 = CARTESIAN_POINT ( 'NONE',  ( 5.099999999999799805, 31.39463772249581552, 32.50000000000000000 ) ) ;
#452 = FACE_OUTER_BOUND ( 'NONE', #5454, .T. ) ;
#453 = CIRCLE ( 'NONE', #3528, 1.749999999999996891 ) ;
#454 = EDGE_LOOP ( 'NONE', ( #6470, #592, #5489, #2668, #4627 ) ) ;
#455 = CIRCLE ( 'NONE', #5096, 1.700000000000000178 ) ;
#456 = CARTESIAN_POINT ( 'NONE',  ( 6.196528862359562112E-14, 24.00000000000000355, 0.000000000000000000 ) ) ;
#457 = CYLINDRICAL_SURFACE ( 'NONE', #2754, 14.59666057699498332 ) ;
#458 = ORIENTED_EDGE ( 'NONE', *, *, #2061, .T. ) ;
#459 = CARTESIAN_POINT ( 'NONE',  ( 11.29999999999961346, 24.50000000000008171, -32.50000000000000000 ) ) ;
#460 = AXIS2_PLACEMENT_3D ( 'NONE', #1191, #5398, #6365 ) ;
#461 = CARTESIAN_POINT ( 'NONE',  ( 8.100000000000292744, 28.59999999999991971, -31.00000000000000000 ) ) ;
#462 = CARTESIAN_POINT ( 'NONE',  ( -73.14687499999999432, 4.000000000000000000, -4.812450283834104781 ) ) ;
#463 = ADVANCED_FACE ( 'NONE', ( #9562 ), #5068, .F. ) ;
#464 = VERTEX_POINT ( 'NONE', #3711 ) ;
#465 = ORIENTED_EDGE ( 'NONE', *, *, #764, .T. ) ;
#466 = CARTESIAN_POINT ( 'NONE',  ( 60.00000000000000000, 4.000000000000000000, 8.250000000000088818 ) ) ;
#467 = AXIS2_PLACEMENT_3D ( 'NONE', #7147, #5016, #709 ) ;
#468 = DIRECTION ( 'NONE',  ( 0.000000000000000000, -0.000000000000000000, 1.000000000000000000 ) ) ;
#469 = EDGE_LOOP ( 'NONE', ( #105, #2944, #6705, #9335 ) ) ;
#470 = CARTESIAN_POINT ( 'NONE',  ( -58.45845530899372022, -14.21836078075972765, 5.458336687846990998 ) ) ;
#471 = AXIS2_PLACEMENT_3D ( 'NONE', #5133, #8082, #1457 ) ;
#472 = ORIENTED_EDGE ( 'NONE', *, *, #3546, .T. ) ;
#473 = CYLINDRICAL_SURFACE ( 'NONE', #6447, 11.29999999999977689 ) ;
#474 = VERTEX_POINT ( 'NONE', #8019 ) ;
#475 = PLANE ( 'NONE',  #5400 ) ;
#476 = ADVANCED_FACE ( 'NONE', ( #36 ), #2169, .F. ) ;
#477 = EDGE_CURVE ( 'NONE', #2802, #3248, #8840, .T. ) ;
#478 = ORIENTED_EDGE ( 'NONE', *, *, #7483, .F. ) ;
#479 = AXIS2_PLACEMENT_3D ( 'NONE', #8041, #3547, #6438 ) ;
#480 = CARTESIAN_POINT ( 'NONE',  ( 24.99999999999999289, 3.000000000000000000, 19.00000000000000000 ) ) ;
#481 = DIRECTION ( 'NONE',  ( 6.982962677686266711E-15, -1.000000000000000000, 0.000000000000000000 ) ) ;
#482 = LINE ( 'NONE', #7886, #1578 ) ;
#483 = ORIENTED_EDGE ( 'NONE', *, *, #568, .F. ) ;
#484 = EDGE_LOOP ( 'NONE', ( #4684, #3726, #4003, #289 ) ) ;
#485 = CARTESIAN_POINT ( 'NONE',  ( 23.00000000000000000, 6.899999999999999467, 49.20000000000001705 ) ) ;
#486 = VECTOR ( 'NONE', #4840, 1000.000000000000000 ) ;
#487 = CARTESIAN_POINT ( 'NONE',  ( 60.00000000000022737, 4.232725281383409310E-13, 0.000000000000000000 ) ) ;
#488 = ORIENTED_EDGE ( 'NONE', *, *, #211, .F. ) ;
#489 = ADVANCED_FACE ( 'NONE', ( #1537 ), #8936, .T. ) ;
#490 = CARTESIAN_POINT ( 'NONE',  ( -5.100000000000195932, 31.39463772249623830, -32.50000000000000000 ) ) ;
#491 = ORIENTED_EDGE ( 'NONE', *, *, #2059, .T. ) ;
#492 = ORIENTED_EDGE ( 'NONE', *, *, #8648, .F. ) ;
#493 = AXIS2_PLACEMENT_3D ( 'NONE', #9460, #7961, #4332 ) ;
#494 = LINE ( 'NONE', #7169, #6722 ) ;
#495 = LINE ( 'NONE', #350, #8955 ) ;
#496 = B_SPLINE_CURVE_WITH_KNOTS ( 'NONE', 3,
 ( #770, #85, #3035, #3810 ),
 .UNSPECIFIED., .F., .F.,
 ( 4, 4 ),
 ( 0.000000000000000000, 0.0002107570737694531942 ),
 .UNSPECIFIED. ) ;
#497 = CARTESIAN_POINT ( 'NONE',  ( -69.99999999999975842, -4.857225732735059864E-13, -1.713039432527097006E-14 ) ) ;
#498 = DIRECTION ( 'NONE',  ( -0.000000000000000000, 1.000000000000000000, -0.000000000000000000 ) ) ;
#499 = CARTESIAN_POINT ( 'NONE',  ( -2.793185071074506684E-13, 43.00000000000000000, -32.50000000000000000 ) ) ;
#500 = VERTEX_POINT ( 'NONE', #4339 ) ;
#501 = CARTESIAN_POINT ( 'NONE',  ( -8.100000000000289191, 28.59999999999991616, -34.00000000000000000 ) ) ;
#502 = ADVANCED_FACE ( 'NONE', ( #5161 ), #4438, .T. ) ;
#503 = DIRECTION ( 'NONE',  ( -0.000000000000000000, -1.000000000000000000, 0.000000000000000000 ) ) ;
#504 = ORIENTED_EDGE ( 'NONE', *, *, #3321, .T. ) ;
#505 = DIRECTION ( 'NONE',  ( -6.982962677686266711E-15, 1.000000000000000000, -0.000000000000000000 ) ) ;
#506 = CARTESIAN_POINT ( 'NONE',  ( -2.500000000000169198, 24.49999999999998224, -33.75000000000000000 ) ) ;
#507 = ORIENTED_EDGE ( 'NONE', *, *, #3526, .F. ) ;
#508 = EDGE_CURVE ( 'NONE', #6379, #4148, #3029, .T. ) ;
#509 = DIRECTION ( 'NONE',  ( -6.982962677686265922E-15, 1.000000000000000000, -0.000000000000000000 ) ) ;
#510 = ADVANCED_FACE ( 'NONE', ( #2314 ), #8208, .T. ) ;
#511 = FACE_BOUND ( 'NONE', #3224, .T. ) ;
#512 = DIRECTION ( 'NONE',  ( -6.982962677686266711E-15, 1.000000000000000000, 0.000000000000000000 ) ) ;
#513 = ORIENTED_EDGE ( 'NONE', *, *, #8049, .T. ) ;
#514 = ORIENTED_EDGE ( 'NONE', *, *, #2367, .F. ) ;
#515 = CARTESIAN_POINT ( 'NONE',  ( -25.20000000000012363, 9.900000000000000355, 49.20000000000001705 ) ) ;
#516 = LINE ( 'NONE', #6412, #8747 ) ;
#517 = ORIENTED_EDGE ( 'NONE', *, *, #7266, .T. ) ;
#518 = CARTESIAN_POINT ( 'NONE',  ( 0.000000000000000000, 0.000000000000000000, 50.40000000000001279 ) ) ;
#519 = VERTEX_POINT ( 'NONE', #219 ) ;
#520 = PLANE ( 'NONE',  #2290 ) ;
#521 = VERTEX_POINT ( 'NONE', #856 ) ;
#522 = CARTESIAN_POINT ( 'NONE',  ( -68.95114145132532713, -4.787836793695987581E-13, 10.76462106710500599 ) ) ;
#523 = ORIENTED_EDGE ( 'NONE', *, *, #6505, .F. ) ;
#524 = EDGE_CURVE ( 'NONE', #3424, #4019, #7130, .T. ) ;
#525 = EDGE_CURVE ( 'NONE', #4264, #1746, #1728, .T. ) ;
#526 = DIRECTION ( 'NONE',  ( -0.000000000000000000, -0.000000000000000000, -1.000000000000000000 ) ) ;
#527 = DIRECTION ( 'NONE',  ( 0.000000000000000000, 0.000000000000000000, -1.000000000000000000 ) ) ;
#528 = ORIENTED_EDGE ( 'NONE', *, *, #331, .F. ) ;
#529 = EDGE_CURVE ( 'NONE', #222, #1493, #952, .T. ) ;
#530 = VERTEX_POINT ( 'NONE', #7477 ) ;
#531 = CARTESIAN_POINT ( 'NONE',  ( -59.99999999999977263, 2.999999999999583000, -8.249999999999978684 ) ) ;
#532 = EDGE_CURVE ( 'NONE', #6468, #2460, #4196, .T. ) ;
#533 = DIRECTION ( 'NONE',  ( 1.734723475976805517E-15, 0.000000000000000000, -1.000000000000000000 ) ) ;
#534 = ORIENTED_EDGE ( 'NONE', *, *, #1639, .F. ) ;
#535 = FACE_OUTER_BOUND ( 'NONE', #8886, .T. ) ;
#536 = ORIENTED_EDGE ( 'NONE', *, *, #1260, .T. ) ;
#537 = ORIENTED_EDGE ( 'NONE', *, *, #6336, .T. ) ;
#538 = CIRCLE ( 'NONE', #7187, 14.00000000000000178 ) ;
#539 = FACE_OUTER_BOUND ( 'NONE', #7678, .T. ) ;
#540 = CARTESIAN_POINT ( 'NONE',  ( 55.86932208953565038, 3.920475055707584033E-13, -14.00000000000000533 ) ) ;
#541 = EDGE_CURVE ( 'NONE', #5078, #4475, #6943, .T. ) ;
#542 = DIRECTION ( 'NONE',  ( -6.987186840583977580E-15, 1.000000000000000000, 0.000000000000000000 ) ) ;
#543 = CARTESIAN_POINT ( 'NONE',  ( -2.793185071074506684E-13, 43.00000000000000000, 32.50000000000000000 ) ) ;
#544 = VECTOR ( 'NONE', #1858, 1000.000000000000000 ) ;
#545 = ORIENTED_EDGE ( 'NONE', *, *, #4671, .F. ) ;
#546 = PLANE ( 'NONE',  #280 ) ;
#547 = VECTOR ( 'NONE', #4522, 1000.000000000000000 ) ;
#548 = ORIENTED_EDGE ( 'NONE', *, *, #928, .F. ) ;
#549 = CARTESIAN_POINT ( 'NONE',  ( 4.946254223730201183, 31.22248506980701066, 31.23342370907144527 ) ) ;
#550 = EDGE_CURVE ( 'NONE', #141, #2745, #5421, .T. ) ;
#551 = DIRECTION ( 'NONE',  ( -6.982962677686265922E-15, 1.000000000000000000, 0.000000000000000000 ) ) ;
#552 = ORIENTED_EDGE ( 'NONE', *, *, #2906, .T. ) ;
#553 = DIRECTION ( 'NONE',  ( -6.982962677686266711E-15, 1.000000000000000000, 0.000000000000000000 ) ) ;
#554 = LINE ( 'NONE', #9409, #5220 ) ;
#555 = VERTEX_POINT ( 'NONE', #315 ) ;
#556 = DIRECTION ( 'NONE',  ( -0.000000000000000000, -1.000000000000000000, -0.000000000000000000 ) ) ;
#557 = DIRECTION ( 'NONE',  ( -6.982962677686266711E-15, 1.000000000000000000, -0.000000000000000000 ) ) ;
#558 = CARTESIAN_POINT ( 'NONE',  ( -26.00000000000002842, -1.000000000000007772, 50.40000000000001279 ) ) ;
#559 = ORIENTED_EDGE ( 'NONE', *, *, #4385, .F. ) ;
#560 = ORIENTED_EDGE ( 'NONE', *, *, #4530, .F. ) ;
#561 = AXIS2_PLACEMENT_3D ( 'NONE', #4098, #9217, #8549 ) ;
#562 = DIRECTION ( 'NONE',  ( -0.000000000000000000, 1.000000000000000000, -0.000000000000000000 ) ) ;
#563 = ADVANCED_FACE ( 'NONE', ( #2491 ), #9162, .F. ) ;
#564 = VECTOR ( 'NONE', #9181, 1000.000000000000000 ) ;
#565 = AXIS2_PLACEMENT_3D ( 'NONE', #7997, #9009, #7697 ) ;
#566 = LINE ( 'NONE', #1929, #9045 ) ;
#567 = ORIENTED_EDGE ( 'NONE', *, *, #6069, .F. ) ;
#568 = EDGE_CURVE ( 'NONE', #8484, #1143, #3167, .T. ) ;
#569 = CARTESIAN_POINT ( 'NONE',  ( 60.00000000000020606, 3.000000000000422329, 10.00000000000000000 ) ) ;
#570 = ORIENTED_EDGE ( 'NONE', *, *, #1216, .F. ) ;
#571 = DIRECTION ( 'NONE',  ( 1.000000000000000000, -0.000000000000000000, 0.000000000000000000 ) ) ;
#572 = ORIENTED_EDGE ( 'NONE', *, *, #3223, .F. ) ;
#573 = AXIS2_PLACEMENT_3D ( 'NONE', #3730, #8901, #8128 ) ;
#574 = DIRECTION ( 'NONE',  ( -0.000000000000000000, 1.000000000000000000, -0.000000000000000000 ) ) ;
#575 = ORIENTED_EDGE ( 'NONE', *, *, #6928, .T. ) ;
#576 = VECTOR ( 'NONE', #6674, 1000.000000000000000 ) ;
#577 = CARTESIAN_POINT ( 'NONE',  ( -26.00000000000002842, 10.70000000000000107, 50.40000000000001279 ) ) ;
#578 = DIRECTION ( 'NONE',  ( 0.000000000000000000, 0.000000000000000000, -1.000000000000000000 ) ) ;
#579 = VERTEX_POINT ( 'NONE', #2361 ) ;
#580 = AXIS2_PLACEMENT_3D ( 'NONE', #4062, #6376, #7008 ) ;
#581 = ORIENTED_EDGE ( 'NONE', *, *, #2903, .F. ) ;
#582 = CARTESIAN_POINT ( 'NONE',  ( -6.502183067439429642, -4.163336342344337027E-14, 13.99999999999998757 ) ) ;
#583 = EDGE_CURVE ( 'NONE', #6387, #2730, #9127, .T. ) ;
#584 = EDGE_CURVE ( 'NONE', #2460, #6468, #8447, .T. ) ;
#585 = AXIS2_PLACEMENT_3D ( 'NONE', #8601, #2122, #7337 ) ;
#586 = DIRECTION ( 'NONE',  ( -6.982962677686266711E-15, 1.000000000000000000, -0.000000000000000000 ) ) ;
#587 = EDGE_LOOP ( 'NONE', ( #6635, #2427, #918, #4745 ) ) ;
#588 = CIRCLE ( 'NONE', #3824, 5.749999999999963585 ) ;
#589 = AXIS2_PLACEMENT_3D ( 'NONE', #2068, #8728, #2876 ) ;
#590 = AXIS2_PLACEMENT_3D ( 'NONE', #5390, #8335, #261 ) ;
#591 = DIRECTION ( 'NONE',  ( -1.000000000000000000, 0.000000000000000000, 0.000000000000000000 ) ) ;
#592 = ORIENTED_EDGE ( 'NONE', *, *, #1687, .T. ) ;
#593 = CARTESIAN_POINT ( 'NONE',  ( -69.99999999999998579, 4.000000000000000000, -1.749999999999996891 ) ) ;
#594 = DIRECTION ( 'NONE',  ( 6.982962677686266711E-15, -1.000000000000000000, 0.000000000000000000 ) ) ;
#595 = VECTOR ( 'NONE', #3764, 1000.000000000000000 ) ;
#596 = DIRECTION ( 'NONE',  ( 0.4512872425049602176, 3.151321971328088491E-15, -0.8923787451257841896 ) ) ;
#597 = EDGE_LOOP ( 'NONE', ( #939, #8200 ) ) ;
#598 = CARTESIAN_POINT ( 'NONE',  ( 0.000000000000000000, 3.500000000000001332, 0.000000000000000000 ) ) ;
#599 = ORIENTED_EDGE ( 'NONE', *, *, #9470, .F. ) ;
#600 = CARTESIAN_POINT ( 'NONE',  ( 69.35795024560597710, 3.000000000000488498, 10.97034943076253555 ) ) ;
#601 = AXIS2_PLACEMENT_3D ( 'NONE', #4651, #7598, #979 ) ;
#602 = EDGE_CURVE ( 'NONE', #1711, #3657, #8255, .T. ) ;
#603 = VERTEX_POINT ( 'NONE', #4535 ) ;
#604 = CARTESIAN_POINT ( 'NONE',  ( -11.29999999999994031, 24.49999999999992184, 32.50000000000000000 ) ) ;
#605 = DIRECTION ( 'NONE',  ( 0.000000000000000000, 0.000000000000000000, 1.000000000000000000 ) ) ;
#606 = VERTEX_POINT ( 'NONE', #6211 ) ;
#607 = CARTESIAN_POINT ( 'NONE',  ( 4.893962094455816647, 26.04415907812616737, -33.93650559752279605 ) ) ;
#608 = DIRECTION ( 'NONE',  ( 0.000000000000000000, 0.000000000000000000, 1.000000000000000000 ) ) ;
#609 = DIRECTION ( 'NONE',  ( 0.000000000000000000, -1.000000000000000000, -7.888609052210118054E-31 ) ) ;
#610 = AXIS2_PLACEMENT_3D ( 'NONE', #3817, #4000, #2601 ) ;
#611 = ORIENTED_EDGE ( 'NONE', *, *, #1097, .T. ) ;
#612 = ORIENTED_EDGE ( 'NONE', *, *, #3443, .F. ) ;
#613 = DIRECTION ( 'NONE',  ( -1.000000000000000000, -6.938893903907228378E-15, -0.000000000000000000 ) ) ;
#614 = VECTOR ( 'NONE', #3450, 1000.000000000000114 ) ;
#615 = ADVANCED_FACE ( 'NONE', ( #4714 ), #909, .F. ) ;
#616 = CARTESIAN_POINT ( 'NONE',  ( 6.400000000000293454, 28.59999999999991971, 32.50000000000000000 ) ) ;
#617 = VERTEX_POINT ( 'NONE', #6890 ) ;
#618 = DIRECTION ( 'NONE',  ( 6.982962677686266711E-15, -1.000000000000000000, 0.000000000000000000 ) ) ;
#619 = LINE ( 'NONE', #3659, #6752 ) ;
#620 = EDGE_CURVE ( 'NONE', #1308, #1792, #6070, .T. ) ;
#621 = VERTEX_POINT ( 'NONE', #2400 ) ;
#622 = DIRECTION ( 'NONE',  ( -1.000000000000000000, -6.982962677686266711E-15, -6.209932073980663753E-17 ) ) ;
#623 = ORIENTED_EDGE ( 'NONE', *, *, #9126, .T. ) ;
#624 = VECTOR ( 'NONE', #8448, 1000.000000000000000 ) ;
#625 = DIRECTION ( 'NONE',  ( 0.000000000000000000, 0.000000000000000000, -1.000000000000000000 ) ) ;
#626 = EDGE_CURVE ( 'NONE', #4307, #6793, #1437, .T. ) ;
#627 = ORIENTED_EDGE ( 'NONE', *, *, #5076, .F. ) ;
#628 = LINE ( 'NONE', #3579, #2813 ) ;
#629 = CYLINDRICAL_SURFACE ( 'NONE', #2195, 4.500000000000004441 ) ;
#630 = CIRCLE ( 'NONE', #7568, 5.749999999999963585 ) ;
#631 = ORIENTED_EDGE ( 'NONE', *, *, #6581, .T. ) ;
#632 = ADVANCED_FACE ( 'NONE', ( #9066, #2445 ), #5393, .T. ) ;
#633 = EDGE_CURVE ( 'NONE', #9166, #464, #9466, .T. ) ;
#634 = ORIENTED_EDGE ( 'NONE', *, *, #4474, .T. ) ;
#635 = CARTESIAN_POINT ( 'NONE',  ( 58.45845530899437392, -14.21836078075890875, 5.458336687847006097 ) ) ;
#636 = CARTESIAN_POINT ( 'NONE',  ( -2.500000000000169198, 24.49999999999998224, 31.25000000000000000 ) ) ;
#637 = ORIENTED_EDGE ( 'NONE', *, *, #8357, .F. ) ;
#638 = CIRCLE ( 'NONE', #2485, 1.749999999999895639 ) ;
#639 = EDGE_CURVE ( 'NONE', #606, #222, #8542, .T. ) ;
#640 = MECHANICAL_DESIGN_GEOMETRIC_PRESENTATION_REPRESENTATION (  '', ( #1095 ), #5116 ) ;
#641 = CARTESIAN_POINT ( 'NONE',  ( -60.00000000000000000, 26.00000000000000355, 0.7499999999999986677 ) ) ;
#642 = VERTEX_POINT ( 'NONE', #2691 ) ;
#643 = DIRECTION ( 'NONE',  ( 0.000000000000000000, 0.000000000000000000, 1.000000000000000000 ) ) ;
#644 = LINE ( 'NONE', #3632, #2164 ) ;
#645 = EDGE_CURVE ( 'NONE', #5997, #4675, #1971, .T. ) ;
#646 = AXIS2_PLACEMENT_3D ( 'NONE', #5268, #6710, #8427 ) ;
#647 = CIRCLE ( 'NONE', #7745, 4.099999999999997868 ) ;
#648 = CARTESIAN_POINT ( 'NONE',  ( 15.00000000000021139, 3.000000000000106581, 49.00000000000002132 ) ) ;
#649 = ORIENTED_EDGE ( 'NONE', *, *, #6621, .T. ) ;
#650 = DIRECTION ( 'NONE',  ( -6.982962677686266711E-15, 1.000000000000000000, 0.000000000000000000 ) ) ;
#651 = ORIENTED_EDGE ( 'NONE', *, *, #9497, .T. ) ;
#652 = DIRECTION ( 'NONE',  ( 6.987186840583977580E-15, -1.000000000000000000, -0.000000000000000000 ) ) ;
#653 = AXIS2_PLACEMENT_3D ( 'NONE', #3914, #6866, #4553 ) ;
#654 = VECTOR ( 'NONE', #5919, 1000.000000000000000 ) ;
#655 = ORIENTED_EDGE ( 'NONE', *, *, #639, .T. ) ;
#656 = CARTESIAN_POINT ( 'NONE',  ( -1.816668578551834344E-13, 26.00000000000000355, 32.50000000000000000 ) ) ;
#657 = CARTESIAN_POINT ( 'NONE',  ( -6.502183067440221009, 113.0181803158005209, 19.00000000000001421 ) ) ;
#658 = EDGE_CURVE ( 'NONE', #3791, #4019, #4040, .T. ) ;
#659 = CARTESIAN_POINT ( 'NONE',  ( 0.000000000000000000, -20.99999999999999645, 0.000000000000000000 ) ) ;
#660 = LINE ( 'NONE', #8829, #9236 ) ;
#661 = CARTESIAN_POINT ( 'NONE',  ( 0.000000000000000000, -31.00000000000000000, 0.000000000000000000 ) ) ;
#662 = EDGE_CURVE ( 'NONE', #6874, #7039, #4190, .T. ) ;
#663 = PRODUCT ( 'Modelado de drone', 'Modelado de drone', '', ( #2766 ) ) ;
#664 = ORIENTED_EDGE ( 'NONE', *, *, #9341, .T. ) ;
#665 = ORIENTED_EDGE ( 'NONE', *, *, #6068, .F. ) ;
#666 = EDGE_CURVE ( 'NONE', #221, #2802, #1123, .T. ) ;
#667 = FACE_OUTER_BOUND ( 'NONE', #2184, .T. ) ;
#668 = AXIS2_PLACEMENT_3D ( 'NONE', #4864, #1185, #3509 ) ;
#669 = DIRECTION ( 'NONE',  ( -1.000000000000000000, -7.080503983578805401E-15, 0.000000000000000000 ) ) ;
#670 = CARTESIAN_POINT ( 'NONE',  ( -60.00000000000000000, 3.000000000000000000, 0.000000000000000000 ) ) ;
#671 = ORIENTED_EDGE ( 'NONE', *, *, #4844, .T. ) ;
#672 = LINE ( 'NONE', #6555, #7532 ) ;
#673 = CARTESIAN_POINT ( 'NONE',  ( -3.600000000000157740, 25.99999999999997868, -32.50000000000000000 ) ) ;
#674 = ORIENTED_EDGE ( 'NONE', *, *, #4134, .T. ) ;
#675 = FACE_OUTER_BOUND ( 'NONE', #3478, .T. ) ;
#676 = VERTEX_POINT ( 'NONE', #5684 ) ;
#677 = CARTESIAN_POINT ( 'NONE',  ( 69.99999999999998579, 3.000000000000000000, 1.749999999999979572 ) ) ;
#678 = ORIENTED_EDGE ( 'NONE', *, *, #3215, .T. ) ;
#679 = DIRECTION ( 'NONE',  ( 6.987186840583977580E-15, -1.000000000000000000, 7.888609052210118054E-31 ) ) ;
#680 = FACE_BOUND ( 'NONE', #9047, .T. ) ;
#681 = CARTESIAN_POINT ( 'NONE',  ( 2.086075048550072347E-13, 3.000000000000002665, 9.600000000000001421 ) ) ;
#682 = EDGE_CURVE ( 'NONE', #3686, #9, #5603, .T. ) ;
#683 = ORIENTED_EDGE ( 'NONE', *, *, #8863, .F. ) ;
#684 = CARTESIAN_POINT ( 'NONE',  ( -4.874423042781769411, 31.13093921164860944, 34.00000000000000000 ) ) ;
#685 = CARTESIAN_POINT ( 'NONE',  ( -69.99999999999998579, 4.000000000000000000, 1.749999999999996891 ) ) ;
#686 = ORIENTED_EDGE ( 'NONE', *, *, #8299, .T. ) ;
#687 = EDGE_CURVE ( 'NONE', #4609, #722, #2642, .T. ) ;
#688 = EDGE_CURVE ( 'NONE', #6339, #4871, #2736, .T. ) ;
#689 = CARTESIAN_POINT ( 'NONE',  ( -8.100000000000289191, 28.59999999999991616, 31.00000000000000000 ) ) ;
#690 = VERTEX_POINT ( 'NONE', #9209 ) ;
#691 = CARTESIAN_POINT ( 'NONE',  ( -59.99999999999978684, 2.999999999999583000, 9.999999999999984013 ) ) ;
#692 = LINE ( 'NONE', #6577, #5968 ) ;
#693 = VERTEX_POINT ( 'NONE', #7866 ) ;
#694 = CARTESIAN_POINT ( 'NONE',  ( 73.14687499999999432, 4.000000000000000000, 4.812450283834088793 ) ) ;
#695 = ORIENTED_EDGE ( 'NONE', *, *, #6857, .F. ) ;
#696 = DIRECTION ( 'NONE',  ( -1.000000000000000000, -6.982962677686266711E-15, -0.000000000000000000 ) ) ;
#697 = ORIENTED_EDGE ( 'NONE', *, *, #3546, .F. ) ;
#698 = DIRECTION ( 'NONE',  ( 0.000000000000000000, 0.000000000000000000, 1.000000000000000000 ) ) ;
#699 = ORIENTED_EDGE ( 'NONE', *, *, #1962, .T. ) ;
#700 = PLANE ( 'NONE',  #3482 ) ;
#701 = CARTESIAN_POINT ( 'NONE',  ( 0.000000000000000000, -20.99999999999999645, 0.000000000000000000 ) ) ;
#702 = DIRECTION ( 'NONE',  ( 0.000000000000000000, 0.000000000000000000, 1.000000000000000000 ) ) ;
#703 = COLOUR_RGB ( '',0.7921568627450980005, 0.8196078431372548767, 0.9333333333333333481 ) ;
#704 = FACE_OUTER_BOUND ( 'NONE', #8389, .T. ) ;
#705 = CARTESIAN_POINT ( 'NONE',  ( -11.29999999999994031, 24.49999999999992184, -32.50000000000000000 ) ) ;
#706 = ORIENTED_EDGE ( 'NONE', *, *, #3024, .F. ) ;
#707 = ADVANCED_FACE ( 'NONE', ( #9358, #2587, #5538, #1141, #8489, #1872, #5587, #1923, #9412, #7185, #4963, #511 ), #7915, .F. ) ;
#708 = EDGE_CURVE ( 'NONE', #7260, #3635, #4836, .T. ) ;
#709 = DIRECTION ( 'NONE',  ( 0.000000000000000000, 0.000000000000000000, 1.000000000000000000 ) ) ;
#710 = CIRCLE ( 'NONE', #8584, 5.750000000000002665 ) ;
#711 = DIRECTION ( 'NONE',  ( 1.362997016838920367E-15, -0.000000000000000000, 1.000000000000000000 ) ) ;
#712 = FACE_OUTER_BOUND ( 'NONE', #1590, .T. ) ;
#713 = ORIENTED_EDGE ( 'NONE', *, *, #7900, .T. ) ;
#714 = DIRECTION ( 'NONE',  ( 0.000000000000000000, -1.000000000000000000, 0.000000000000000000 ) ) ;
#715 = LINE ( 'NONE', #5115, #5667 ) ;
#716 = AXIS2_PLACEMENT_3D ( 'NONE', #853, #8293, #3987 ) ;
#717 = ORIENTED_EDGE ( 'NONE', *, *, #4111, .F. ) ;
#718 = DIRECTION ( 'NONE',  ( -1.000000000000000000, -6.982962677686266711E-15, -6.938893903907228378E-16 ) ) ;
#719 = ORIENTED_EDGE ( 'NONE', *, *, #6326, .F. ) ;
#720 = DIRECTION ( 'NONE',  ( 0.000000000000000000, 1.000000000000000000, 0.000000000000000000 ) ) ;
#721 = CIRCLE ( 'NONE', #5038, 1.000000000000001554 ) ;
#722 = VERTEX_POINT ( 'NONE', #5633 ) ;
#723 = EDGE_CURVE ( 'NONE', #2960, #8758, #4768, .T. ) ;
#724 = AXIS2_PLACEMENT_3D ( 'NONE', #6432, #2566, #4848 ) ;
#725 = DIRECTION ( 'NONE',  ( 0.000000000000000000, 0.000000000000000000, 1.000000000000000000 ) ) ;
#726 = DIRECTION ( 'NONE',  ( 0.000000000000000000, 0.000000000000000000, 1.000000000000000000 ) ) ;
#727 = CARTESIAN_POINT ( 'NONE',  ( -2.897929511239801316E-13, 44.50000000000000711, -32.50000000000000000 ) ) ;
#728 =( NAMED_UNIT ( * ) PLANE_ANGLE_UNIT ( ) SI_UNIT ( $, .RADIAN. ) );
#729 = ORIENTED_EDGE ( 'NONE', *, *, #6882, .T. ) ;
#730 = PLANE ( 'NONE',  #6908 ) ;
#731 = CARTESIAN_POINT ( 'NONE',  ( -1.816668578551834344E-13, 26.00000000000000355, 31.00000000000000000 ) ) ;
#732 = ORIENTED_EDGE ( 'NONE', *, *, #3811, .T. ) ;
#733 = DIRECTION ( 'NONE',  ( 0.000000000000000000, 0.000000000000000000, 1.000000000000000000 ) ) ;
#734 = VECTOR ( 'NONE', #2013, 1000.000000000000000 ) ;
#735 = CARTESIAN_POINT ( 'NONE',  ( -8.100000000000289191, 28.59999999999991616, 34.00000000000000000 ) ) ;
#736 = ORIENTED_EDGE ( 'NONE', *, *, #1295, .F. ) ;
#737 = FACE_OUTER_BOUND ( 'NONE', #2471, .T. ) ;
#738 = CARTESIAN_POINT ( 'NONE',  ( 60.00000000000022027, 4.232725281383409310E-13, -10.00000000000000000 ) ) ;
#739 = ORIENTED_EDGE ( 'NONE', *, *, #1730, .T. ) ;
#740 = VECTOR ( 'NONE', #1554, 1000.000000000000000 ) ;
#741 = CARTESIAN_POINT ( 'NONE',  ( 70.00000000000022737, 4.926614671774132148E-13, 0.000000000000000000 ) ) ;
#742 = ADVANCED_FACE ( 'NONE', ( #4144 ), #3463, .T. ) ;
#743 = AXIS2_PLACEMENT_3D ( 'NONE', #316, #3082, #3992 ) ;
#744 = VERTEX_POINT ( 'NONE', #7088 ) ;
#745 = CARTESIAN_POINT ( 'NONE',  ( -8.100000000000289191, 28.59999999999991616, 32.50000000000000000 ) ) ;
#746 = ORIENTED_EDGE ( 'NONE', *, *, #2264, .F. ) ;
#747 = FACE_OUTER_BOUND ( 'NONE', #9332, .T. ) ;
#748 = VECTOR ( 'NONE', #2235, 1000.000000000000000 ) ;
#749 = AXIS2_PLACEMENT_3D ( 'NONE', #9309, #9262, #1181 ) ;
#750 = ADVANCED_FACE ( 'NONE', ( #8586 ), #1823, .T. ) ;
#751 = AXIS2_PLACEMENT_3D ( 'NONE', #3571, #6520, #4345 ) ;
#752 = ORIENTED_EDGE ( 'NONE', *, *, #5353, .T. ) ;
#753 = CARTESIAN_POINT ( 'NONE',  ( 60.00000000000000000, -33.00000000000000000, 60.00000000000000000 ) ) ;
#754 = DIRECTION ( 'NONE',  ( 0.000000000000000000, 0.000000000000000000, 1.000000000000000000 ) ) ;
#755 = CARTESIAN_POINT ( 'NONE',  ( 6.999999999999985789, 9.899999999999995026, 102.6999999999999886 ) ) ;
#756 = DIRECTION ( 'NONE',  ( -6.982962677686266711E-15, 1.000000000000000000, 0.000000000000000000 ) ) ;
#757 = CARTESIAN_POINT ( 'NONE',  ( 9.800000000000292033, 28.59999999999991971, 32.50000000000000000 ) ) ;
#758 = CIRCLE ( 'NONE', #7082, 1.699999999999999289 ) ;
#759 = ORIENTED_EDGE ( 'NONE', *, *, #3378, .T. ) ;
#760 = CARTESIAN_POINT ( 'NONE',  ( -60.00000000000000000, -33.00000000000000000, -60.00000000000000000 ) ) ;
#761 = CARTESIAN_POINT ( 'NONE',  ( -59.99999999999976552, -4.163336342344337027E-13, -10.00000000000001243 ) ) ;
#762 = DIRECTION ( 'NONE',  ( 0.01683330778632510447, 0.000000000000000000, 0.9998583098364342003 ) ) ;
#763 = ORIENTED_EDGE ( 'NONE', *, *, #2061, .F. ) ;
#764 = EDGE_CURVE ( 'NONE', #8114, #9322, #6404, .T. ) ;
#765 = DIRECTION ( 'NONE',  ( -6.987186840583977580E-15, 1.000000000000000000, -7.888609052210118054E-31 ) ) ;
#766 = DIRECTION ( 'NONE',  ( -0.000000000000000000, -1.000000000000000000, -0.000000000000000000 ) ) ;
#767 = EDGE_LOOP ( 'NONE', ( #752, #8580, #1541, #9070 ) ) ;
#768 = CARTESIAN_POINT ( 'NONE',  ( 5.002659884574840454, 31.28697279398943820, -33.52366540055933797 ) ) ;
#769 = ORIENTED_EDGE ( 'NONE', *, *, #6832, .F. ) ;
#770 = CARTESIAN_POINT ( 'NONE',  ( -4.874423042781734772, 26.06906078835126905, -34.00000000000000000 ) ) ;
#771 = CIRCLE ( 'NONE', #4938, 14.00000000000000178 ) ;
#772 = EDGE_LOOP ( 'NONE', ( #2617, #2688, #8679, #5696 ) ) ;
#773 = DIRECTION ( 'NONE',  ( 0.000000000000000000, 0.000000000000000000, 1.000000000000000000 ) ) ;
#774 = CARTESIAN_POINT ( 'NONE',  ( -59.99999999999976552, -4.163336342344337027E-13, -10.00000000000001243 ) ) ;
#775 = CARTESIAN_POINT ( 'NONE',  ( -8.100000000000289191, 28.59999999999991616, -34.00000000000000000 ) ) ;
#776 = CARTESIAN_POINT ( 'NONE',  ( 60.00000000000000000, 4.000000000000000000, -1.387778780781445676E-14 ) ) ;
#777 = AXIS2_PLACEMENT_3D ( 'NONE', #5210, #223, #8889 ) ;
#778 = ORIENTED_EDGE ( 'NONE', *, *, #9013, .F. ) ;
#779 = DIRECTION ( 'NONE',  ( 0.000000000000000000, 0.000000000000000000, 1.000000000000000000 ) ) ;
#780 = EDGE_CURVE ( 'NONE', #7726, #6110, #3373, .T. ) ;
#781 = DIRECTION ( 'NONE',  ( -1.000000000000000000, -6.987186840583977580E-15, 0.000000000000000000 ) ) ;
#782 = EDGE_LOOP ( 'NONE', ( #8092, #1930, #8687, #8600 ) ) ;
#783 = LINE ( 'NONE', #2955, #576 ) ;
#784 = AXIS2_PLACEMENT_3D ( 'NONE', #8927, #8290, #1676 ) ;
#785 = DIRECTION ( 'NONE',  ( 0.000000000000000000, 1.000000000000000000, 0.000000000000000000 ) ) ;
#786 = ORIENTED_EDGE ( 'NONE', *, *, #1540, .T. ) ;
#787 = LINE ( 'NONE', #1368, #3172 ) ;
#788 = LINE ( 'NONE', #5183, #3950 ) ;
#789 = ORIENTED_EDGE ( 'NONE', *, *, #3202, .F. ) ;
#790 = CARTESIAN_POINT ( 'NONE',  ( 12.00000000000004796, 26.00000000000008527, -1.500000000000003553 ) ) ;
#791 = ORIENTED_EDGE ( 'NONE', *, *, #6062, .T. ) ;
#792 = EDGE_CURVE ( 'NONE', #6612, #7748, #1382, .T. ) ;
#793 = DIRECTION ( 'NONE',  ( -6.982962677686266711E-15, 1.000000000000000000, 0.000000000000000000 ) ) ;
#794 = ORIENTED_EDGE ( 'NONE', *, *, #3562, .F. ) ;
#795 = DIRECTION ( 'NONE',  ( 0.000000000000000000, 0.000000000000000000, 1.000000000000000000 ) ) ;
#796 = EDGE_LOOP ( 'NONE', ( #478, #7453, #3326, #6946 ) ) ;
#797 = VECTOR ( 'NONE', #978, 1000.000000000000000 ) ;
#798 = DIRECTION ( 'NONE',  ( -2.312964634635729152E-16, 0.000000000000000000, 1.000000000000000000 ) ) ;
#799 = FACE_OUTER_BOUND ( 'NONE', #983, .T. ) ;
#800 = VECTOR ( 'NONE', #6848, 1000.000000000000000 ) ;
#801 = DIRECTION ( 'NONE',  ( 0.000000000000000000, 0.000000000000000000, 1.000000000000000000 ) ) ;
#802 = CARTESIAN_POINT ( 'NONE',  ( -6.400000000000289013, 28.59999999999991616, 32.50000000000000000 ) ) ;
#803 = EDGE_CURVE ( 'NONE', #3995, #7450, #6295, .T. ) ;
#804 = ORIENTED_EDGE ( 'NONE', *, *, #6501, .F. ) ;
#805 = AXIS2_PLACEMENT_3D ( 'NONE', #1548, #1353, #2131 ) ;
#806 = VECTOR ( 'NONE', #6402, 1000.000000000000000 ) ;
#807 = CARTESIAN_POINT ( 'NONE',  ( 70.00000000000022737, 4.926614671774132148E-13, 0.000000000000000000 ) ) ;
#808 = ADVANCED_FACE ( 'NONE', ( #704 ), #4426, .F. ) ;
#809 = EDGE_CURVE ( 'NONE', #6814, #3812, #8148, .T. ) ;
#810 = CARTESIAN_POINT ( 'NONE',  ( -5.100000000000196820, 31.39463772249624540, -32.76066172189990056 ) ) ;
#811 = LINE ( 'NONE', #1340, #2561 ) ;
#812 = ORIENTED_EDGE ( 'NONE', *, *, #2509, .T. ) ;
#813 = VECTOR ( 'NONE', #5921, 1000.000000000000000 ) ;
#814 = CARTESIAN_POINT ( 'NONE',  ( -1.606081415867841343E-13, 26.00000000000000355, 32.50000000000000000 ) ) ;
#815 = LINE ( 'NONE', #5257, #9541 ) ;
#816 = VERTEX_POINT ( 'NONE', #8102 ) ;
#817 = CARTESIAN_POINT ( 'NONE',  ( 30.00000000000000000, -33.00000000000000000, -1.000000000000001554 ) ) ;
#818 = ORIENTED_EDGE ( 'NONE', *, *, #9344, .T. ) ;
#819 = PLANE ( 'NONE',  #2935 ) ;
#820 = ORIENTED_EDGE ( 'NONE', *, *, #3857, .T. ) ;
#821 = DIRECTION ( 'NONE',  ( 6.982962677686266711E-15, -1.000000000000000000, 0.000000000000000000 ) ) ;
#822 = FACE_OUTER_BOUND ( 'NONE', #9081, .T. ) ;
#823 = CARTESIAN_POINT ( 'NONE',  ( -11.29999999999993854, 24.48999999999976396, 32.50000000000000000 ) ) ;
#824 = DIRECTION ( 'NONE',  ( -0.000000000000000000, -1.000000000000000000, -0.000000000000000000 ) ) ;
#825 = ORIENTED_EDGE ( 'NONE', *, *, #1866, .T. ) ;
#826 = LINE ( 'NONE', #1605, #1350 ) ;
#827 = LINE ( 'NONE', #3777, #5269 ) ;
#828 = EDGE_LOOP ( 'NONE', ( #9282, #8806 ) ) ;
#829 = EDGE_CURVE ( 'NONE', #9119, #8803, #3558, .T. ) ;
#830 = CARTESIAN_POINT ( 'NONE',  ( 59.00000000000022737, 4.163336342344337027E-13, -5.000000000000000000 ) ) ;
#831 = ADVANCED_FACE ( 'NONE', ( #6546 ), #1330, .T. ) ;
#832 = CARTESIAN_POINT ( 'NONE',  ( 25.99999999999998934, 10.70000000000000107, 50.40000000000001279 ) ) ;
#833 = ORIENTED_EDGE ( 'NONE', *, *, #4749, .T. ) ;
#834 = CARTESIAN_POINT ( 'NONE',  ( -1.816668578551834344E-13, 26.00000000000000355, -34.00000000000000000 ) ) ;
#835 = LINE ( 'NONE', #6725, #1959 ) ;
#836 = VERTEX_POINT ( 'NONE', #6642 ) ;
#837 = CARTESIAN_POINT ( 'NONE',  ( -4.893962094456039580, 26.04415907812588316, -31.06349440247688420 ) ) ;
#838 = CARTESIAN_POINT ( 'NONE',  ( 73.14687499999999432, 4.000000000000000000, 4.812450283834088793 ) ) ;
#839 = VERTEX_POINT ( 'NONE', #9459 ) ;
#840 = PLANE ( 'NONE',  #565 ) ;
#841 = VERTEX_POINT ( 'NONE', #4281 ) ;
#842 = EDGE_CURVE ( 'NONE', #7485, #6652, #5825, .T. ) ;
#843 = FACE_BOUND ( 'NONE', #8367, .T. ) ;
#844 = DIRECTION ( 'NONE',  ( 0.000000000000000000, 0.000000000000000000, 1.000000000000000000 ) ) ;
#845 = CARTESIAN_POINT ( 'NONE',  ( -6.400000000000289013, 28.59999999999991616, 31.00000000000000000 ) ) ;
#846 = APPLICATION_CONTEXT ( 'automotive_design' ) ;
#847 = CARTESIAN_POINT ( 'NONE',  ( -5.100000000000276756, 42.99999999999997158, -32.50000000000000000 ) ) ;
#848 = CARTESIAN_POINT ( 'NONE',  ( 60.00000000000000000, 4.000000000000000000, 11.74999999999988098 ) ) ;
#849 = ADVANCED_FACE ( 'NONE', ( #6693 ), #3648, .F. ) ;
#850 = EDGE_LOOP ( 'NONE', ( #3988, #6758, #1644 ) ) ;
#851 = CARTESIAN_POINT ( 'NONE',  ( 0.9999999999997210010, 43.00000000000000711, 32.50000000000000000 ) ) ;
#852 = CARTESIAN_POINT ( 'NONE',  ( -4.874423042781769411, 31.13093921164860944, -34.00000000000000000 ) ) ;
#853 = CARTESIAN_POINT ( 'NONE',  ( -25.00000000000056133, 113.0181803158003788, 29.00000000000001066 ) ) ;
#854 = ORIENTED_EDGE ( 'NONE', *, *, #1033, .F. ) ;
#855 = AXIS2_PLACEMENT_3D ( 'NONE', #8368, #4700, #3972 ) ;
#856 = CARTESIAN_POINT ( 'NONE',  ( -55.86932208953523826, -3.885780586188047891E-13, -14.00000000000001243 ) ) ;
#857 = CARTESIAN_POINT ( 'NONE',  ( 13.00000000000021316, 3.000000000000092815, 25.50000000000000355 ) ) ;
#858 = ORIENTED_EDGE ( 'NONE', *, *, #9043, .T. ) ;
#859 = PLANE ( 'NONE',  #9405 ) ;
#860 = ORIENTED_EDGE ( 'NONE', *, *, #6948, .T. ) ;
#861 = VECTOR ( 'NONE', #8123, 1000.000000000000000 ) ;
#862 = EDGE_CURVE ( 'NONE', #3046, #676, #8777, .T. ) ;
#863 = DIRECTION ( 'NONE',  ( 6.982962677686266711E-15, -1.000000000000000000, 0.000000000000000000 ) ) ;
#864 = CIRCLE ( 'NONE', #5335, 5.750000000000105693 ) ;
#865 = ORIENTED_EDGE ( 'NONE', *, *, #1281, .F. ) ;
#866 = EDGE_CURVE ( 'NONE', #5713, #4467, #4479, .T. ) ;
#867 = ORIENTED_EDGE ( 'NONE', *, *, #3701, .T. ) ;
#868 = CARTESIAN_POINT ( 'NONE',  ( -15.00000000000055955, 113.0181803158004641, -49.00000000000001421 ) ) ;
#869 = ORIENTED_EDGE ( 'NONE', *, *, #7405, .F. ) ;
#870 = CIRCLE ( 'NONE', #8745, 1.749999999999996891 ) ;
#871 = CARTESIAN_POINT ( 'NONE',  ( 61.00000000000020606, 3.000000000000429434, -5.000000000000000000 ) ) ;
#872 = DIRECTION ( 'NONE',  ( -6.982962677686266711E-15, 1.000000000000000000, -0.000000000000000000 ) ) ;
#873 = VERTEX_POINT ( 'NONE', #4383 ) ;
#874 = CARTESIAN_POINT ( 'NONE',  ( -25.19999999999998153, 3.000000000000000000, 18.99999999999991118 ) ) ;
#875 = CIRCLE ( 'NONE', #7978, 4.500000000000004441 ) ;
#876 = DIRECTION ( 'NONE',  ( 1.000000000000000000, 6.982962677686266711E-15, 0.000000000000000000 ) ) ;
#877 = AXIS2_PLACEMENT_3D ( 'NONE', #6922, #4559, #2342 ) ;
#878 = DIRECTION ( 'NONE',  ( 1.734723475976805517E-15, 0.000000000000000000, -1.000000000000000000 ) ) ;
#879 = DIRECTION ( 'NONE',  ( 0.000000000000000000, 0.000000000000000000, 1.000000000000000000 ) ) ;
#880 = ORIENTED_EDGE ( 'NONE', *, *, #2755, .F. ) ;
#881 = EDGE_CURVE ( 'NONE', #4591, #6955, #2595, .T. ) ;
#882 = CYLINDRICAL_SURFACE ( 'NONE', #7548, 4.100000000000001421 ) ;
#883 = DIRECTION ( 'NONE',  ( 0.000000000000000000, 0.000000000000000000, 1.000000000000000000 ) ) ;
#884 = EDGE_LOOP ( 'NONE', ( #8257, #6148, #2857, #3262 ) ) ;
#885 = CARTESIAN_POINT ( 'NONE',  ( -1.606081415867841343E-13, 26.00000000000000355, 32.50000000000000000 ) ) ;
#886 = CIRCLE ( 'NONE', #2124, 1.000000000000001554 ) ;
#887 = ORIENTED_EDGE ( 'NONE', *, *, #5389, .T. ) ;
#888 = CARTESIAN_POINT ( 'NONE',  ( -12.20000000000028706, 28.59999999999991616, 34.00000000000000000 ) ) ;
#889 = DIRECTION ( 'NONE',  ( 1.734723475976805517E-15, 0.000000000000000000, -1.000000000000000000 ) ) ;
#890 = VECTOR ( 'NONE', #1118, 1000.000000000000000 ) ;
#891 = AXIS2_PLACEMENT_3D ( 'NONE', #8331, #6881, #7708 ) ;
#892 = CARTESIAN_POINT ( 'NONE',  ( 9.800000000000292033, 28.59999999999991971, 34.00000000000000000 ) ) ;
#893 = DIRECTION ( 'NONE',  ( 0.000000000000000000, 0.000000000000000000, 1.000000000000000000 ) ) ;
#894 = AXIS2_PLACEMENT_3D ( 'NONE', #8085, #2819, #1460 ) ;
#895 = VECTOR ( 'NONE', #714, 1000.000000000000000 ) ;
#896 = VECTOR ( 'NONE', #8725, 1000.000000000000000 ) ;
#897 = EDGE_LOOP ( 'NONE', ( #8311, #1572, #249, #136, #825 ) ) ;
#898 = CARTESIAN_POINT ( 'NONE',  ( -69.99999999999977263, 2.999999999999513278, 1.749999999999979572 ) ) ;
#899 = EDGE_CURVE ( 'NONE', #744, #8904, #660, .T. ) ;
#901 = VECTOR ( 'NONE', #1344, 1000.000000000000000 ) ;
#900 = DIRECTION ( 'NONE',  ( 6.982962677686266711E-15, -1.000000000000000000, 0.000000000000000000 ) ) ;
#902 = EDGE_CURVE ( 'NONE', #375, #5186, #903, .T. ) ;
#903 = CIRCLE ( 'NONE', #7535, 1.000000000000000222 ) ;
#904 = AXIS2_PLACEMENT_3D ( 'NONE', #2831, #6450, #4185 ) ;
#905 = FACE_BOUND ( 'NONE', #3377, .T. ) ;
#906 = DIRECTION ( 'NONE',  ( -0.000000000000000000, -1.000000000000000000, -0.000000000000000000 ) ) ;
#907 = ORIENTED_EDGE ( 'NONE', *, *, #7047, .T. ) ;
#908 = AXIS2_PLACEMENT_3D ( 'NONE', #1020, #8364, #6058 ) ;
#909 = CYLINDRICAL_SURFACE ( 'NONE', #3598, 3.599999999999997424 ) ;
#910 = CARTESIAN_POINT ( 'NONE',  ( -59.99999999999977263, -4.163336342344337531E-13, 11.74999999999988098 ) ) ;
#911 = ORIENTED_EDGE ( 'NONE', *, *, #3892, .F. ) ;
#912 = EDGE_LOOP ( 'NONE', ( #4669, #8964 ) ) ;
#913 = EDGE_CURVE ( 'NONE', #3949, #2495, #4612, .T. ) ;
#914 = AXIS2_PLACEMENT_3D ( 'NONE', #6919, #4067, #290 ) ;
#915 = UNCERTAINTY_MEASURE_WITH_UNIT (LENGTH_MEASURE( 1.000000000000000082E-05 ), #293, 'distance_accuracy_value', 'NONE');
#916 = FACE_OUTER_BOUND ( 'NONE', #2241, .T. ) ;
#917 = DIRECTION ( 'NONE',  ( 0.4512872425049608838, 3.151321971328092830E-15, -0.8923787451257838566 ) ) ;
#918 = ORIENTED_EDGE ( 'NONE', *, *, #2607, .T. ) ;
#919 = CARTESIAN_POINT ( 'NONE',  ( -69.99999999999998579, 4.000000000000000000, -1.749999999999996891 ) ) ;
#920 = EDGE_CURVE ( 'NONE', #9273, #9182, #538, .T. ) ;
#921 = FACE_BOUND ( 'NONE', #7476, .T. ) ;
#922 = CIRCLE ( 'NONE', #3080, 7.599999999999999645 ) ;
#923 = EDGE_LOOP ( 'NONE', ( #5719, #5191, #7838, #5636 ) ) ;
#924 = DIRECTION ( 'NONE',  ( -0.000000000000000000, -1.000000000000000000, 0.000000000000000000 ) ) ;
#925 = VECTOR ( 'NONE', #8, 1000.000000000000000 ) ;
#926 = LINE ( 'NONE', #1701, #1202 ) ;
#927 = EDGE_CURVE ( 'NONE', #3011, #2495, #2245, .T. ) ;
#928 = EDGE_CURVE ( 'NONE', #5119, #2733, #7962, .T. ) ;
#929 = FACE_OUTER_BOUND ( 'NONE', #6617, .T. ) ;
#930 = DIRECTION ( 'NONE',  ( 0.000000000000000000, 0.000000000000000000, -1.000000000000000000 ) ) ;
#931 = VECTOR ( 'NONE', #333, 1000.000000000000000 ) ;
#932 = ORIENTED_EDGE ( 'NONE', *, *, #6633, .F. ) ;
#933 = DIRECTION ( 'NONE',  ( 6.987186840583977580E-15, -1.000000000000000000, -7.888609052210118054E-31 ) ) ;
#934 = CARTESIAN_POINT ( 'NONE',  ( -8.100000000000289191, 28.59999999999991616, -32.50000000000000000 ) ) ;
#935 = ORIENTED_EDGE ( 'NONE', *, *, #8604, .F. ) ;
#936 = DIRECTION ( 'NONE',  ( -6.982962677686266711E-15, 1.000000000000000000, 0.000000000000000000 ) ) ;
#937 = VECTOR ( 'NONE', #4970, 1000.000000000000000 ) ;
#938 = EDGE_CURVE ( 'NONE', #1060, #7350, #5336, .T. ) ;
#939 = ORIENTED_EDGE ( 'NONE', *, *, #6248, .F. ) ;
#940 = DIRECTION ( 'NONE',  ( 0.000000000000000000, 0.000000000000000000, 1.000000000000000000 ) ) ;
#941 = DIRECTION ( 'NONE',  ( 6.982962677686266711E-15, -1.000000000000000000, -0.000000000000000000 ) ) ;
#942 = AXIS2_PLACEMENT_3D ( 'NONE', #8805, #6570, #3625 ) ;
#943 = LINE ( 'NONE', #5247, #9340 ) ;
#944 = DIRECTION ( 'NONE',  ( 0.000000000000000000, 0.000000000000000000, -1.000000000000000000 ) ) ;
#945 = ORIENTED_EDGE ( 'NONE', *, *, #1936, .T. ) ;
#946 = DIRECTION ( 'NONE',  ( 0.000000000000000000, 0.000000000000000000, -1.000000000000000000 ) ) ;
#947 = DIRECTION ( 'NONE',  ( 6.982962677686266711E-15, -1.000000000000000000, 0.000000000000000000 ) ) ;
#948 = EDGE_CURVE ( 'NONE', #8943, #2576, #943, .T. ) ;
#949 = AXIS2_PLACEMENT_3D ( 'NONE', #5574, #6978, #8529 ) ;
#950 = CIRCLE ( 'NONE', #6811, 5.750000000000002665 ) ;
#951 = ADVANCED_FACE ( 'NONE', ( #118 ), #1582, .F. ) ;
#952 = CIRCLE ( 'NONE', #3733, 14.00000000000000178 ) ;
#953 = DIRECTION ( 'NONE',  ( 6.982962677686266711E-15, -1.000000000000000000, 0.000000000000000000 ) ) ;
#954 = DIRECTION ( 'NONE',  ( -0.000000000000000000, -0.000000000000000000, 1.000000000000000000 ) ) ;
#955 = ORIENTED_EDGE ( 'NONE', *, *, #842, .F. ) ;
#956 = ADVANCED_FACE ( 'NONE', ( #8196 ), #2349, .F. ) ;
#957 = DIRECTION ( 'NONE',  ( 0.000000000000000000, 1.000000000000000000, -0.000000000000000000 ) ) ;
#958 = PLANE ( 'NONE',  #7064 ) ;
#959 = EDGE_CURVE ( 'NONE', #8298, #110, #1028, .T. ) ;
#960 = CIRCLE ( 'NONE', #7135, 5.750000000000000888 ) ;
#961 = AXIS2_PLACEMENT_3D ( 'NONE', #2995, #3266, #2273 ) ;
#962 = ORIENTED_EDGE ( 'NONE', *, *, #8624, .T. ) ;
#963 = VERTEX_POINT ( 'NONE', #8245 ) ;
#964 = DIRECTION ( 'NONE',  ( 0.000000000000000000, 1.000000000000000000, -0.000000000000000000 ) ) ;
#965 = AXIS2_PLACEMENT_3D ( 'NONE', #8587, #1924, #2588 ) ;
#966 = LINE ( 'NONE', #3137, #6941 ) ;
#967 = FILL_AREA_STYLE ('',( #8307 ) ) ;
#968 = ORIENTED_EDGE ( 'NONE', *, *, #8377, .F. ) ;
#969 = PLANE ( 'NONE',  #7225 ) ;
#970 = ORIENTED_EDGE ( 'NONE', *, *, #8415, .T. ) ;
#971 = ORIENTED_EDGE ( 'NONE', *, *, #3052, .F. ) ;
#972 = CARTESIAN_POINT ( 'NONE',  ( 59.54154469100615898, 3.000000000000419220, 3.316627699545124486 ) ) ;
#973 = DIRECTION ( 'NONE',  ( 0.000000000000000000, 0.000000000000000000, 1.000000000000000000 ) ) ;
#974 = ADVANCED_FACE ( 'NONE', ( #8285 ), #3975, .F. ) ;
#975 = DIRECTION ( 'NONE',  ( 2.312964634635741478E-16, 0.000000000000000000, 1.000000000000000000 ) ) ;
#976 = DIRECTION ( 'NONE',  ( 1.000000000000000000, 6.987186840583977580E-15, 0.000000000000000000 ) ) ;
#977 = ORIENTED_EDGE ( 'NONE', *, *, #1835, .T. ) ;
#978 = DIRECTION ( 'NONE',  ( -2.312964634635729152E-16, 1.051103414227335972E-32, 1.000000000000000000 ) ) ;
#979 = DIRECTION ( 'NONE',  ( 0.000000000000000000, -0.000000000000000000, 1.000000000000000000 ) ) ;
#980 = VERTEX_POINT ( 'NONE', #8370 ) ;
#981 = FACE_OUTER_BOUND ( 'NONE', #4537, .T. ) ;
#982 = EDGE_CURVE ( 'NONE', #8380, #3328, #7636, .T. ) ;
#983 = EDGE_LOOP ( 'NONE', ( #4240, #9367, #1011, #2599 ) ) ;
#984 = DIRECTION ( 'NONE',  ( 0.000000000000000000, 0.000000000000000000, 1.000000000000000000 ) ) ;
#985 = CARTESIAN_POINT ( 'NONE',  ( 4.929826503170722241, 26.00000000000003553, -31.00000000000000000 ) ) ;
#986 = CARTESIAN_POINT ( 'NONE',  ( 60.00000000000000000, -31.00000000000000000, -60.00000000000000000 ) ) ;
#987 = FACE_OUTER_BOUND ( 'NONE', #7025, .T. ) ;
#988 = ORIENTED_EDGE ( 'NONE', *, *, #7799, .T. ) ;
#989 = CARTESIAN_POINT ( 'NONE',  ( -60.00000000000000000, 4.000000000000000000, 0.000000000000000000 ) ) ;
#990 = DIRECTION ( 'NONE',  ( 6.987186840583977580E-15, -1.000000000000000000, -7.888609052210118054E-31 ) ) ;
#991 = LINE ( 'NONE', #656, #1049 ) ;
#992 = CARTESIAN_POINT ( 'NONE',  ( -4.874423042781769411, 31.13093921164861300, 31.00000000000000000 ) ) ;
#993 = EDGE_LOOP ( 'NONE', ( #1488, #3127, #7028 ) ) ;
#994 = CARTESIAN_POINT ( 'NONE',  ( -60.00000000000000000, 25.00000000000000000, 4.500000000000004441 ) ) ;
#995 = CARTESIAN_POINT ( 'NONE',  ( -11.29999999999993854, 24.48999999999976396, 32.50000000000000000 ) ) ;
#996 = DIRECTION ( 'NONE',  ( -1.000000000000000000, -6.982962677686266711E-15, 0.000000000000000000 ) ) ;
#997 = EDGE_CURVE ( 'NONE', #5932, #6271, #1669, .T. ) ;
#998 = EDGE_CURVE ( 'NONE', #6582, #6749, #1002, .T. ) ;
#999 = ORIENTED_EDGE ( 'NONE', *, *, #8317, .F. ) ;
#1000 = ORIENTED_EDGE ( 'NONE', *, *, #5469, .F. ) ;
#1001 = LINE ( 'NONE', #6895, #1079 ) ;
#1002 = CIRCLE ( 'NONE', #3930, 1.000000000000001554 ) ;
#1003 = EDGE_LOOP ( 'NONE', ( #3274, #4319, #2644, #4051 ) ) ;
#1004 = LINE ( 'NONE', #1738, #1884 ) ;
#1005 = CARTESIAN_POINT ( 'NONE',  ( -11.19999999999993712, 25.91671842699976480, 34.00000000000000000 ) ) ;
#1006 = AXIS2_PLACEMENT_3D ( 'NONE', #250, #298, #6788 ) ;
#1007 = ORIENTED_EDGE ( 'NONE', *, *, #5141, .F. ) ;
#1008 = CARTESIAN_POINT ( 'NONE',  ( -8.100000000000289191, 28.59999999999991616, -32.50000000000000000 ) ) ;
#1009 = ORIENTED_EDGE ( 'NONE', *, *, #35, .T. ) ;
#1010 = FACE_BOUND ( 'NONE', #912, .T. ) ;
#1011 = ORIENTED_EDGE ( 'NONE', *, *, #7790, .F. ) ;
#1012 = EDGE_CURVE ( 'NONE', #3248, #2868, #2543, .T. ) ;
#1013 = EDGE_LOOP ( 'NONE', ( #231, #3803, #1696, #8399 ) ) ;
#1014 = DIRECTION ( 'NONE',  ( 0.000000000000000000, 0.000000000000000000, 1.000000000000000000 ) ) ;
#1015 = DIRECTION ( 'NONE',  ( -0.000000000000000000, -0.000000000000000000, -1.000000000000000000 ) ) ;
#1016 = FACE_OUTER_BOUND ( 'NONE', #2718, .T. ) ;
#1017 = ORIENTED_EDGE ( 'NONE', *, *, #1337, .F. ) ;
#1018 = CARTESIAN_POINT ( 'NONE',  ( 7.450503338701504497, 11.00000000000005507, -1.500000000000000888 ) ) ;
#1019 = AXIS2_PLACEMENT_3D ( 'NONE', #4242, #3375, #1146 ) ;
#1020 = CARTESIAN_POINT ( 'NONE',  ( 70.00000000000022737, 4.926614671774132148E-13, 0.000000000000000000 ) ) ;
#1021 = ORIENTED_EDGE ( 'NONE', *, *, #1371, .T. ) ;
#1022 = ORIENTED_EDGE ( 'NONE', *, *, #1540, .F. ) ;
#1023 = ORIENTED_EDGE ( 'NONE', *, *, #2168, .T. ) ;
#1024 = DIRECTION ( 'NONE',  ( -1.000000000000000000, -7.709882115452482111E-15, 0.000000000000000000 ) ) ;
#1025 = CARTESIAN_POINT ( 'NONE',  ( -5.100000000000276756, 42.99999999999997158, 32.50000000000000000 ) ) ;
#1026 = AXIS2_PLACEMENT_3D ( 'NONE', #7794, #8521, #8567 ) ;
#1027 = EDGE_CURVE ( 'NONE', #8803, #8096, #8327, .T. ) ;
#1028 = LINE ( 'NONE', #847, #6716 ) ;
#1029 = CARTESIAN_POINT ( 'NONE',  ( 8.100000000000292744, 28.59999999999991971, -32.50000000000000000 ) ) ;
#1030 = CARTESIAN_POINT ( 'NONE',  ( 0.9999999999997105649, 44.50000000000001421, 32.50000000000000000 ) ) ;
#1031 = ORIENTED_EDGE ( 'NONE', *, *, #3143, .T. ) ;
#1032 = CARTESIAN_POINT ( 'NONE',  ( 6.999999999999994671, 3.500000000000001332, 49.20000000000001705 ) ) ;
#1033 = EDGE_CURVE ( 'NONE', #8161, #2939, #5384, .T. ) ;
#1034 = CARTESIAN_POINT ( 'NONE',  ( 69.89949493661193003, 3.000000000000492051, 9.899494936611603180 ) ) ;
#1035 = ORIENTED_EDGE ( 'NONE', *, *, #8695, .T. ) ;
#1036 = VECTOR ( 'NONE', #1177, 1000.000000000000000 ) ;
#1037 = CARTESIAN_POINT ( 'NONE',  ( -1.816668578551834344E-13, 26.00000000000000355, 32.50000000000000000 ) ) ;
#1038 = LINE ( 'NONE', #6938, #5341 ) ;
#1039 = ORIENTED_EDGE ( 'NONE', *, *, #9213, .F. ) ;
#1040 = DIRECTION ( 'NONE',  ( -6.982962677686265922E-15, 1.000000000000000000, -0.000000000000000000 ) ) ;
#1041 = VECTOR ( 'NONE', #5879, 1000.000000000000000 ) ;
#1042 = DIRECTION ( 'NONE',  ( -1.000000000000000000, -6.746146851020921650E-15, 0.000000000000000000 ) ) ;
#1043 = CARTESIAN_POINT ( 'NONE',  ( 4.929826503170724017, 26.00000000000003553, -34.00000000000000000 ) ) ;
#1044 = AXIS2_PLACEMENT_3D ( 'NONE', #8701, #3473, #6469 ) ;
#1045 = ORIENTED_EDGE ( 'NONE', *, *, #550, .F. ) ;
#1046 = ORIENTED_EDGE ( 'NONE', *, *, #1450, .F. ) ;
#1047 = CIRCLE ( 'NONE', #1515, 9.600000000000001421 ) ;
#1048 = FACE_BOUND ( 'NONE', #101, .T. ) ;
#1049 = VECTOR ( 'NONE', #4138, 1000.000000000000000 ) ;
#1050 = AXIS2_PLACEMENT_3D ( 'NONE', #8325, #5963, #207 ) ;
#1051 = EDGE_CURVE ( 'NONE', #9079, #1763, #6066, .T. ) ;
#1052 = CIRCLE ( 'NONE', #5077, 4.100000000000002309 ) ;
#1053 = ORIENTED_EDGE ( 'NONE', *, *, #184, .T. ) ;
#1054 = CARTESIAN_POINT ( 'NONE',  ( -2.897929511239801316E-13, 44.50000000000000711, 32.50000000000000000 ) ) ;
#1055 = VERTEX_POINT ( 'NONE', #253 ) ;
#1056 = DIRECTION ( 'NONE',  ( -1.000000000000000000, 0.000000000000000000, 0.000000000000000000 ) ) ;
#1057 = ORIENTED_EDGE ( 'NONE', *, *, #1638, .F. ) ;
#1058 = VECTOR ( 'NONE', #7023, 1000.000000000000000 ) ;
#1059 = DIRECTION ( 'NONE',  ( 0.000000000000000000, 1.000000000000000000, -0.000000000000000000 ) ) ;
#1060 = VERTEX_POINT ( 'NONE', #6152 ) ;
#1061 = CARTESIAN_POINT ( 'NONE',  ( 5.847380728475251300E-14, 24.50000000000000000, 0.000000000000000000 ) ) ;
#1062 = DIRECTION ( 'NONE',  ( -0.000000000000000000, -1.000000000000000000, -0.000000000000000000 ) ) ;
#1063 = DIRECTION ( 'NONE',  ( 0.000000000000000000, 1.000000000000000000, -0.000000000000000000 ) ) ;
#1064 = ORIENTED_EDGE ( 'NONE', *, *, #7590, .T. ) ;
#1065 = ADVANCED_FACE ( 'NONE', ( #3888 ), #9102, .F. ) ;
#1066 = DIRECTION ( 'NONE',  ( -6.987186840583977580E-15, 1.000000000000000000, 7.888609052210118054E-31 ) ) ;
#1067 = DIRECTION ( 'NONE',  ( 6.982962677686266711E-15, -1.000000000000000000, 0.000000000000000000 ) ) ;
#1068 = ORIENTED_EDGE ( 'NONE', *, *, #5428, .F. ) ;
#1069 = CYLINDRICAL_SURFACE ( 'NONE', #2115, 1.700000000000000178 ) ;
#1070 = CIRCLE ( 'NONE', #8326, 1.000000000000000222 ) ;
#1071 = AXIS2_PLACEMENT_3D ( 'NONE', #727, #5938, #2179 ) ;
#1072 = VERTEX_POINT ( 'NONE', #300 ) ;
#1073 = ORIENTED_EDGE ( 'NONE', *, *, #4944, .F. ) ;
#1074 = CARTESIAN_POINT ( 'NONE',  ( 8.100000000000292744, 28.59999999999991971, -34.00000000000000000 ) ) ;
#1075 = LINE ( 'NONE', #1025, #6936 ) ;
#1076 = EDGE_CURVE ( 'NONE', #7282, #3461, #6929, .T. ) ;
#1077 = LINE ( 'NONE', #9195, #5480 ) ;
#1078 = CARTESIAN_POINT ( 'NONE',  ( -2.897929511239801316E-13, 44.50000000000000711, 32.50000000000000000 ) ) ;
#1079 = VECTOR ( 'NONE', #3942, 1000.000000000000000 ) ;
#1080 = CARTESIAN_POINT ( 'NONE',  ( -30.00000000000000000, -33.00000000000000000, 1.000000000000001554 ) ) ;
#1081 = VERTEX_POINT ( 'NONE', #6878 ) ;
#1082 = CARTESIAN_POINT ( 'NONE',  ( 9.800000000000292033, 28.59999999999991971, 31.00000000000000000 ) ) ;
#1083 = FACE_OUTER_BOUND ( 'NONE', #4966, .T. ) ;
#1084 = ORIENTED_EDGE ( 'NONE', *, *, #4742, .F. ) ;
#1085 = CARTESIAN_POINT ( 'NONE',  ( -70.44103962761734294, -14.21836078075981113, 8.828640442460647719 ) ) ;
#1086 = CYLINDRICAL_SURFACE ( 'NONE', #5683, 1.749999999999895639 ) ;
#1087 = VECTOR ( 'NONE', #3653, 1000.000000000000000 ) ;
#1088 = ORIENTED_EDGE ( 'NONE', *, *, #284, .F. ) ;
#1089 = DIRECTION ( 'NONE',  ( -5.930678550348054136E-16, -1.000000000000000000, 0.000000000000000000 ) ) ;
#1090 = EDGE_CURVE ( 'NONE', #2413, #7105, #9300, .T. ) ;
#1091 = CARTESIAN_POINT ( 'NONE',  ( 0.000000000000000000, -20.99999999999999645, 0.000000000000000000 ) ) ;
#1092 = DIRECTION ( 'NONE',  ( 0.000000000000000000, 0.000000000000000000, 1.000000000000000000 ) ) ;
#1093 = ORIENTED_EDGE ( 'NONE', *, *, #5283, .T. ) ;
#1094 = ORIENTED_EDGE ( 'NONE', *, *, #7093, .F. ) ;
#1095 = STYLED_ITEM ( 'NONE', ( #6817 ), #7696 ) ;
#1096 = FACE_OUTER_BOUND ( 'NONE', #2550, .T. ) ;
#1097 = EDGE_CURVE ( 'NONE', #6951, #6118, #2531, .T. ) ;
#1098 = EDGE_CURVE ( 'NONE', #8073, #4606, #9151, .T. ) ;
#1099 = FACE_OUTER_BOUND ( 'NONE', #6160, .T. ) ;
#1100 = VERTEX_POINT ( 'NONE', #3299 ) ;
#1101 = VECTOR ( 'NONE', #596, 999.9999999999998863 ) ;
#1102 = AXIS2_PLACEMENT_3D ( 'NONE', #1549, #5894, #3770 ) ;
#1103 = AXIS2_PLACEMENT_3D ( 'NONE', #2654, #5745, #1247 ) ;
#1104 = CYLINDRICAL_SURFACE ( 'NONE', #8643, 1.000000000000001554 ) ;
#1105 = PLANE ( 'NONE',  #2459 ) ;
#1106 = ORIENTED_EDGE ( 'NONE', *, *, #7163, .F. ) ;
#1107 = LINE ( 'NONE', #9279, #4294 ) ;
#1108 = EDGE_LOOP ( 'NONE', ( #5395, #191, #7198, #3980, #1209, #8702, #2358, #2081, #7723, #1068 ) ) ;
#1109 = DIRECTION ( 'NONE',  ( 0.000000000000000000, 0.000000000000000000, 1.000000000000000000 ) ) ;
#1110 = CIRCLE ( 'NONE', #5125, 10.00000000000000178 ) ;
#1111 = VECTOR ( 'NONE', #7814, 1000.000000000000000 ) ;
#1112 = VERTEX_POINT ( 'NONE', #3401 ) ;
#1113 = DIRECTION ( 'NONE',  ( -1.000000000000000000, 0.000000000000000000, 0.000000000000000000 ) ) ;
#1114 = DIRECTION ( 'NONE',  ( 0.000000000000000000, 0.000000000000000000, 1.000000000000000000 ) ) ;
#1115 = DIRECTION ( 'NONE',  ( 1.000000000000000000, 0.000000000000000000, 0.000000000000000000 ) ) ;
#1116 = EDGE_LOOP ( 'NONE', ( #5146, #6607, #2936, #3265 ) ) ;
#1117 = AXIS2_PLACEMENT_3D ( 'NONE', #1972, #2737, #4145 ) ;
#1118 = DIRECTION ( 'NONE',  ( -1.000000000000000000, -0.000000000000000000, -0.000000000000000000 ) ) ;
#1119 = EDGE_CURVE ( 'NONE', #4718, #7179, #7127, .T. ) ;
#1120 = EDGE_CURVE ( 'NONE', #8011, #1055, #7075, .T. ) ;
#1121 = DIRECTION ( 'NONE',  ( 0.000000000000000000, 0.000000000000000000, -1.000000000000000000 ) ) ;
#1122 = ORIENTED_EDGE ( 'NONE', *, *, #2632, .F. ) ;
#1123 = CIRCLE ( 'NONE', #7768, 10.00000000000000178 ) ;
#1124 = DIRECTION ( 'NONE',  ( 0.000000000000000000, 0.000000000000000000, 1.000000000000000000 ) ) ;
#1125 = ORIENTED_EDGE ( 'NONE', *, *, #8593, .T. ) ;
#1126 = ORIENTED_EDGE ( 'NONE', *, *, #5726, .F. ) ;
#1127 = DIRECTION ( 'NONE',  ( 0.000000000000000000, 0.000000000000000000, 1.000000000000000000 ) ) ;
#1128 = DIRECTION ( 'NONE',  ( -0.000000000000000000, -0.000000000000000000, 1.000000000000000000 ) ) ;
#1129 = DIRECTION ( 'NONE',  ( -1.000000000000000000, 0.000000000000000000, -1.734723475976805517E-15 ) ) ;
#1130 = FACE_OUTER_BOUND ( 'NONE', #7644, .T. ) ;
#1131 = CARTESIAN_POINT ( 'NONE',  ( -1.816668578551834344E-13, 26.00000000000000355, 32.50000000000000000 ) ) ;
#1132 = VERTEX_POINT ( 'NONE', #1956 ) ;
#1133 = CARTESIAN_POINT ( 'NONE',  ( 25.19999999999999218, 6.899999999999999467, 19.00000000000000000 ) ) ;
#1134 = CARTESIAN_POINT ( 'NONE',  ( -2.897929511239801316E-13, 44.50000000000000711, -32.50000000000000000 ) ) ;
#1135 = ADVANCED_FACE ( 'NONE', ( #2523 ), #4899, .F. ) ;
#1136 = EDGE_LOOP ( 'NONE', ( #26, #2907 ) ) ;
#1137 = DIRECTION ( 'NONE',  ( 6.982962677686266711E-15, -1.000000000000000000, 0.000000000000000000 ) ) ;
#1138 = CARTESIAN_POINT ( 'NONE',  ( -60.00000000000000000, 3.000000000000000000, 0.000000000000000000 ) ) ;
#1139 = ORIENTED_EDGE ( 'NONE', *, *, #8226, .F. ) ;
#1140 = CARTESIAN_POINT ( 'NONE',  ( 8.100000000000292744, 28.59999999999991971, 31.00000000000000000 ) ) ;
#1141 = FACE_BOUND ( 'NONE', #7420, .T. ) ;
#1142 = CARTESIAN_POINT ( 'NONE',  ( -25.20000000000012363, 9.900000000000000355, 43.40000000000001279 ) ) ;
#1143 = VERTEX_POINT ( 'NONE', #5573 ) ;
#1144 = ORIENTED_EDGE ( 'NONE', *, *, #2163, .F. ) ;
#1145 = DIRECTION ( 'NONE',  ( 0.000000000000000000, 0.000000000000000000, 1.000000000000000000 ) ) ;
#1146 = DIRECTION ( 'NONE',  ( 6.987186840583977580E-15, -1.000000000000000000, 0.000000000000000000 ) ) ;
#1147 = ORIENTED_EDGE ( 'NONE', *, *, #1119, .T. ) ;
#1148 = CARTESIAN_POINT ( 'NONE',  ( -59.99999999999976552, -4.163336342344337027E-13, -1.387778780781445676E-14 ) ) ;
#1149 = EDGE_CURVE ( 'NONE', #7485, #9360, #7191, .T. ) ;
#1150 = VERTEX_POINT ( 'NONE', #7756 ) ;
#1151 = CARTESIAN_POINT ( 'NONE',  ( 60.00000000000022737, 4.232725281383409310E-13, 0.000000000000000000 ) ) ;
#1152 = ORIENTED_EDGE ( 'NONE', *, *, #8593, .F. ) ;
#1153 = DIRECTION ( 'NONE',  ( -6.987186840583977580E-15, 1.000000000000000000, -7.888609052210118054E-31 ) ) ;
#1154 = ADVANCED_FACE ( 'NONE', ( #2007 ), #394, .F. ) ;
#1155 = ORIENTED_EDGE ( 'NONE', *, *, #8281, .T. ) ;
#1156 = FACE_OUTER_BOUND ( 'NONE', #7296, .T. ) ;
#1157 = CARTESIAN_POINT ( 'NONE',  ( 60.00000000000000000, 3.000000000000000000, -1.387778780781445676E-14 ) ) ;
#1158 = DIRECTION ( 'NONE',  ( -6.982962677686266711E-15, 1.000000000000000000, 0.000000000000000000 ) ) ;
#1159 = EDGE_LOOP ( 'NONE', ( #6904, #9278 ) ) ;
#1160 = DIRECTION ( 'NONE',  ( 6.982962677686266711E-15, -1.000000000000000000, 0.000000000000000000 ) ) ;
#1161 = DIRECTION ( 'NONE',  ( -1.000000000000000000, -6.938893903907226800E-15, 0.000000000000000000 ) ) ;
#1162 = ORIENTED_EDGE ( 'NONE', *, *, #8477, .F. ) ;
#1163 = AXIS2_PLACEMENT_3D ( 'NONE', #5858, #5952, #3054 ) ;
#1164 = CARTESIAN_POINT ( 'NONE',  ( 15.00000000000022915, 1.075528555105620399E-13, 19.00000000000001421 ) ) ;
#1165 = ORIENTED_EDGE ( 'NONE', *, *, #4716, .T. ) ;
#1166 = ORIENTED_EDGE ( 'NONE', *, *, #3928, .T. ) ;
#1167 = FACE_OUTER_BOUND ( 'NONE', #3605, .T. ) ;
#1168 = CARTESIAN_POINT ( 'NONE',  ( 9.713392816107106142, 26.00000000000007105, -1.299999999999997824 ) ) ;
#1169 = EDGE_CURVE ( 'NONE', #3314, #8918, #8472, .T. ) ;
#1170 = AXIS2_PLACEMENT_3D ( 'NONE', #7872, #3469, #1244 ) ;
#1171 = CARTESIAN_POINT ( 'NONE',  ( 4.929826503170722241, 26.00000000000003553, 33.80644963493964639 ) ) ;
#1172 = LINE ( 'NONE', #3300, #5417 ) ;
#1173 = DIRECTION ( 'NONE',  ( -1.000000000000000000, -7.709882115452482111E-15, 0.000000000000000000 ) ) ;
#1174 = VECTOR ( 'NONE', #8040, 1000.000000000000000 ) ;
#1175 = ORIENTED_EDGE ( 'NONE', *, *, #7621, .F. ) ;
#1176 = DIRECTION ( 'NONE',  ( 0.000000000000000000, 0.000000000000000000, 1.000000000000000000 ) ) ;
#1177 = DIRECTION ( 'NONE',  ( -1.501203008056852198E-16, -1.000000000000000000, -2.604172100283218727E-31 ) ) ;
#1178 = CIRCLE ( 'NONE', #2417, 5.750000000000001776 ) ;
#1179 = ORIENTED_EDGE ( 'NONE', *, *, #3610, .T. ) ;
#1180 = CARTESIAN_POINT ( 'NONE',  ( -30.00000000000000000, -33.00000000000000000, -1.000000000000001554 ) ) ;
#1181 = DIRECTION ( 'NONE',  ( -8.673617379884040402E-16, 0.000000000000000000, 1.000000000000000000 ) ) ;
#1182 = ORIENTED_EDGE ( 'NONE', *, *, #1892, .T. ) ;
#1183 = CARTESIAN_POINT ( 'NONE',  ( -24.99999999999978684, 2.999999999999829026, -39.00000000000001421 ) ) ;
#1184 = AXIS2_PLACEMENT_3D ( 'NONE', #9336, #1309, #3291 ) ;
#1185 = DIRECTION ( 'NONE',  ( 6.982962677686266711E-15, -1.000000000000000000, 0.000000000000000000 ) ) ;
#1186 = DIRECTION ( 'NONE',  ( 6.982962677686266711E-15, -1.000000000000000000, 0.000000000000000000 ) ) ;
#1187 = EDGE_CURVE ( 'NONE', #1245, #5688, #3020, .T. ) ;
#1188 = ADVANCED_FACE ( 'NONE', ( #7903 ), #9251, .F. ) ;
#1189 = EDGE_LOOP ( 'NONE', ( #4993, #1595, #4072, #9145 ) ) ;
#1190 = ORIENTED_EDGE ( 'NONE', *, *, #568, .T. ) ;
#1191 = CARTESIAN_POINT ( 'NONE',  ( -60.00000000000000000, 4.000000000000000000, 0.000000000000000000 ) ) ;
#1192 = VECTOR ( 'NONE', #766, 1000.000000000000000 ) ;
#1193 = CYLINDRICAL_SURFACE ( 'NONE', #6420, 1.000000000000001554 ) ;
#1194 = EDGE_LOOP ( 'NONE', ( #2421, #4573 ) ) ;
#1195 = CIRCLE ( 'NONE', #3847, 4.100000000000002309 ) ;
#1196 = LINE ( 'NONE', #4155, #2586 ) ;
#1197 = VECTOR ( 'NONE', #7026, 1000.000000000000000 ) ;
#1198 = ADVANCED_FACE ( 'NONE', ( #5665 ), #8528, .F. ) ;
#1199 = ORIENTED_EDGE ( 'NONE', *, *, #1909, .T. ) ;
#1200 = CARTESIAN_POINT ( 'NONE',  ( 11.29999999999961346, 24.50000000000008171, -32.50000000000000000 ) ) ;
#1201 = EDGE_LOOP ( 'NONE', ( #5803, #9383, #285, #81, #5814, #665, #2364, #719, #7376, #6962 ) ) ;
#1202 = VECTOR ( 'NONE', #973, 1000.000000000000000 ) ;
#1203 = CARTESIAN_POINT ( 'NONE',  ( 4.788953503288261930E-14, 26.00000000000000355, -2.051038353574630974E-29 ) ) ;
#1204 = AXIS2_PLACEMENT_3D ( 'NONE', #5697, #8069, #1985 ) ;
#1205 = ORIENTED_EDGE ( 'NONE', *, *, #2228, .F. ) ;
#1206 = CARTESIAN_POINT ( 'NONE',  ( 15.00000000000023093, 1.075528555105620399E-13, -29.00000000000001066 ) ) ;
#1207 = DIRECTION ( 'NONE',  ( -6.982962677686266711E-15, 1.000000000000000000, -0.000000000000000000 ) ) ;
#1208 = DIRECTION ( 'NONE',  ( -6.982962677686266711E-15, 1.000000000000000000, -0.000000000000000000 ) ) ;
#1209 = ORIENTED_EDGE ( 'NONE', *, *, #9521, .T. ) ;
#1210 = EDGE_CURVE ( 'NONE', #3308, #4695, #6198, .T. ) ;
#1211 = AXIS2_PLACEMENT_3D ( 'NONE', #6012, #7638, #2382 ) ;
#1212 = VERTEX_POINT ( 'NONE', #6241 ) ;
#1213 = DIRECTION ( 'NONE',  ( -1.000000000000000000, 0.000000000000000000, 0.000000000000000000 ) ) ;
#1214 = DIRECTION ( 'NONE',  ( 0.000000000000000000, 1.000000000000000000, 0.000000000000000000 ) ) ;
#1215 = VERTEX_POINT ( 'NONE', #7704 ) ;
#1216 = EDGE_CURVE ( 'NONE', #9218, #2079, #6343, .T. ) ;
#1217 = EDGE_CURVE ( 'NONE', #521, #9137, #1077, .T. ) ;
#1218 = DIRECTION ( 'NONE',  ( -6.991383056702158839E-18, 1.000000000000000000, -1.212811631800771286E-32 ) ) ;
#1219 = EDGE_LOOP ( 'NONE', ( #3302, #1162, #5852, #7777 ) ) ;
#1220 = ORIENTED_EDGE ( 'NONE', *, *, #1975, .F. ) ;
#1221 = SURFACE_SIDE_STYLE ('',( #7752 ) ) ;
#1222 = DIRECTION ( 'NONE',  ( 0.000000000000000000, 0.000000000000000000, 1.000000000000000000 ) ) ;
#1223 = DIRECTION ( 'NONE',  ( -1.000000000000000000, 0.000000000000000000, 0.000000000000000000 ) ) ;
#1224 = DIRECTION ( 'NONE',  ( 0.000000000000000000, -1.000000000000000000, 0.000000000000000000 ) ) ;
#1225 = CARTESIAN_POINT ( 'NONE',  ( -60.00000000000000000, 4.000000000000000000, 4.500000000000004441 ) ) ;
#1226 = ORIENTED_EDGE ( 'NONE', *, *, #6084, .F. ) ;
#1227 = DIRECTION ( 'NONE',  ( -0.000000000000000000, 1.000000000000000000, -0.000000000000000000 ) ) ;
#1228 = CARTESIAN_POINT ( 'NONE',  ( 13.00000000000000355, -1.000000000000005773, 34.00000000000000000 ) ) ;
#1229 = ORIENTED_EDGE ( 'NONE', *, *, #2449, .F. ) ;
#1230 = VECTOR ( 'NONE', #2720, 1000.000000000000000 ) ;
#1231 = CARTESIAN_POINT ( 'NONE',  ( -4.893962094456039580, 26.04415907812588316, 31.06349440247688420 ) ) ;
#1232 = PRESENTATION_STYLE_ASSIGNMENT (( #1818 ) ) ;
#1233 = ORIENTED_EDGE ( 'NONE', *, *, #1435, .F. ) ;
#1234 = FACE_OUTER_BOUND ( 'NONE', #4771, .T. ) ;
#1235 = COLOUR_RGB ( '',0.7921568627450980005, 0.8196078431372548767, 0.9333333333333333481 ) ;
#1236 = CARTESIAN_POINT ( 'NONE',  ( 69.99999999999998579, 4.000000000000000000, -1.750000000000013989 ) ) ;
#1237 = DIRECTION ( 'NONE',  ( 0.000000000000000000, 0.000000000000000000, 1.000000000000000000 ) ) ;
#1238 = ORIENTED_EDGE ( 'NONE', *, *, #3844, .T. ) ;
#1239 = ORIENTED_EDGE ( 'NONE', *, *, #1521, .F. ) ;
#1240 = EDGE_CURVE ( 'NONE', #1612, #3294, #447, .T. ) ;
#1241 = EDGE_CURVE ( 'NONE', #263, #1893, #7945, .T. ) ;
#1242 = DIRECTION ( 'NONE',  ( 0.000000000000000000, 0.000000000000000000, 1.000000000000000000 ) ) ;
#1243 = ADVANCED_FACE ( 'NONE', ( #8896 ), #6667, .T. ) ;
#1244 = DIRECTION ( 'NONE',  ( -1.000000000000000000, -7.061706185392451219E-15, 0.000000000000000000 ) ) ;
#1245 = VERTEX_POINT ( 'NONE', #5996 ) ;
#1246 = EDGE_CURVE ( 'NONE', #4871, #3153, #8675, .T. ) ;
#1247 = DIRECTION ( 'NONE',  ( 0.000000000000000000, 0.000000000000000000, 1.000000000000000000 ) ) ;
#1248 = AXIS2_PLACEMENT_3D ( 'NONE', #7013, #6282, #1161 ) ;
#1249 = ORIENTED_EDGE ( 'NONE', *, *, #2545, .T. ) ;
#1250 = DIRECTION ( 'NONE',  ( 6.987186840583977580E-15, -1.000000000000000000, 0.000000000000000000 ) ) ;
#1251 = EDGE_LOOP ( 'NONE', ( #4502, #8258, #3768 ) ) ;
#1252 = LINE ( 'NONE', #4397, #4945 ) ;
#1253 = ORIENTED_EDGE ( 'NONE', *, *, #5546, .F. ) ;
#1254 = EDGE_CURVE ( 'NONE', #5067, #9450, #6251, .T. ) ;
#1255 = VECTOR ( 'NONE', #1465, 1000.000000000000000 ) ;
#1256 = AXIS2_PLACEMENT_3D ( 'NONE', #3129, #266, #4624 ) ;
#1257 = DIRECTION ( 'NONE',  ( 0.000000000000000000, 0.000000000000000000, 1.000000000000000000 ) ) ;
#1258 = CARTESIAN_POINT ( 'NONE',  ( 61.00000000000028422, -7.999999999999570122, -5.000000000000000000 ) ) ;
#1259 = ORIENTED_EDGE ( 'NONE', *, *, #1727, .F. ) ;
#1260 = EDGE_CURVE ( 'NONE', #9296, #5010, #771, .T. ) ;
#1261 = ORIENTED_EDGE ( 'NONE', *, *, #2497, .F. ) ;
#1262 = DIRECTION ( 'NONE',  ( 0.000000000000000000, 0.000000000000000000, -1.000000000000000000 ) ) ;
#1263 = AXIS2_PLACEMENT_3D ( 'NONE', #2611, #3532, #5702 ) ;
#1264 = AXIS2_PLACEMENT_3D ( 'NONE', #7836, #1208, #3187 ) ;
#1265 = FACE_OUTER_BOUND ( 'NONE', #2329, .T. ) ;
#1266 = ORIENTED_EDGE ( 'NONE', *, *, #8917, .F. ) ;
#1267 = ADVANCED_FACE ( 'NONE', ( #5314 ), #3725, .F. ) ;
#1268 = CARTESIAN_POINT ( 'NONE',  ( 9.482088377567512438, 26.00000000000006750, 1.499999999999997780 ) ) ;
#1269 = ORIENTED_EDGE ( 'NONE', *, *, #6678, .F. ) ;
#1270 = ORIENTED_EDGE ( 'NONE', *, *, #4006, .F. ) ;
#1271 = AXIS2_PLACEMENT_3D ( 'NONE', #9478, #5796, #725 ) ;
#1272 =( NAMED_UNIT ( * ) SI_UNIT ( $, .STERADIAN. ) SOLID_ANGLE_UNIT ( ) );
#1273 = LINE ( 'NONE', #5139, #1174 ) ;
#1274 = DIRECTION ( 'NONE',  ( 1.000000000000000000, 6.987186840583977580E-15, 0.000000000000000000 ) ) ;
#1275 = LINE ( 'NONE', #5622, #7901 ) ;
#1276 = ADVANCED_FACE ( 'NONE', ( #2325 ), #1643, .F. ) ;
#1277 = CARTESIAN_POINT ( 'NONE',  ( 24.99999999999943867, 113.0181803158007483, 29.00000000000001066 ) ) ;
#1278 = ORIENTED_EDGE ( 'NONE', *, *, #7424, .T. ) ;
#1279 = FACE_OUTER_BOUND ( 'NONE', #2985, .T. ) ;
#1280 = LINE ( 'NONE', #8681, #1661 ) ;
#1281 = EDGE_CURVE ( 'NONE', #7527, #6951, #6787, .T. ) ;
#1282 = VERTEX_POINT ( 'NONE', #1603 ) ;
#1283 = FACE_OUTER_BOUND ( 'NONE', #4173, .T. ) ;
#1284 = FACE_OUTER_BOUND ( 'NONE', #6027, .T. ) ;
#1285 = VERTEX_POINT ( 'NONE', #1499 ) ;
#1286 = CARTESIAN_POINT ( 'NONE',  ( 25.99999999999998934, 10.70000000000000107, 50.40000000000001279 ) ) ;
#1287 = DIRECTION ( 'NONE',  ( 6.982962677686266711E-15, -1.000000000000000000, 0.000000000000000000 ) ) ;
#1288 = CARTESIAN_POINT ( 'NONE',  ( -2.897929511239801316E-13, 44.50000000000000711, -32.50000000000000000 ) ) ;
#1289 = ORIENTED_EDGE ( 'NONE', *, *, #1739, .T. ) ;
#1290 = EDGE_LOOP ( 'NONE', ( #6629, #6097 ) ) ;
#1291 = LINE ( 'NONE', #3606, #3865 ) ;
#1292 = DIRECTION ( 'NONE',  ( -6.987186840583977580E-15, 1.000000000000000000, -7.888609052210118054E-31 ) ) ;
#1293 = VERTEX_POINT ( 'NONE', #4587 ) ;
#1294 = ADVANCED_FACE ( 'NONE', ( #4455 ), #7400, .T. ) ;
#1295 = EDGE_CURVE ( 'NONE', #361, #2137, #5941, .T. ) ;
#1296 = DIRECTION ( 'NONE',  ( 1.000000000000000000, 0.000000000000000000, 0.000000000000000000 ) ) ;
#1297 = ORIENTED_EDGE ( 'NONE', *, *, #4356, .T. ) ;
#1298 = FACE_OUTER_BOUND ( 'NONE', #6423, .T. ) ;
#1299 = ORIENTED_EDGE ( 'NONE', *, *, #5793, .F. ) ;
#1300 = ORIENTED_EDGE ( 'NONE', *, *, #2650, .T. ) ;
#1301 = LINE ( 'NONE', #577, #7444 ) ;
#1302 = DIRECTION ( 'NONE',  ( 0.000000000000000000, 0.000000000000000000, -1.000000000000000000 ) ) ;
#1303 = ORIENTED_EDGE ( 'NONE', *, *, #6984, .T. ) ;
#1304 = ORIENTED_EDGE ( 'NONE', *, *, #8704, .F. ) ;
#1305 = CYLINDRICAL_SURFACE ( 'NONE', #4906, 10.00000000000000178 ) ;
#1306 = EDGE_CURVE ( 'NONE', #5806, #5560, #922, .T. ) ;
#1307 = DIRECTION ( 'NONE',  ( 0.000000000000000000, 1.000000000000000000, -0.000000000000000000 ) ) ;
#1308 = VERTEX_POINT ( 'NONE', #6765 ) ;
#1309 = DIRECTION ( 'NONE',  ( 0.000000000000000000, 0.000000000000000000, 1.000000000000000000 ) ) ;
#1310 = DIRECTION ( 'NONE',  ( 0.000000000000000000, 0.000000000000000000, 1.000000000000000000 ) ) ;
#1311 = CIRCLE ( 'NONE', #8410, 9.600000000000001421 ) ;
#1312 = ORIENTED_EDGE ( 'NONE', *, *, #6832, .T. ) ;
#1313 = AXIS2_PLACEMENT_3D ( 'NONE', #1760, #5297, #7469 ) ;
#1314 =( NAMED_UNIT ( * ) PLANE_ANGLE_UNIT ( ) SI_UNIT ( $, .RADIAN. ) );
#1315 = DIRECTION ( 'NONE',  ( 0.000000000000000000, 1.000000000000000000, 0.000000000000000000 ) ) ;
#1316 = CARTESIAN_POINT ( 'NONE',  ( 2.499999999999820588, 26.00000000000002132, 31.25000000000000000 ) ) ;
#1317 = FACE_OUTER_BOUND ( 'NONE', #2243, .T. ) ;
#1318 = VECTOR ( 'NONE', #4852, 1000.000000000000000 ) ;
#1319 = ORIENTED_EDGE ( 'NONE', *, *, #8704, .T. ) ;
#1320 = CARTESIAN_POINT ( 'NONE',  ( -73.14687499999979536, 2.999999999999492850, 4.812450283834089682 ) ) ;
#1321 = AXIS2_PLACEMENT_3D ( 'NONE', #2346, #112, #7369 ) ;
#1322 = EDGE_LOOP ( 'NONE', ( #7582, #173, #1708 ) ) ;
#1323 = CARTESIAN_POINT ( 'NONE',  ( -2.897929511239801316E-13, 44.50000000000000711, -32.50000000000000000 ) ) ;
#1324 = VERTEX_POINT ( 'NONE', #5271 ) ;
#1325 = EDGE_CURVE ( 'NONE', #141, #4798, #4544, .T. ) ;
#1326 = DIRECTION ( 'NONE',  ( 1.000000000000000000, 0.000000000000000000, 0.000000000000000000 ) ) ;
#1327 = CARTESIAN_POINT ( 'NONE',  ( 11.27017349682989611, 26.00000000000008171, 33.32048117062144854 ) ) ;
#1328 = ORIENTED_EDGE ( 'NONE', *, *, #2247, .T. ) ;
#1329 = LINE ( 'NONE', #5966, #2046 ) ;
#1330 = PLANE ( 'NONE',  #8454 ) ;
#1331 = CARTESIAN_POINT ( 'NONE',  ( -64.81245028383403906, -4.510281037539698445E-13, 13.14687499999992681 ) ) ;
#1332 = EDGE_LOOP ( 'NONE', ( #4679, #5812, #5645, #2693 ) ) ;
#1333 = ORIENTED_EDGE ( 'NONE', *, *, #5449, .F. ) ;
#1334 = VECTOR ( 'NONE', #1535, 1000.000000000000000 ) ;
#1335 = DIRECTION ( 'NONE',  ( 6.938893903907227392E-16, 4.845403715540893213E-30, -1.000000000000000000 ) ) ;
#1336 = MANIFOLD_SOLID_BREP ( 'Simetr\X2\00ed\X0\a3', #6847 ) ;
#1337 = EDGE_CURVE ( 'NONE', #1396, #9022, #9568, .T. ) ;
#1338 = EDGE_CURVE ( 'NONE', #4216, #6356, #8646, .T. ) ;
#1339 = CIRCLE ( 'NONE', #2275, 10.00000000000000178 ) ;
#1340 = CARTESIAN_POINT ( 'NONE',  ( 11.27017349682989611, 26.00000000000007816, 31.00000000000000000 ) ) ;
#1341 = ORIENTED_EDGE ( 'NONE', *, *, #5787, .F. ) ;
#1342 = PLANE ( 'NONE',  #6511 ) ;
#1343 = EDGE_LOOP ( 'NONE', ( #2623, #7599, #4136, #3581 ) ) ;
#1344 = DIRECTION ( 'NONE',  ( -1.000000000000000000, -6.987186840583978369E-15, -0.000000000000000000 ) ) ;
#1345 = ORIENTED_EDGE ( 'NONE', *, *, #8563, .F. ) ;
#1346 = AXIS2_PLACEMENT_3D ( 'NONE', #5903, #2781, #8856 ) ;
#1347 = SURFACE_STYLE_FILL_AREA ( #2893 ) ;
#1348 = EDGE_CURVE ( 'NONE', #3763, #3970, #7728, .T. ) ;
#1349 = ORIENTED_EDGE ( 'NONE', *, *, #4967, .F. ) ;
#1350 = VECTOR ( 'NONE', #7491, 1000.000000000000000 ) ;
#1351 = B_SPLINE_CURVE_WITH_KNOTS ( 'NONE', 3,
 ( #7432, #810, #6698, #75, #3026, #852 ),
 .UNSPECIFIED., .F., .F.,
 ( 4, 2, 4 ),
 ( 0.000000000000000000, 0.0007714355372924321195, 0.001542871074584864239 ),
 .UNSPECIFIED. ) ;
#1352 = VECTOR ( 'NONE', #2888, 1000.000000000000000 ) ;
#1353 = DIRECTION ( 'NONE',  ( -0.000000000000000000, -1.000000000000000000, 0.000000000000000000 ) ) ;
#1354 = CARTESIAN_POINT ( 'NONE',  ( 60.00000000000000000, 4.000000000000000000, -10.00000000000001243 ) ) ;
#1355 = ORIENTED_EDGE ( 'NONE', *, *, #4689, .T. ) ;
#1356 = VECTOR ( 'NONE', #7381, 1000.000000000000000 ) ;
#1357 = AXIS2_PLACEMENT_3D ( 'NONE', #1148, #2747, #8699 ) ;
#1358 = ORIENTED_EDGE ( 'NONE', *, *, #7173, .F. ) ;
#1359 = LINE ( 'NONE', #4309, #1513 ) ;
#1360 = DIRECTION ( 'NONE',  ( 0.000000000000000000, 0.000000000000000000, 1.000000000000000000 ) ) ;
#1361 = ORIENTED_EDGE ( 'NONE', *, *, #7247, .F. ) ;
#1362 = ADVANCED_FACE ( 'NONE', ( #2453 ), #4053, .F. ) ;
#1363 = AXIS2_PLACEMENT_3D ( 'NONE', #461, #4237, #6360 ) ;
#1364 = AXIS2_PLACEMENT_3D ( 'NONE', #4276, #6498, #5678 ) ;
#1365 = CARTESIAN_POINT ( 'NONE',  ( -60.00000000000000000, 26.00000000000000355, 0.000000000000000000 ) ) ;
#1366 = EDGE_LOOP ( 'NONE', ( #8632, #631 ) ) ;
#1367 = ADVANCED_FACE ( 'NONE', ( #5403 ), #1105, .F. ) ;
#1368 = CARTESIAN_POINT ( 'NONE',  ( -1.816668578551834344E-13, 26.00000000000000355, -32.50000000000000000 ) ) ;
#1369 = CARTESIAN_POINT ( 'NONE',  ( 55.86932208953562906, 3.000000000000391243, -14.00000000000000888 ) ) ;
#1370 = CIRCLE ( 'NONE', #7395, 3.599999999999997424 ) ;
#1371 = EDGE_CURVE ( 'NONE', #1324, #7910, #6016, .T. ) ;
#1372 = DIRECTION ( 'NONE',  ( 0.000000000000000000, 0.000000000000000000, -1.000000000000000000 ) ) ;
#1373 = ORIENTED_EDGE ( 'NONE', *, *, #7860, .F. ) ;
#1374 = DIRECTION ( 'NONE',  ( 1.000000000000000000, 0.000000000000000000, 0.000000000000000000 ) ) ;
#1375 = ORIENTED_EDGE ( 'NONE', *, *, #1631, .F. ) ;
#1376 = DIRECTION ( 'NONE',  ( -1.000000000000000000, 0.000000000000000000, 0.000000000000000000 ) ) ;
#1377 = EDGE_LOOP ( 'NONE', ( #3339, #5647, #3971, #7883 ) ) ;
#1378 = DIRECTION ( 'NONE',  ( 0.000000000000000000, 1.000000000000000000, 0.000000000000000000 ) ) ;
#1379 = DIRECTION ( 'NONE',  ( 0.000000000000000000, 0.000000000000000000, 1.000000000000000000 ) ) ;
#1380 = ADVANCED_FACE ( 'NONE', ( #6901 ), #7001, .F. ) ;
#1381 = PLANE ( 'NONE',  #5590 ) ;
#1382 = LINE ( 'NONE', #5152, #432 ) ;
#1383 = CARTESIAN_POINT ( 'NONE',  ( 70.00000000000021316, 3.000000000000492051, 1.749999999999996891 ) ) ;
#1384 = AXIS2_PLACEMENT_3D ( 'NONE', #6437, #9576, #94 ) ;
#1385 = ORIENTED_EDGE ( 'NONE', *, *, #8072, .F. ) ;
#1386 = ORIENTED_EDGE ( 'NONE', *, *, #1993, .T. ) ;
#1387 = DIRECTION ( 'NONE',  ( -1.000000000000000000, 0.000000000000000000, 0.000000000000000000 ) ) ;
#1388 = CIRCLE ( 'NONE', #4779, 7.599999999999999645 ) ;
#1389 = EDGE_CURVE ( 'NONE', #8073, #8861, #4633, .T. ) ;
#1390 = LINE ( 'NONE', #5556, #5831 ) ;
#1391 = DIRECTION ( 'NONE',  ( -0.000000000000000000, -1.000000000000000000, -0.000000000000000000 ) ) ;
#1392 = VECTOR ( 'NONE', #3475, 1000.000000000000000 ) ;
#1393 = EDGE_LOOP ( 'NONE', ( #6846, #6433, #9154, #8373 ) ) ;
#1394 = DIRECTION ( 'NONE',  ( 1.000000000000000000, 0.000000000000000000, 0.000000000000000000 ) ) ;
#1395 = CARTESIAN_POINT ( 'NONE',  ( -11.29999999999994031, 24.49999999999992184, -32.50000000000000000 ) ) ;
#1396 = VERTEX_POINT ( 'NONE', #186 ) ;
#1397 = DIRECTION ( 'NONE',  ( 1.000000000000000000, 6.982962677686266711E-15, 6.209932073980663753E-17 ) ) ;
#1398 = ORIENTED_EDGE ( 'NONE', *, *, #1090, .T. ) ;
#1399 = EDGE_CURVE ( 'NONE', #5275, #5167, #2514, .T. ) ;
#1400 = EDGE_CURVE ( 'NONE', #1751, #500, #227, .T. ) ;
#1401 = CIRCLE ( 'NONE', #8195, 1.000000000000000222 ) ;
#1402 = CARTESIAN_POINT ( 'NONE',  ( 30.00000000000000000, -33.00000000000000000, -1.000000000000001554 ) ) ;
#1403 = VERTEX_POINT ( 'NONE', #2501 ) ;
#1404 = CARTESIAN_POINT ( 'NONE',  ( -60.00000000000000000, 4.000000000000000000, 0.000000000000000000 ) ) ;
#1405 = CARTESIAN_POINT ( 'NONE',  ( -59.99999999999999289, 4.000000000000000000, -15.75000000000000355 ) ) ;
#1406 = VECTOR ( 'NONE', #4260, 1000.000000000000000 ) ;
#1407 = CARTESIAN_POINT ( 'NONE',  ( 5.079608877308689152, 31.37318878770069830, 33.02160370647009557 ) ) ;
#1408 = ORIENTED_EDGE ( 'NONE', *, *, #5217, .T. ) ;
#1409 = CARTESIAN_POINT ( 'NONE',  ( -5.080129500198315107, 31.37374796064692362, 33.01654170693532819 ) ) ;
#1410 = CARTESIAN_POINT ( 'NONE',  ( -59.99999999999976552, -4.163336342344337027E-13, 9.999999999999984013 ) ) ;
#1411 = ORIENTED_EDGE ( 'NONE', *, *, #9488, .T. ) ;
#1412 = VECTOR ( 'NONE', #4806, 1000.000000000000000 ) ;
#1413 = DIRECTION ( 'NONE',  ( 1.000000000000000000, 0.000000000000000000, 0.000000000000000000 ) ) ;
#1414 = VERTEX_POINT ( 'NONE', #2408 ) ;
#1415 = LINE ( 'NONE', #6626, #4874 ) ;
#1416 = DIRECTION ( 'NONE',  ( -1.000000000000000000, -6.987186840583978369E-15, -0.000000000000000000 ) ) ;
#1417 = EDGE_CURVE ( 'NONE', #6313, #4719, #8479, .T. ) ;
#1418 = AXIS2_PLACEMENT_3D ( 'NONE', #3386, #4063, #5608 ) ;
#1419 = AXIS2_PLACEMENT_3D ( 'NONE', #7662, #6940, #6210 ) ;
#1420 = EDGE_CURVE ( 'NONE', #4622, #1150, #327, .T. ) ;
#1421 = CARTESIAN_POINT ( 'NONE',  ( 69.35795024560600552, 4.891920202254596006E-13, 10.97034943076253555 ) ) ;
#1422 = VERTEX_POINT ( 'NONE', #8442 ) ;
#1423 = CARTESIAN_POINT ( 'NONE',  ( -3.600000000000276756, 42.99999999999997868, -32.50000000000000000 ) ) ;
#1424 = ORIENTED_EDGE ( 'NONE', *, *, #2269, .F. ) ;
#1425 = CYLINDRICAL_SURFACE ( 'NONE', #6761, 1.750000000000105693 ) ;
#1426 = VECTOR ( 'NONE', #9504, 1000.000000000000000 ) ;
#1427 = AXIS2_PLACEMENT_3D ( 'NONE', #4235, #556, #2067 ) ;
#1428 = ORIENTED_EDGE ( 'NONE', *, *, #402, .F. ) ;
#1429 = DIRECTION ( 'NONE',  ( -6.982962677686266711E-15, 1.000000000000000000, -8.673617379884034239E-17 ) ) ;
#1430 = DIRECTION ( 'NONE',  ( 0.000000000000000000, 0.000000000000000000, 1.000000000000000000 ) ) ;
#1431 = CYLINDRICAL_SURFACE ( 'NONE', #183, 4.099999999999999645 ) ;
#1432 = DIRECTION ( 'NONE',  ( -0.000000000000000000, -0.000000000000000000, 1.000000000000000000 ) ) ;
#1433 = DIRECTION ( 'NONE',  ( 0.000000000000000000, 1.000000000000000000, 0.000000000000000000 ) ) ;
#1434 = ORIENTED_EDGE ( 'NONE', *, *, #1809, .T. ) ;
#1435 = EDGE_CURVE ( 'NONE', #1285, #4386, #3704, .T. ) ;
#1436 = DIRECTION ( 'NONE',  ( 6.982962677686266711E-15, -1.000000000000000000, 0.000000000000000000 ) ) ;
#1437 = CIRCLE ( 'NONE', #4376, 5.750000000000001776 ) ;
#1438 = DIRECTION ( 'NONE',  ( 6.982962677686266711E-15, -1.000000000000000000, 0.000000000000000000 ) ) ;
#1439 = CARTESIAN_POINT ( 'NONE',  ( 11.27017349682989611, 26.00000000000008171, -33.32048117062144854 ) ) ;
#1440 = ORIENTED_EDGE ( 'NONE', *, *, #5793, .T. ) ;
#1441 = DIRECTION ( 'NONE',  ( -0.000000000000000000, -1.000000000000000000, -0.000000000000000000 ) ) ;
#1442 = CARTESIAN_POINT ( 'NONE',  ( 9.482088377567524873, 24.00000000000007105, 1.499999999999998002 ) ) ;
#1443 = ORIENTED_EDGE ( 'NONE', *, *, #8061, .T. ) ;
#1444 = CARTESIAN_POINT ( 'NONE',  ( -2.500000000000179412, 25.99999999999998579, 31.25000000000000000 ) ) ;
#1445 = ORIENTED_EDGE ( 'NONE', *, *, #4408, .T. ) ;
#1446 = CARTESIAN_POINT ( 'NONE',  ( -60.00000000000000000, 26.00000000000000355, 0.000000000000000000 ) ) ;
#1447 = CLOSED_SHELL ( 'NONE', ( #1065, #4619, #2728, #6644, #367, #2664, #5093, #7608, #6265, #6003, #7307, #2961, #6775, #3639, #4378, #9065, #1712, #3800, #9073, #8755, #3927, #6695, #1367, #30, #1692, #2663, #5618, #7120 ) ) ;
#1448 = ORIENTED_EDGE ( 'NONE', *, *, #959, .T. ) ;
#1449 = MANIFOLD_SOLID_BREP ( 'Cortar-Extruir7', #1447 ) ;
#1450 = EDGE_CURVE ( 'NONE', #8994, #6274, #4101, .T. ) ;
#1451 = DIRECTION ( 'NONE',  ( -6.982962677686266711E-15, 1.000000000000000000, -0.000000000000000000 ) ) ;
#1452 = DIRECTION ( 'NONE',  ( 6.982962677686266711E-15, -1.000000000000000000, 0.000000000000000000 ) ) ;
#1453 = CARTESIAN_POINT ( 'NONE',  ( -2.793185071074506684E-13, 43.00000000000000000, -32.50000000000000000 ) ) ;
#1454 = VERTEX_POINT ( 'NONE', #276 ) ;
#1455 = LINE ( 'NONE', #635, #8788 ) ;
#1456 = EDGE_CURVE ( 'NONE', #5669, #6554, #453, .T. ) ;
#1457 = DIRECTION ( 'NONE',  ( 0.000000000000000000, 0.000000000000000000, 1.000000000000000000 ) ) ;
#1458 = VERTEX_POINT ( 'NONE', #3412 ) ;
#1459 = DIRECTION ( 'NONE',  ( -0.000000000000000000, -1.000000000000000000, -0.000000000000000000 ) ) ;
#1460 = DIRECTION ( 'NONE',  ( 0.000000000000000000, -1.000000000000000000, -2.604172100283218727E-31 ) ) ;
#1461 = ORIENTED_EDGE ( 'NONE', *, *, #862, .T. ) ;
#1462 = DIRECTION ( 'NONE',  ( -6.987186840583977580E-15, 1.000000000000000000, 7.888609052210118054E-31 ) ) ;
#1463 = CARTESIAN_POINT ( 'NONE',  ( 6.999999999999993783, 3.500000000000001332, 50.40000000000001279 ) ) ;
#1464 = ORIENTED_EDGE ( 'NONE', *, *, #4697, .F. ) ;
#1465 = DIRECTION ( 'NONE',  ( 0.000000000000000000, -0.000000000000000000, -1.000000000000000000 ) ) ;
#1466 = EDGE_LOOP ( 'NONE', ( #373, #7763, #5602, #6076 ) ) ;
#1467 = ADVANCED_FACE ( 'NONE', ( #8425 ), #457, .T. ) ;
#1468 = FACE_OUTER_BOUND ( 'NONE', #7522, .T. ) ;
#1469 = ORIENTED_EDGE ( 'NONE', *, *, #2818, .T. ) ;
#1470 = CARTESIAN_POINT ( 'NONE',  ( 8.100000000000292744, 28.59999999999991971, 34.00000000000000000 ) ) ;
#1471 = EDGE_CURVE ( 'NONE', #3011, #6571, #4232, .T. ) ;
#1472 = ORIENTED_EDGE ( 'NONE', *, *, #6134, .T. ) ;
#1473 = DIRECTION ( 'NONE',  ( 1.000000000000000000, 0.000000000000000000, -0.000000000000000000 ) ) ;
#1474 = DIRECTION ( 'NONE',  ( 0.000000000000000000, 0.000000000000000000, -1.000000000000000000 ) ) ;
#1475 = FACE_OUTER_BOUND ( 'NONE', #9172, .T. ) ;
#1476 = CIRCLE ( 'NONE', #1006, 1.699999999999999289 ) ;
#1477 = CARTESIAN_POINT ( 'NONE',  ( 14.99999999999944222, 113.0181803158006915, 49.00000000000001421 ) ) ;
#1478 = DIRECTION ( 'NONE',  ( -1.156482317317870739E-16, 0.000000000000000000, -1.000000000000000000 ) ) ;
#1479 = ORIENTED_EDGE ( 'NONE', *, *, #2957, .T. ) ;
#1480 = CARTESIAN_POINT ( 'NONE',  ( -11.29999999999994031, 24.49999999999992184, -32.50000000000000000 ) ) ;
#1481 = DIRECTION ( 'NONE',  ( -5.473822126268816683E-45, 7.888609052210118054E-31, 1.000000000000000000 ) ) ;
#1482 = DIRECTION ( 'NONE',  ( -1.000000000000000000, 0.000000000000000000, 0.000000000000000000 ) ) ;
#1483 = VERTEX_POINT ( 'NONE', #2018 ) ;
#1484 = EDGE_CURVE ( 'NONE', #2454, #3623, #4754, .T. ) ;
#1485 = EDGE_CURVE ( 'NONE', #398, #6612, #7811, .T. ) ;
#1486 = CARTESIAN_POINT ( 'NONE',  ( -1.711924138386540470E-13, 24.50000000000000000, -2.051038353574630974E-29 ) ) ;
#1487 = CARTESIAN_POINT ( 'NONE',  ( -6.400000000000289013, 28.59999999999991616, -34.00000000000000000 ) ) ;
#1488 = ORIENTED_EDGE ( 'NONE', *, *, #235, .F. ) ;
#1489 = LINE ( 'NONE', #135, #6294 ) ;
#1490 = ORIENTED_EDGE ( 'NONE', *, *, #7918, .F. ) ;
#1491 = DIRECTION ( 'NONE',  ( 0.000000000000000000, 1.000000000000000000, 0.000000000000000000 ) ) ;
#1492 = AXIS2_PLACEMENT_3D ( 'NONE', #7593, #1511, #8909 ) ;
#1493 = VERTEX_POINT ( 'NONE', #6987 ) ;
#1494 = AXIS2_PLACEMENT_3D ( 'NONE', #3540, #2189, #6624 ) ;
#1495 = DIRECTION ( 'NONE',  ( 6.982962677686266711E-15, -1.000000000000000000, 0.000000000000000000 ) ) ;
#1496 = CARTESIAN_POINT ( 'NONE',  ( -69.99999999999977263, 2.999999999999513278, -1.750000000000013989 ) ) ;
#1497 = EDGE_CURVE ( 'NONE', #3791, #4622, #6600, .T. ) ;
#1498 = ORIENTED_EDGE ( 'NONE', *, *, #7538, .F. ) ;
#1499 = CARTESIAN_POINT ( 'NONE',  ( -21.50000000000000000, -0.1999999999999987899, 34.00000000000000000 ) ) ;
#1500 = VERTEX_POINT ( 'NONE', #8634 ) ;
#1501 = LINE ( 'NONE', #1646, #5507 ) ;
#1502 = CARTESIAN_POINT ( 'NONE',  ( -2.793185071074506684E-13, 43.00000000000000000, 32.50000000000000000 ) ) ;
#1503 = ORIENTED_EDGE ( 'NONE', *, *, #5491, .T. ) ;
#1504 = CARTESIAN_POINT ( 'NONE',  ( 3.599999999999718092, 43.00000000000002842, 32.50000000000000000 ) ) ;
#1505 = VECTOR ( 'NONE', #7293, 1000.000000000000000 ) ;
#1506 = DIRECTION ( 'NONE',  ( 0.000000000000000000, 0.000000000000000000, -1.000000000000000000 ) ) ;
#1507 = EDGE_LOOP ( 'NONE', ( #5294, #2928 ) ) ;
#1508 = AXIS2_PLACEMENT_3D ( 'NONE', #6094, #9085, #8956 ) ;
#1509 = ADVANCED_FACE ( 'NONE', ( #4815 ), #1086, .F. ) ;
#1510 = DIRECTION ( 'NONE',  ( 0.000000000000000000, 1.000000000000000000, 0.000000000000000000 ) ) ;
#1511 = DIRECTION ( 'NONE',  ( 6.982962677686266711E-15, -1.000000000000000000, 0.000000000000000000 ) ) ;
#1512 = ORIENTED_EDGE ( 'NONE', *, *, #899, .T. ) ;
#1513 = VECTOR ( 'NONE', #7258, 1000.000000000000227 ) ;
#1514 = FACE_OUTER_BOUND ( 'NONE', #587, .T. ) ;
#1515 = AXIS2_PLACEMENT_3D ( 'NONE', #7805, #5005, #399 ) ;
#1516 = EDGE_LOOP ( 'NONE', ( #6221, #5863, #5479, #860 ) ) ;
#1517 = LINE ( 'NONE', #2151, #5532 ) ;
#1518 = VERTEX_POINT ( 'NONE', #2687 ) ;
#1519 = ADVANCED_FACE ( 'NONE', ( #6355 ), #6400, .T. ) ;
#1520 = FACE_OUTER_BOUND ( 'NONE', #3587, .T. ) ;
#1521 = EDGE_CURVE ( 'NONE', #5560, #5806, #8931, .T. ) ;
#1522 = CIRCLE ( 'NONE', #6454, 7.600000000000005862 ) ;
#1523 = CIRCLE ( 'NONE', #6288, 4.500000000000004441 ) ;
#1524 = VECTOR ( 'NONE', #3808, 1000.000000000000000 ) ;
#1525 = ORIENTED_EDGE ( 'NONE', *, *, #35, .F. ) ;
#1526 = CYLINDRICAL_SURFACE ( 'NONE', #5950, 1.000000000000001554 ) ;
#1527 = CARTESIAN_POINT ( 'NONE',  ( 9.800000000000292033, 28.59999999999991971, -31.00000000000000000 ) ) ;
#1528 = DIRECTION ( 'NONE',  ( 0.000000000000000000, 0.000000000000000000, -1.000000000000000000 ) ) ;
#1529 = CARTESIAN_POINT ( 'NONE',  ( 4.874423042781377724, 31.13093921164811562, -31.00000000000000000 ) ) ;
#1530 = FACE_OUTER_BOUND ( 'NONE', #5351, .T. ) ;
#1531 = VECTOR ( 'NONE', #4321, 1000.000000000000000 ) ;
#1532 = ORIENTED_EDGE ( 'NONE', *, *, #5664, .T. ) ;
#1533 = LINE ( 'NONE', #4483, #4494 ) ;
#1534 = DIRECTION ( 'NONE',  ( 0.000000000000000000, -0.000000000000000000, 1.000000000000000000 ) ) ;
#1535 = DIRECTION ( 'NONE',  ( 1.000000000000000000, 6.987186840583977580E-15, 0.000000000000000000 ) ) ;
#1536 = ORIENTED_EDGE ( 'NONE', *, *, #1485, .T. ) ;
#1537 = FACE_OUTER_BOUND ( 'NONE', #2820, .T. ) ;
#1538 = CARTESIAN_POINT ( 'NONE',  ( -59.99999999999999289, 3.000000000000000000, -15.75000000000000355 ) ) ;
#1539 = EDGE_CURVE ( 'NONE', #2662, #221, #4910, .T. ) ;
#1540 = EDGE_CURVE ( 'NONE', #2029, #8904, #1523, .T. ) ;
#1541 = ORIENTED_EDGE ( 'NONE', *, *, #111, .T. ) ;
#1542 = CARTESIAN_POINT ( 'NONE',  ( -8.100000000000289191, 28.59999999999991616, 32.50000000000000000 ) ) ;
#1543 = ORIENTED_EDGE ( 'NONE', *, *, #5001, .F. ) ;
#1544 = DIRECTION ( 'NONE',  ( 0.000000000000000000, 0.000000000000000000, 1.000000000000000000 ) ) ;
#1545 = EDGE_CURVE ( 'NONE', #88, #6087, #4037, .T. ) ;
#1546 = VECTOR ( 'NONE', #8993, 1000.000000000000000 ) ;
#1547 = EDGE_LOOP ( 'NONE', ( #4300, #4250, #5270, #2920 ) ) ;
#1548 = CARTESIAN_POINT ( 'NONE',  ( 60.00000000000000000, 4.000000000000000000, -10.00000000000001243 ) ) ;
#1549 = CARTESIAN_POINT ( 'NONE',  ( 4.788953503288261930E-14, 26.00000000000000355, -2.051038353574630974E-29 ) ) ;
#1550 = PLANE ( 'NONE',  #4004 ) ;
#1551 = DIRECTION ( 'NONE',  ( 6.982962677686266711E-15, -1.000000000000000000, 0.000000000000000000 ) ) ;
#1552 = CIRCLE ( 'NONE', #7106, 0.7499999999999986677 ) ;
#1553 = ORIENTED_EDGE ( 'NONE', *, *, #8471, .F. ) ;
#1554 = DIRECTION ( 'NONE',  ( 1.000000000000000000, 6.991383056702158839E-18, 4.091458637429465086E-47 ) ) ;
#1555 = DIRECTION ( 'NONE',  ( 0.000000000000000000, 0.000000000000000000, 1.000000000000000000 ) ) ;
#1556 = B_SPLINE_CURVE_WITH_KNOTS ( 'NONE', 3,
 ( #5112, #7433, #6651, #1439 ),
 .UNSPECIFIED., .F., .F.,
 ( 4, 4 ),
 ( 0.000000000000000000, 0.0006881903657701562245 ),
 .UNSPECIFIED. ) ;
#1557 = ORIENTED_EDGE ( 'NONE', *, *, #2049, .T. ) ;
#1558 = ADVANCED_FACE ( 'NONE', ( #1284 ), #3264, .F. ) ;
#1559 = FACE_OUTER_BOUND ( 'NONE', #5405, .T. ) ;
#1560 = AXIS2_PLACEMENT_3D ( 'NONE', #8106, #5876, #8249 ) ;
#1561 = DIRECTION ( 'NONE',  ( 0.000000000000000000, -1.000000000000000000, 0.000000000000000000 ) ) ;
#1562 = VERTEX_POINT ( 'NONE', #1868 ) ;
#1563 = EDGE_CURVE ( 'NONE', #5282, #1282, #5584, .T. ) ;
#1564 = DIRECTION ( 'NONE',  ( 0.000000000000000000, 0.000000000000000000, 1.000000000000000000 ) ) ;
#1565 = CARTESIAN_POINT ( 'NONE',  ( 58.45845530899427445, 4.128641872824800885E-13, 5.458336687847006097 ) ) ;
#1566 = VERTEX_POINT ( 'NONE', #1919 ) ;
#1567 = CARTESIAN_POINT ( 'NONE',  ( -11.29999999999995097, 25.99999999999992184, 2.051038353574630974E-29 ) ) ;
#1568 = AXIS2_PLACEMENT_3D ( 'NONE', #5248, #4526, #8371 ) ;
#1569 = MANIFOLD_SOLID_BREP ( 'Saliente-Extruir18', #5705 ) ;
#1570 = AXIS2_PLACEMENT_3D ( 'NONE', #9483, #9386, #1360 ) ;
#1571 = CARTESIAN_POINT ( 'NONE',  ( 3.815756805667831042, 26.00000000000002842, 1.499999999999997780 ) ) ;
#1572 = ORIENTED_EDGE ( 'NONE', *, *, #508, .T. ) ;
#1573 = DIRECTION ( 'NONE',  ( 6.982962677686266711E-15, -1.000000000000000000, 0.000000000000000000 ) ) ;
#1574 = ORIENTED_EDGE ( 'NONE', *, *, #5379, .T. ) ;
#1575 = CIRCLE ( 'NONE', #6038, 11.29999999999977689 ) ;
#1576 = SURFACE_STYLE_FILL_AREA ( #5243 ) ;
#1577 = PLANE ( 'NONE',  #1050 ) ;
#1578 = VECTOR ( 'NONE', #2808, 1000.000000000000000 ) ;
#1579 = AXIS2_PLACEMENT_3D ( 'NONE', #4585, #226, #6085 ) ;
#1580 = DIRECTION ( 'NONE',  ( -0.000000000000000000, -1.000000000000000000, -0.000000000000000000 ) ) ;
#1581 = EDGE_CURVE ( 'NONE', #2662, #1773, #6208, .T. ) ;
#1582 = CYLINDRICAL_SURFACE ( 'NONE', #8404, 1.000000000000001554 ) ;
#1583 = FACE_OUTER_BOUND ( 'NONE', #4877, .T. ) ;
#1584 = ORIENTED_EDGE ( 'NONE', *, *, #5726, .T. ) ;
#1585 = AXIS2_PLACEMENT_3D ( 'NONE', #6824, #1653, #3285 ) ;
#1586 = EDGE_CURVE ( 'NONE', #4470, #3582, #3555, .T. ) ;
#1587 = DIRECTION ( 'NONE',  ( -6.982962677686266711E-15, 1.000000000000000000, 0.000000000000000000 ) ) ;
#1588 = CARTESIAN_POINT ( 'NONE',  ( 25.00000000000023093, 1.769417945496343236E-13, -29.00000000000000711 ) ) ;
#1589 = CARTESIAN_POINT ( 'NONE',  ( -2.897929511239801316E-13, 44.50000000000000711, 32.50000000000000000 ) ) ;
#1590 = EDGE_LOOP ( 'NONE', ( #317, #1557, #1889, #3774 ) ) ;
#1591 = CARTESIAN_POINT ( 'NONE',  ( 14.99999999999944045, 113.0181803158006915, 29.00000000000001066 ) ) ;
#1592 = CARTESIAN_POINT ( 'NONE',  ( 13.00000000000020428, 3.000000000000092815, 42.50000000000000000 ) ) ;
#1593 = ORIENTED_EDGE ( 'NONE', *, *, #1935, .F. ) ;
#1594 = CARTESIAN_POINT ( 'NONE',  ( 5.099999999999799805, 31.39463772249581552, -32.50000000000000000 ) ) ;
#1595 = ORIENTED_EDGE ( 'NONE', *, *, #8250, .T. ) ;
#1596 =( NAMED_UNIT ( * ) SI_UNIT ( $, .STERADIAN. ) SOLID_ANGLE_UNIT ( ) );
#1597 = VECTOR ( 'NONE', #3268, 1000.000000000000000 ) ;
#1598 = ORIENTED_EDGE ( 'NONE', *, *, #7750, .F. ) ;
#1599 = EDGE_CURVE ( 'NONE', #330, #3407, #6640, .T. ) ;
#1600 = DIRECTION ( 'NONE',  ( 6.982962677686266711E-15, -1.000000000000000000, -0.000000000000000000 ) ) ;
#1601 = CARTESIAN_POINT ( 'NONE',  ( 60.00000000000000000, 26.00000000000000355, -1.387778780781445676E-14 ) ) ;
#1602 = VERTEX_POINT ( 'NONE', #2249 ) ;
#1603 = CARTESIAN_POINT ( 'NONE',  ( 11.29999999999960458, 26.00000000000008171, -32.50000000000000000 ) ) ;
#1604 = VERTEX_POINT ( 'NONE', #5729 ) ;
#1605 = CARTESIAN_POINT ( 'NONE',  ( -2.500000000000179412, 25.99999999999998579, -31.25000000000000000 ) ) ;
#1606 = CARTESIAN_POINT ( 'NONE',  ( 6.999999999999994671, 10.70000000000000107, 43.40000000000001279 ) ) ;
#1607 = ORIENTED_EDGE ( 'NONE', *, *, #7151, .F. ) ;
#1608 = PLANE ( 'NONE',  #2574 ) ;
#1609 = CYLINDRICAL_SURFACE ( 'NONE', #3675, 7.799999999999999822 ) ;
#1610 = DIRECTION ( 'NONE',  ( 0.000000000000000000, 0.000000000000000000, -1.000000000000000000 ) ) ;
#1611 = CARTESIAN_POINT ( 'NONE',  ( 7.690903718029558966, 24.50000000000005329, -1.299999999999997824 ) ) ;
#1612 = VERTEX_POINT ( 'NONE', #5051 ) ;
#1613 = ADVANCED_FACE ( 'NONE', ( #6499 ), #2922, .F. ) ;
#1614 = EDGE_CURVE ( 'NONE', #3935, #5550, #20, .T. ) ;
#1615 = DIRECTION ( 'NONE',  ( 6.991383056702158839E-18, -1.000000000000000000, 1.212811631800771286E-32 ) ) ;
#1616 = DIRECTION ( 'NONE',  ( 0.000000000000000000, 0.000000000000000000, 1.000000000000000000 ) ) ;
#1617 = VERTEX_POINT ( 'NONE', #1527 ) ;
#1618 = DIRECTION ( 'NONE',  ( 1.000000000000000000, 0.000000000000000000, 0.000000000000000000 ) ) ;
#1619 = ORIENTED_EDGE ( 'NONE', *, *, #4236, .F. ) ;
#1620 = CARTESIAN_POINT ( 'NONE',  ( 7.690903718029558966, 24.50000000000005329, 1.299999999999997824 ) ) ;
#1621 = CARTESIAN_POINT ( 'NONE',  ( 21.24746460142320004, 48.80255095400650589, 18.99999999999991118 ) ) ;
#1622 = CARTESIAN_POINT ( 'NONE',  ( -2.793185071074507189E-13, 43.00000000000000000, -32.50000000000000000 ) ) ;
#1623 = CYLINDRICAL_SURFACE ( 'NONE', #1568, 5.750000000000000888 ) ;
#1624 = VERTEX_POINT ( 'NONE', #2975 ) ;
#1625 = DIRECTION ( 'NONE',  ( 0.000000000000000000, -0.000000000000000000, -1.000000000000000000 ) ) ;
#1626 = DIRECTION ( 'NONE',  ( -0.000000000000000000, -1.000000000000000000, -0.000000000000000000 ) ) ;
#1627 = EDGE_CURVE ( 'NONE', #7105, #6300, #8159, .T. ) ;
#1628 = FACE_BOUND ( 'NONE', #2996, .T. ) ;
#1629 = CYLINDRICAL_SURFACE ( 'NONE', #9515, 4.099999999999999645 ) ;
#1630 = ORIENTED_EDGE ( 'NONE', *, *, #6446, .F. ) ;
#1631 = EDGE_CURVE ( 'NONE', #4981, #6218, #8004, .T. ) ;
#1632 = DIRECTION ( 'NONE',  ( 6.982962677686265922E-15, -1.000000000000000000, 0.000000000000000000 ) ) ;
#1633 = LINE ( 'NONE', #4576, #9222 ) ;
#1634 = ORIENTED_EDGE ( 'NONE', *, *, #7531, .T. ) ;
#1635 = ORIENTED_EDGE ( 'NONE', *, *, #9175, .F. ) ;
#1636 = SURFACE_STYLE_FILL_AREA ( #7482 ) ;
#1637 = AXIS2_PLACEMENT_3D ( 'NONE', #7, #2962, #5906 ) ;
#1638 = EDGE_CURVE ( 'NONE', #5700, #606, #1673, .T. ) ;
#1639 = EDGE_CURVE ( 'NONE', #1778, #3830, #4143, .T. ) ;
#1640 = ORIENTED_EDGE ( 'NONE', *, *, #7918, .T. ) ;
#1641 = VECTOR ( 'NONE', #9272, 1000.000000000000000 ) ;
#1642 = LINE ( 'NONE', #4778, #7287 ) ;
#1643 = CYLINDRICAL_SURFACE ( 'NONE', #1697, 1.750000000000105693 ) ;
#1644 = ORIENTED_EDGE ( 'NONE', *, *, #2509, .F. ) ;
#1645 = AXIS2_PLACEMENT_3D ( 'NONE', #4600, #2238, #8315 ) ;
#1646 = CARTESIAN_POINT ( 'NONE',  ( 68.95114145132582451, 4.857225732735059864E-13, 10.76462106710501665 ) ) ;
#1647 = EDGE_CURVE ( 'NONE', #8553, #2499, #3978, .T. ) ;
#1648 = FILL_AREA_STYLE ('',( #8265 ) ) ;
#1649 = ORIENTED_EDGE ( 'NONE', *, *, #842, .T. ) ;
#1650 = LINE ( 'NONE', #4550, #3816 ) ;
#1651 = AXIS2_PLACEMENT_3D ( 'NONE', #8131, #8713, #5036 ) ;
#1652 = FACE_OUTER_BOUND ( 'NONE', #1332, .T. ) ;
#1653 = DIRECTION ( 'NONE',  ( 0.000000000000000000, 1.000000000000000000, 0.000000000000000000 ) ) ;
#1654 = CARTESIAN_POINT ( 'NONE',  ( 4.929826503170724017, 26.00000000000003553, 34.00000000000000000 ) ) ;
#1655 = ORIENTED_EDGE ( 'NONE', *, *, #7192, .T. ) ;
#1656 = PLANE ( 'NONE',  #4650 ) ;
#1657 = EDGE_CURVE ( 'NONE', #2398, #3361, #6141, .T. ) ;
#1658 = CARTESIAN_POINT ( 'NONE',  ( 6.196528862359562112E-14, 24.00000000000000355, 0.000000000000000000 ) ) ;
#1659 = ORIENTED_EDGE ( 'NONE', *, *, #6157, .F. ) ;
#1660 = CARTESIAN_POINT ( 'NONE',  ( 30.00000000000000000, -33.00000000000000000, 0.000000000000000000 ) ) ;
#1661 = VECTOR ( 'NONE', #3, 1000.000000000000000 ) ;
#1662 = EDGE_CURVE ( 'NONE', #2513, #5637, #8826, .T. ) ;
#1663 = ORIENTED_EDGE ( 'NONE', *, *, #9469, .T. ) ;
#1664 = EDGE_CURVE ( 'NONE', #9008, #4472, #554, .T. ) ;
#1665 = CARTESIAN_POINT ( 'NONE',  ( -1.711924138386540470E-13, 24.50000000000000000, 32.50000000000000000 ) ) ;
#1666 = DIRECTION ( 'NONE',  ( 1.000000000000000000, 6.982962677686266711E-15, 0.000000000000000000 ) ) ;
#1667 = AXIS2_PLACEMENT_3D ( 'NONE', #3679, #3485, #5131 ) ;
#1668 = AXIS2_PLACEMENT_3D ( 'NONE', #3856, #5441, #7524 ) ;
#1669 = LINE ( 'NONE', #892, #8110 ) ;
#1670 = CARTESIAN_POINT ( 'NONE',  ( -6.999999999999995559, 3.500000000000001332, 50.40000000000001279 ) ) ;
#1671 = CIRCLE ( 'NONE', #265, 9.999999999999994671 ) ;
#1672 = CIRCLE ( 'NONE', #7999, 1.749999999999996891 ) ;
#1673 = CIRCLE ( 'NONE', #8303, 5.750000000000002665 ) ;
#1674 = ORIENTED_EDGE ( 'NONE', *, *, #6249, .T. ) ;
#1675 = LINE ( 'NONE', #6072, #5830 ) ;
#1677 = AXIS2_PLACEMENT_3D ( 'NONE', #9371, #7154, #4929 ) ;
#1676 = DIRECTION ( 'NONE',  ( 1.000000000000000000, 6.982962677686266711E-15, 6.209932073980663753E-17 ) ) ;
#1678 = CARTESIAN_POINT ( 'NONE',  ( -4.874423042781769411, 31.13093921164860944, 34.00000000000000000 ) ) ;
#1679 = DIRECTION ( 'NONE',  ( 0.000000000000000000, 0.000000000000000000, 1.000000000000000000 ) ) ;
#1680 = ORIENTED_EDGE ( 'NONE', *, *, #5259, .F. ) ;
#1681 = VECTOR ( 'NONE', #2266, 1000.000000000000000 ) ;
#1682 = DIRECTION ( 'NONE',  ( 0.000000000000000000, 0.000000000000000000, 1.000000000000000000 ) ) ;
#1683 = CARTESIAN_POINT ( 'NONE',  ( 21.24746460142320004, 48.80255095400650589, 18.99999999999991118 ) ) ;
#1684 = EDGE_LOOP ( 'NONE', ( #77, #4346 ) ) ;
#1685 = ORIENTED_EDGE ( 'NONE', *, *, #9416, .F. ) ;
#1686 = LINE ( 'NONE', #4630, #8030 ) ;
#1687 = EDGE_CURVE ( 'NONE', #7848, #4491, #3668, .T. ) ;
#1688 = AXIS2_PLACEMENT_3D ( 'NONE', #4843, #7791, #1213 ) ;
#1689 = UNCERTAINTY_MEASURE_WITH_UNIT (LENGTH_MEASURE( 1.000000000000000082E-05 ), #2301, 'distance_accuracy_value', 'NONE');
#1690 = CARTESIAN_POINT ( 'NONE',  ( 11.27017349682989789, 26.00000000000007816, 32.50000000000000000 ) ) ;
#1691 = EDGE_CURVE ( 'NONE', #6401, #3467, #2784, .T. ) ;
#1692 = ADVANCED_FACE ( 'NONE', ( #4611 ), #1577, .F. ) ;
#1693 = CARTESIAN_POINT ( 'NONE',  ( 0.000000000000000000, 3.000000000000000000, 0.000000000000000000 ) ) ;
#1694 = EDGE_LOOP ( 'NONE', ( #528, #7408, #4561, #2739 ) ) ;
#1695 = DIRECTION ( 'NONE',  ( 1.734723475976805517E-15, 0.000000000000000000, -1.000000000000000000 ) ) ;
#1696 = ORIENTED_EDGE ( 'NONE', *, *, #4730, .F. ) ;
#1697 = AXIS2_PLACEMENT_3D ( 'NONE', #7488, #824, #4268 ) ;
#1698 = ORIENTED_EDGE ( 'NONE', *, *, #6462, .T. ) ;
#1699 = FACE_OUTER_BOUND ( 'NONE', #4007, .T. ) ;
#1700 = CIRCLE ( 'NONE', #6474, 1.000000000000001554 ) ;
#1701 = CARTESIAN_POINT ( 'NONE',  ( 6.502183067439896824, 4.857225732735059864E-14, -19.00000000000001421 ) ) ;
#1702 = CYLINDRICAL_SURFACE ( 'NONE', #8058, 6.099999999999999645 ) ;
#1703 = CARTESIAN_POINT ( 'NONE',  ( 60.00000000000022737, 4.232725281383409310E-13, 0.000000000000000000 ) ) ;
#1704 = MECHANICAL_DESIGN_GEOMETRIC_PRESENTATION_REPRESENTATION (  '', ( #6637 ), #5254 ) ;
#1705 = ORIENTED_EDGE ( 'NONE', *, *, #6357, .T. ) ;
#1706 = DIRECTION ( 'NONE',  ( 0.000000000000000000, 1.000000000000000000, -0.000000000000000000 ) ) ;
#1707 = CARTESIAN_POINT ( 'NONE',  ( 60.00000000000000000, -31.00000000000000000, -60.00000000000000000 ) ) ;
#1708 = ORIENTED_EDGE ( 'NONE', *, *, #1920, .F. ) ;
#1709 = CARTESIAN_POINT ( 'NONE',  ( 61.00000000000022737, 4.302114220422481594E-13, -5.000000000000000000 ) ) ;
#1710 = VECTOR ( 'NONE', #3893, 1000.000000000000000 ) ;
#1711 = VERTEX_POINT ( 'NONE', #8920 ) ;
#1712 = ADVANCED_FACE ( 'NONE', ( #5333 ), #6065, .F. ) ;
#1713 = DIRECTION ( 'NONE',  ( -1.000000000000000000, 0.000000000000000000, 0.000000000000000000 ) ) ;
#1714 = DIRECTION ( 'NONE',  ( -6.982962677686266711E-15, 1.000000000000000000, -0.000000000000000000 ) ) ;
#1715 = ADVANCED_FACE ( 'NONE', ( #3068 ), #7511, .T. ) ;
#1716 = AXIS2_PLACEMENT_3D ( 'NONE', #6482, #5802, #2764 ) ;
#1717 = DIRECTION ( 'NONE',  ( 1.000000000000000000, 0.000000000000000000, -0.000000000000000000 ) ) ;
#1718 = CARTESIAN_POINT ( 'NONE',  ( 9.713392816107106142, 26.00000000000007105, 1.299999999999997824 ) ) ;
#1719 = ORIENTED_EDGE ( 'NONE', *, *, #3771, .T. ) ;
#1720 = PLANE ( 'NONE',  #8300 ) ;
#1721 = LINE ( 'NONE', #8421, #4901 ) ;
#1722 = AXIS2_PLACEMENT_3D ( 'NONE', #4371, #6491, #9398 ) ;
#1723 = AXIS2_PLACEMENT_3D ( 'NONE', #1591, #618, #3567 ) ;
#1724 = CARTESIAN_POINT ( 'NONE',  ( 13.00000000000000355, -1.000000000000005773, 42.50000000000000000 ) ) ;
#1725 = CARTESIAN_POINT ( 'NONE',  ( 11.30000000000003801, 27.50000000000008171, -2.110202921466219471E-29 ) ) ;
#1726 = EDGE_LOOP ( 'NONE', ( #3430, #7331, #1408, #8640 ) ) ;
#1727 = EDGE_CURVE ( 'NONE', #1792, #1308, #5864, .T. ) ;
#1728 = LINE ( 'NONE', #7523, #800 ) ;
#1729 = PLANE ( 'NONE',  #5060 ) ;
#1730 = EDGE_CURVE ( 'NONE', #8462, #5010, #6105, .T. ) ;
#1731 = AXIS2_PLACEMENT_3D ( 'NONE', #1157, #9379, #2040 ) ;
#1732 = CIRCLE ( 'NONE', #3427, 4.099999999999999645 ) ;
#1733 = ORIENTED_EDGE ( 'NONE', *, *, #5491, .F. ) ;
#1734 = EDGE_LOOP ( 'NONE', ( #4835, #6472, #6001, #5392 ) ) ;
#1735 = CARTESIAN_POINT ( 'NONE',  ( -2.500000000000179412, 25.99999999999998579, 31.25000000000000000 ) ) ;
#1736 = AXIS2_PLACEMENT_3D ( 'NONE', #5588, #7720, #7816 ) ;
#1737 = ORIENTED_EDGE ( 'NONE', *, *, #7884, .T. ) ;
#1738 = CARTESIAN_POINT ( 'NONE',  ( -25.19999999999999574, 6.899999999999999467, 18.99999999999999645 ) ) ;
#1739 = EDGE_CURVE ( 'NONE', #8086, #8531, #3199, .T. ) ;
#1740 = DIRECTION ( 'NONE',  ( 0.000000000000000000, 1.000000000000000000, 0.000000000000000000 ) ) ;
#1741 = ORIENTED_EDGE ( 'NONE', *, *, #8100, .F. ) ;
#1742 = CARTESIAN_POINT ( 'NONE',  ( -1.501336975702547469E-13, 24.50000000000000000, 32.50000000000000000 ) ) ;
#1743 = ORIENTED_EDGE ( 'NONE', *, *, #5546, .T. ) ;
#1744 = CARTESIAN_POINT ( 'NONE',  ( 55.86932208953526668, 4.000000000000000000, 13.99999999999998401 ) ) ;
#1745 = VERTEX_POINT ( 'NONE', #251 ) ;
#1746 = VERTEX_POINT ( 'NONE', #985 ) ;
#1747 = EDGE_CURVE ( 'NONE', #9566, #3056, #2430, .T. ) ;
#1748 = CYLINDRICAL_SURFACE ( 'NONE', #5063, 8.500000000000000000 ) ;
#1749 = DIRECTION ( 'NONE',  ( -0.000000000000000000, -1.000000000000000000, -0.000000000000000000 ) ) ;
#1750 = DIRECTION ( 'NONE',  ( 0.000000000000000000, 0.000000000000000000, 1.000000000000000000 ) ) ;
#1751 = VERTEX_POINT ( 'NONE', #6837 ) ;
#1752 = EDGE_CURVE ( 'NONE', #5083, #5300, #113, .T. ) ;
#1753 = DIRECTION ( 'NONE',  ( -0.000000000000000000, -1.000000000000000000, 0.000000000000000000 ) ) ;
#1754 = CYLINDRICAL_SURFACE ( 'NONE', #2912, 1.750000000000032863 ) ;
#1755 = ORIENTED_EDGE ( 'NONE', *, *, #8238, .T. ) ;
#1756 = PLANE ( 'NONE',  #8143 ) ;
#1757 = ORIENTED_EDGE ( 'NONE', *, *, #6037, .F. ) ;
#1758 = CARTESIAN_POINT ( 'NONE',  ( 11.27017349682989611, 26.00000000000008171, 33.32048117062144854 ) ) ;
#1759 = DIRECTION ( 'NONE',  ( 0.000000000000000000, 0.000000000000000000, 1.000000000000000000 ) ) ;
#1760 = CARTESIAN_POINT ( 'NONE',  ( 60.00000000000000000, 4.000000000000000000, 9.999999999999984013 ) ) ;
#1761 = CARTESIAN_POINT ( 'NONE',  ( -8.100000000000289191, 28.59999999999991616, -34.00000000000000000 ) ) ;
#1762 = FACE_BOUND ( 'NONE', #2638, .T. ) ;
#1763 = VERTEX_POINT ( 'NONE', #9101 ) ;
#1764 = CARTESIAN_POINT ( 'NONE',  ( 70.00000000000022737, 4.926614671774132148E-13, 1.749999999999996891 ) ) ;
#1765 = EDGE_CURVE ( 'NONE', #3536, #7299, #67, .T. ) ;
#1766 = FACE_OUTER_BOUND ( 'NONE', #1833, .T. ) ;
#1767 = DIRECTION ( 'NONE',  ( -6.982962677686266711E-15, 1.000000000000000000, 0.000000000000000000 ) ) ;
#1768 = FACE_OUTER_BOUND ( 'NONE', #4204, .T. ) ;
#1769 = ORIENTED_EDGE ( 'NONE', *, *, #5961, .F. ) ;
#1770 = DIRECTION ( 'NONE',  ( -6.982962677686266711E-15, 1.000000000000000000, -0.000000000000000000 ) ) ;
#1771 = DIRECTION ( 'NONE',  ( 2.965339275174028547E-16, 1.000000000000000000, -0.000000000000000000 ) ) ;
#1772 = CYLINDRICAL_SURFACE ( 'NONE', #4750, 4.099999999999999645 ) ;
#1773 = VERTEX_POINT ( 'NONE', #4477 ) ;
#1774 = ORIENTED_EDGE ( 'NONE', *, *, #3585, .T. ) ;
#1775 = DIRECTION ( 'NONE',  ( 0.000000000000000000, 0.000000000000000000, -1.000000000000000000 ) ) ;
#1776 = UNCERTAINTY_MEASURE_WITH_UNIT (LENGTH_MEASURE( 1.000000000000000082E-05 ), #8670, 'distance_accuracy_value', 'NONE');
#1777 = EDGE_CURVE ( 'NONE', #7091, #8114, #5246, .T. ) ;
#1778 = VERTEX_POINT ( 'NONE', #5295 ) ;
#1779 = CARTESIAN_POINT ( 'NONE',  ( -14.99999999999979039, 2.999999999999898748, 19.00000000000001066 ) ) ;
#1780 = VECTOR ( 'NONE', #2679, 1000.000000000000000 ) ;
#1781 = CARTESIAN_POINT ( 'NONE',  ( -12.99999999999999645, -0.1999999999999987899, 34.00000000000000000 ) ) ;
#1782 = AXIS2_PLACEMENT_3D ( 'NONE', #9100, #5382, #8469 ) ;
#1783 = ORIENTED_EDGE ( 'NONE', *, *, #5769, .F. ) ;
#1784 = DIRECTION ( 'NONE',  ( 0.000000000000000000, 0.000000000000000000, -1.000000000000000000 ) ) ;
#1785 = ORIENTED_EDGE ( 'NONE', *, *, #4066, .T. ) ;
#1786 = ORIENTED_EDGE ( 'NONE', *, *, #5230, .F. ) ;
#1787 = ORIENTED_EDGE ( 'NONE', *, *, #8779, .F. ) ;
#1788 = EDGE_CURVE ( 'NONE', #1792, #1624, #6789, .T. ) ;
#1789 = CARTESIAN_POINT ( 'NONE',  ( 5.021051876504147385E-16, -31.00000000000000000, -4.099999999999999645 ) ) ;
#1790 = CARTESIAN_POINT ( 'NONE',  ( -26.00000000000002842, -1.000000000000007772, 50.40000000000001279 ) ) ;
#1791 = LINE ( 'NONE', #4735, #5892 ) ;
#1792 = VERTEX_POINT ( 'NONE', #161 ) ;
#1793 = CARTESIAN_POINT ( 'NONE',  ( 8.100000000000292744, 28.59999999999991971, 31.00000000000000000 ) ) ;
#1794 = VECTOR ( 'NONE', #2697, 1000.000000000000000 ) ;
#1795 = CARTESIAN_POINT ( 'NONE',  ( 25.20000000000003482, -0.1999999999999996503, 19.00000000000000355 ) ) ;
#1796 = ORIENTED_EDGE ( 'NONE', *, *, #3190, .T. ) ;
#1797 = DIRECTION ( 'NONE',  ( -0.000000000000000000, -1.000000000000000000, -0.000000000000000000 ) ) ;
#1798 = VECTOR ( 'NONE', #6489, 1000.000000000000000 ) ;
#1799 =( GEOMETRIC_REPRESENTATION_CONTEXT ( 3 ) GLOBAL_UNCERTAINTY_ASSIGNED_CONTEXT ( ( #915 ) ) GLOBAL_UNIT_ASSIGNED_CONTEXT ( ( #293, #2518, #4262 ) ) REPRESENTATION_CONTEXT ( 'NONE', 'WORKASPACE' ) );
#1800 = B_SPLINE_CURVE_WITH_KNOTS ( 'NONE', 3,
 ( #8752, #8710, #8661, #4991 ),
 .UNSPECIFIED., .F., .F.,
 ( 4, 4 ),
 ( 0.000000000000000000, 0.0002128395633472743873 ),
 .UNSPECIFIED. ) ;
#1801 = EDGE_CURVE ( 'NONE', #2868, #5869, #5383, .T. ) ;
#1802 = ORIENTED_EDGE ( 'NONE', *, *, #5641, .T. ) ;
#1803 = ORIENTED_EDGE ( 'NONE', *, *, #3052, .T. ) ;
#1804 = CARTESIAN_POINT ( 'NONE',  ( -2.500000000000169198, 24.49999999999998224, 32.50000000000000000 ) ) ;
#1805 = DIRECTION ( 'NONE',  ( 0.000000000000000000, 0.000000000000000000, 1.000000000000000000 ) ) ;
#1806 = CARTESIAN_POINT ( 'NONE',  ( 4.874423042781412363, 26.06906078835168472, 34.00000000000000000 ) ) ;
#1807 = CARTESIAN_POINT ( 'NONE',  ( -60.99999999999971578, -8.000000000000422773, 4.054187035541926498 ) ) ;
#1808 = EDGE_CURVE ( 'NONE', #7140, #1602, #8369, .T. ) ;
#1809 = EDGE_CURVE ( 'NONE', #2517, #2535, #1070, .T. ) ;
#1810 = CIRCLE ( 'NONE', #573, 4.099999999999999645 ) ;
#1811 = DIRECTION ( 'NONE',  ( -0.000000000000000000, -1.000000000000000000, -0.000000000000000000 ) ) ;
#1812 = ORIENTED_EDGE ( 'NONE', *, *, #7977, .F. ) ;
#1813 = LINE ( 'NONE', #2683, #1197 ) ;
#1814 = CARTESIAN_POINT ( 'NONE',  ( -1.816668578551834344E-13, 26.00000000000000355, 2.051038353574630974E-29 ) ) ;
#1815 = ORIENTED_EDGE ( 'NONE', *, *, #8783, .T. ) ;
#1816 = VECTOR ( 'NONE', #4393, 1000.000000000000000 ) ;
#1817 = CARTESIAN_POINT ( 'NONE',  ( 5.448022075825894913E-14, 26.00000000000000355, -4.099999999999999645 ) ) ;
#1818 = SURFACE_STYLE_USAGE ( .BOTH. , #7085 ) ;
#1819 = EDGE_LOOP ( 'NONE', ( #2778, #4875, #5845, #545 ) ) ;
#1820 = CARTESIAN_POINT ( 'NONE',  ( -6.400000000000289013, 28.59999999999991616, 31.00000000000000000 ) ) ;
#1821 = AXIS2_PLACEMENT_3D ( 'NONE', #9328, #7110, #1113 ) ;
#1822 = AXIS2_PLACEMENT_3D ( 'NONE', #79, #8066, #8789 ) ;
#1823 = CYLINDRICAL_SURFACE ( 'NONE', #1363, 4.100000000000001421 ) ;
#1824 = DIRECTION ( 'NONE',  ( 1.000000000000000000, 0.000000000000000000, 0.000000000000000000 ) ) ;
#1825 = ORIENTED_EDGE ( 'NONE', *, *, #9374, .T. ) ;
#1826 = ORIENTED_EDGE ( 'NONE', *, *, #5861, .T. ) ;
#1827 = CIRCLE ( 'NONE', #8928, 11.29999999999977689 ) ;
#1828 = DIRECTION ( 'NONE',  ( 0.000000000000000000, 1.000000000000000000, 0.000000000000000000 ) ) ;
#1829 = AXIS2_PLACEMENT_3D ( 'NONE', #2108, #2158, #7325 ) ;
#1830 = AXIS2_PLACEMENT_3D ( 'NONE', #2783, #1378, #5728 ) ;
#1831 = CARTESIAN_POINT ( 'NONE',  ( 0.000000000000000000, -20.99999999999999645, 0.000000000000000000 ) ) ;
#1832 = VECTOR ( 'NONE', #5187, 1000.000000000000000 ) ;
#1833 = EDGE_LOOP ( 'NONE', ( #7676, #8698, #6506, #8322 ) ) ;
#1834 = EDGE_CURVE ( 'NONE', #6971, #8086, #5244, .T. ) ;
#1835 = EDGE_CURVE ( 'NONE', #8700, #5700, #9573, .T. ) ;
#1836 = CARTESIAN_POINT ( 'NONE',  ( 6.196528862359562112E-14, 24.00000000000000355, 0.000000000000000000 ) ) ;
#1837 = ORIENTED_EDGE ( 'NONE', *, *, #1497, .T. ) ;
#1838 = CARTESIAN_POINT ( 'NONE',  ( -1.711924138386540470E-13, 24.50000000000000000, 2.051038353574630974E-29 ) ) ;
#1839 = VERTEX_POINT ( 'NONE', #3793 ) ;
#1840 = AXIS2_PLACEMENT_3D ( 'NONE', #4167, #3486, #7792 ) ;
#1841 = LINE ( 'NONE', #4784, #8652 ) ;
#1842 = EDGE_LOOP ( 'NONE', ( #7630, #3614, #2456, #7809, #7071 ) ) ;
#1843 = DIRECTION ( 'NONE',  ( -6.987186840583977580E-15, 1.000000000000000000, -7.888609052210118054E-31 ) ) ;
#1844 = CARTESIAN_POINT ( 'NONE',  ( 60.00000000000022737, 4.232725281383409310E-13, 10.00000000000000000 ) ) ;
#1845 = CARTESIAN_POINT ( 'NONE',  ( -59.99999999999977263, 2.999999999999583000, -11.75000000000004441 ) ) ;
#1846 = ORIENTED_EDGE ( 'NONE', *, *, #3079, .T. ) ;
#1847 = VECTOR ( 'NONE', #8392, 1000.000000000000000 ) ;
#1848 = CARTESIAN_POINT ( 'NONE',  ( 60.00000000000000000, 3.000000000000000000, -11.75000000000004441 ) ) ;
#1849 = EDGE_CURVE ( 'NONE', #1745, #6206, #1388, .T. ) ;
#1850 = DIRECTION ( 'NONE',  ( 2.312964634635729152E-16, 0.000000000000000000, -1.000000000000000000 ) ) ;
#1851 = ORIENTED_EDGE ( 'NONE', *, *, #2916, .T. ) ;
#1852 = CIRCLE ( 'NONE', #2619, 1.699999999999999289 ) ;
#1853 = DIRECTION ( 'NONE',  ( 0.000000000000000000, 1.000000000000000000, -0.000000000000000000 ) ) ;
#1854 = ORIENTED_EDGE ( 'NONE', *, *, #7000, .F. ) ;
#1855 = VERTEX_POINT ( 'NONE', #6927 ) ;
#1856 = FACE_OUTER_BOUND ( 'NONE', #1251, .T. ) ;
#1857 = DIRECTION ( 'NONE',  ( -1.000000000000000000, 0.000000000000000000, 0.000000000000000000 ) ) ;
#1858 = DIRECTION ( 'NONE',  ( -0.000000000000000000, 1.000000000000000000, -0.000000000000000000 ) ) ;
#1859 = LINE ( 'NONE', #4026, #1412 ) ;
#1860 = AXIS2_PLACEMENT_3D ( 'NONE', #9281, #2659, #5604 ) ;
#1861 = DIRECTION ( 'NONE',  ( 1.000000000000000000, 6.987186840583977580E-15, 0.000000000000000000 ) ) ;
#1862 = EDGE_LOOP ( 'NONE', ( #818, #5748, #2909, #304 ) ) ;
#1863 = CYLINDRICAL_SURFACE ( 'NONE', #4595, 4.099999999999997868 ) ;
#1864 = FACE_BOUND ( 'NONE', #2775, .T. ) ;
#1865 = ORIENTED_EDGE ( 'NONE', *, *, #6037, .T. ) ;
#1866 = EDGE_CURVE ( 'NONE', #6622, #6519, #6790, .T. ) ;
#1867 = DIRECTION ( 'NONE',  ( 0.000000000000000000, 0.000000000000000000, -1.000000000000000000 ) ) ;
#1868 = CARTESIAN_POINT ( 'NONE',  ( 7.600000000000043165, 27.50000000000005684, -2.110202921466214987E-29 ) ) ;
#1869 = VECTOR ( 'NONE', #7870, 1000.000000000000000 ) ;
#1870 = ORIENTED_EDGE ( 'NONE', *, *, #682, .F. ) ;
#1871 = DIRECTION ( 'NONE',  ( -1.000000000000000000, -6.982962677686266711E-15, -6.209932073980642799E-17 ) ) ;
#1872 = FACE_OUTER_BOUND ( 'NONE', #4855, .T. ) ;
#1873 = CARTESIAN_POINT ( 'NONE',  ( 60.00000000000000000, 4.000000000000000000, -11.75000000000004441 ) ) ;
#1874 = EDGE_CURVE ( 'NONE', #5236, #1855, #2462, .T. ) ;
#1875 = ORIENTED_EDGE ( 'NONE', *, *, #809, .T. ) ;
#1876 = ORIENTED_EDGE ( 'NONE', *, *, #6966, .F. ) ;
#1877 = CIRCLE ( 'NONE', #9283, 14.00000000000000178 ) ;
#1878 = PRESENTATION_LAYER_ASSIGNMENT (  '', '', ( #1095 ) ) ;
#1879 = FACE_OUTER_BOUND ( 'NONE', #4652, .T. ) ;
#1880 = FACE_OUTER_BOUND ( 'NONE', #4935, .T. ) ;
#1881 = VERTEX_POINT ( 'NONE', #4175 ) ;
#1882 = CIRCLE ( 'NONE', #8832, 7.600000000000005862 ) ;
#1883 = AXIS2_PLACEMENT_3D ( 'NONE', #3039, #3989, #5991 ) ;
#1884 = VECTOR ( 'NONE', #275, 1000.000000000000000 ) ;
#1885 = CARTESIAN_POINT ( 'NONE',  ( -8.100000000000289191, 28.59999999999991616, -31.00000000000000000 ) ) ;
#1886 = CARTESIAN_POINT ( 'NONE',  ( 59.54154469100627267, -14.21836078075889453, 3.316627699545124486 ) ) ;
#1887 = ORIENTED_EDGE ( 'NONE', *, *, #602, .T. ) ;
#1888 = FACE_OUTER_BOUND ( 'NONE', #2123, .T. ) ;
#1889 = ORIENTED_EDGE ( 'NONE', *, *, #6228, .F. ) ;
#1890 = CARTESIAN_POINT ( 'NONE',  ( 7.450503338701202516, 54.49604614807109471, 1.499999999999995559 ) ) ;
#1891 = CIRCLE ( 'NONE', #7291, 6.099999999999999645 ) ;
#1892 = EDGE_CURVE ( 'NONE', #1060, #5083, #9149, .T. ) ;
#1893 = VERTEX_POINT ( 'NONE', #7125 ) ;
#1894 = CARTESIAN_POINT ( 'NONE',  ( -5.100000000000195932, 31.39463772249623830, -32.50000000000000000 ) ) ;
#1895 = CARTESIAN_POINT ( 'NONE',  ( -6.999999999999997335, 3.500000000000001332, 49.20000000000001705 ) ) ;
#1896 = DIRECTION ( 'NONE',  ( 3.435095992033280975E-16, 1.000000000000000000, -0.000000000000000000 ) ) ;
#1897 = ORIENTED_EDGE ( 'NONE', *, *, #283, .T. ) ;
#1898 = AXIS2_PLACEMENT_3D ( 'NONE', #2322, #3769, #8220 ) ;
#1899 = CARTESIAN_POINT ( 'NONE',  ( 55.86932208953526668, 4.000000000000000000, 13.99999999999998401 ) ) ;
#1900 = DIRECTION ( 'NONE',  ( -1.000000000000000000, 0.000000000000000000, 0.000000000000000000 ) ) ;
#1901 = ORIENTED_EDGE ( 'NONE', *, *, #6036, .F. ) ;
#1902 = VECTOR ( 'NONE', #3310, 1000.000000000000000 ) ;
#1903 = CARTESIAN_POINT ( 'NONE',  ( -5.079608877309087056, 31.37318878770112818, 31.97839629352990087 ) ) ;
#1904 = ORIENTED_EDGE ( 'NONE', *, *, #5980, .T. ) ;
#1905 = ORIENTED_EDGE ( 'NONE', *, *, #4385, .T. ) ;
#1906 = ADVANCED_FACE ( 'NONE', ( #392 ), #7753, .F. ) ;
#1907 = CARTESIAN_POINT ( 'NONE',  ( -2.793185071074507189E-13, 43.00000000000000000, 32.50000000000000000 ) ) ;
#1908 = CARTESIAN_POINT ( 'NONE',  ( -4.929826503170779084, 25.99999999999996803, 33.80644963494063404 ) ) ;
#1909 = EDGE_CURVE ( 'NONE', #7653, #5688, #1075, .T. ) ;
#1910 = CARTESIAN_POINT ( 'NONE',  ( -1.816668578551834344E-13, 26.00000000000000355, -32.50000000000000000 ) ) ;
#1911 = LINE ( 'NONE', #1807, #3105 ) ;
#1912 = DIRECTION ( 'NONE',  ( -0.000000000000000000, -1.000000000000000000, -0.000000000000000000 ) ) ;
#1913 = ORIENTED_EDGE ( 'NONE', *, *, #8207, .F. ) ;
#1914 = DIRECTION ( 'NONE',  ( 1.000000000000000000, 6.987186840583977580E-15, 0.000000000000000000 ) ) ;
#1915 = DIRECTION ( 'NONE',  ( 0.000000000000000000, 1.000000000000000000, 0.000000000000000000 ) ) ;
#1916 = ORIENTED_EDGE ( 'NONE', *, *, #8281, .F. ) ;
#1917 = EDGE_CURVE ( 'NONE', #4147, #9477, #455, .T. ) ;
#1918 = FACE_BOUND ( 'NONE', #2609, .T. ) ;
#1919 = CARTESIAN_POINT ( 'NONE',  ( -6.400000000000289013, 28.59999999999991616, 34.00000000000000000 ) ) ;
#1920 = EDGE_CURVE ( 'NONE', #9315, #7527, #6785, .T. ) ;
#1921 = VERTEX_POINT ( 'NONE', #1168 ) ;
#1922 = DIRECTION ( 'NONE',  ( -6.982962677686266711E-15, 1.000000000000000000, -0.000000000000000000 ) ) ;
#1923 = FACE_BOUND ( 'NONE', #8596, .T. ) ;
#1924 = DIRECTION ( 'NONE',  ( -6.982962677686266711E-15, 1.000000000000000000, 0.000000000000000000 ) ) ;
#1925 = ORIENTED_EDGE ( 'NONE', *, *, #1639, .T. ) ;
#1926 = ORIENTED_EDGE ( 'NONE', *, *, #5630, .F. ) ;
#1927 = CARTESIAN_POINT ( 'NONE',  ( 60.00000000000000000, -33.00000000000000000, -60.00000000000000000 ) ) ;
#1928 = EDGE_CURVE ( 'NONE', #9414, #2091, #9418, .T. ) ;
#1929 = CARTESIAN_POINT ( 'NONE',  ( 55.86932208953565038, 3.920475055707584033E-13, -14.00000000000000888 ) ) ;
#1930 = ORIENTED_EDGE ( 'NONE', *, *, #8648, .T. ) ;
#1931 = CARTESIAN_POINT ( 'NONE',  ( -1.501336975702547469E-13, 24.50000000000000000, 32.50000000000000000 ) ) ;
#1932 = VERTEX_POINT ( 'NONE', #4125 ) ;
#1933 = LINE ( 'NONE', #9130, #2440 ) ;
#1934 = EDGE_LOOP ( 'NONE', ( #2024, #5043, #2800, #1532 ) ) ;
#1935 = EDGE_CURVE ( 'NONE', #7140, #8161, #1700, .T. ) ;
#1936 = EDGE_CURVE ( 'NONE', #7450, #3995, #1852, .T. ) ;
#1937 = CARTESIAN_POINT ( 'NONE',  ( 55.86932208953547274, 4.000000000000000000, -14.00000000000001243 ) ) ;
#1938 = VERTEX_POINT ( 'NONE', #8414 ) ;
#1939 = EDGE_CURVE ( 'NONE', #2190, #1212, #8027, .T. ) ;
#1940 = PLANE ( 'NONE',  #1987 ) ;
#1941 = CARTESIAN_POINT ( 'NONE',  ( 8.100000000000292744, 28.59999999999991971, -34.00000000000000000 ) ) ;
#1942 = DIRECTION ( 'NONE',  ( -6.982962677686266711E-15, 1.000000000000000000, 0.000000000000000000 ) ) ;
#1943 = CIRCLE ( 'NONE', #5792, 1.750000000000003331 ) ;
#1944 = ORIENTED_EDGE ( 'NONE', *, *, #1964, .F. ) ;
#1945 = LINE ( 'NONE', #4116, #2746 ) ;
#1946 = CARTESIAN_POINT ( 'NONE',  ( 21.50000000000000711, 48.80255095400650589, 34.00000000000000000 ) ) ;
#1947 = ORIENTED_EDGE ( 'NONE', *, *, #5823, .T. ) ;
#1948 = CYLINDRICAL_SURFACE ( 'NONE', #8284, 14.00000000000000178 ) ;
#1949 = ORIENTED_EDGE ( 'NONE', *, *, #2755, .T. ) ;
#1950 = ORIENTED_EDGE ( 'NONE', *, *, #3242, .T. ) ;
#1951 = FACE_OUTER_BOUND ( 'NONE', #7392, .T. ) ;
#1952 = CARTESIAN_POINT ( 'NONE',  ( -25.20000000000012719, -0.2000000000000000111, 49.20000000000001705 ) ) ;
#1953 = EDGE_CURVE ( 'NONE', #5067, #1921, #4747, .T. ) ;
#1954 = EDGE_CURVE ( 'NONE', #263, #3308, #7713, .T. ) ;
#1955 = AXIS2_PLACEMENT_3D ( 'NONE', #2074, #9467, #2984 ) ;
#1956 = CARTESIAN_POINT ( 'NONE',  ( 4.874423042781412363, 26.06906078835168472, -34.00000000000000000 ) ) ;
#1957 = DIRECTION ( 'NONE',  ( 6.982962677686266711E-15, -1.000000000000000000, 0.000000000000000000 ) ) ;
#1958 = CARTESIAN_POINT ( 'NONE',  ( 55.86932208953526668, 3.000000000000000000, 13.99999999999998401 ) ) ;
#1959 = VECTOR ( 'NONE', #2287, 1000.000000000000000 ) ;
#1960 = ORIENTED_EDGE ( 'NONE', *, *, #7238, .F. ) ;
#1961 = CARTESIAN_POINT ( 'NONE',  ( 73.14687500000023590, 5.134781488891348999E-13, 4.812450283834103892 ) ) ;
#1962 = EDGE_CURVE ( 'NONE', #4622, #3424, #495, .T. ) ;
#1963 = DIRECTION ( 'NONE',  ( 0.000000000000000000, 1.000000000000000000, 0.000000000000000000 ) ) ;
#1964 = EDGE_CURVE ( 'NONE', #4015, #6542, #3296, .T. ) ;
#1965 = VECTOR ( 'NONE', #2622, 1000.000000000000000 ) ;
#1966 = ORIENTED_EDGE ( 'NONE', *, *, #913, .T. ) ;
#1967 = DIRECTION ( 'NONE',  ( 0.000000000000000000, 0.000000000000000000, 1.000000000000000000 ) ) ;
#1968 = DIRECTION ( 'NONE',  ( 1.000000000000000000, 6.982962677686266711E-15, 2.041375437649193008E-15 ) ) ;
#1969 = ORIENTED_EDGE ( 'NONE', *, *, #4075, .F. ) ;
#1970 = CARTESIAN_POINT ( 'NONE',  ( -11.23012686263949611, 25.95152404528536394, -33.77505275895797610 ) ) ;
#1971 = LINE ( 'NONE', #1236, #8540 ) ;
#1972 = CARTESIAN_POINT ( 'NONE',  ( 3.740875477200665096E-14, 27.50000000000000355, -2.169367489357782745E-29 ) ) ;
#1973 = ORIENTED_EDGE ( 'NONE', *, *, #2497, .T. ) ;
#1974 = ORIENTED_EDGE ( 'NONE', *, *, #6949, .F. ) ;
#1975 = EDGE_CURVE ( 'NONE', #3830, #9106, #6292, .T. ) ;
#1976 = VERTEX_POINT ( 'NONE', #4801 ) ;
#1977 = DIRECTION ( 'NONE',  ( 1.000000000000000000, 0.000000000000000000, 0.000000000000000000 ) ) ;
#1978 = VECTOR ( 'NONE', #5626, 1000.000000000000000 ) ;
#1979 = AXIS2_PLACEMENT_3D ( 'NONE', #3825, #2508, #876 ) ;
#1980 = PLANE ( 'NONE',  #1019 ) ;
#1981 = ORIENTED_EDGE ( 'NONE', *, *, #3944, .F. ) ;
#1982 = DIRECTION ( 'NONE',  ( 0.000000000000000000, 1.000000000000000000, -0.000000000000000000 ) ) ;
#1983 = VECTOR ( 'NONE', #5387, 1000.000000000000000 ) ;
#1984 = ORIENTED_EDGE ( 'NONE', *, *, #7875, .F. ) ;
#1985 = DIRECTION ( 'NONE',  ( 0.000000000000000000, 0.000000000000000000, 1.000000000000000000 ) ) ;
#1986 = VERTEX_POINT ( 'NONE', #5570 ) ;
#1987 = AXIS2_PLACEMENT_3D ( 'NONE', #8558, #4161, #8785 ) ;
#1988 = EDGE_CURVE ( 'NONE', #2939, #1602, #4320, .T. ) ;
#1989 = AXIS2_PLACEMENT_3D ( 'NONE', #9457, #8871, #4380 ) ;
#1990 = CARTESIAN_POINT ( 'NONE',  ( 70.00000000000019895, 3.000000000000492051, 0.000000000000000000 ) ) ;
#1991 = AXIS2_PLACEMENT_3D ( 'NONE', #8022, #2701, #1397 ) ;
#1992 = ORIENTED_EDGE ( 'NONE', *, *, #8033, .T. ) ;
#1993 = EDGE_CURVE ( 'NONE', #7923, #6793, #6436, .T. ) ;
#1994 = CARTESIAN_POINT ( 'NONE',  ( 61.00000000000028422, -7.999999999999570122, 4.054187035541940709 ) ) ;
#1995 = DIRECTION ( 'NONE',  ( 0.000000000000000000, 0.000000000000000000, 1.000000000000000000 ) ) ;
#1996 = ORIENTED_EDGE ( 'NONE', *, *, #4937, .T. ) ;
#1997 = AXIS2_PLACEMENT_3D ( 'NONE', #4557, #3834, #6189 ) ;
#1998 = ORIENTED_EDGE ( 'NONE', *, *, #1051, .T. ) ;
#1999 = CARTESIAN_POINT ( 'NONE',  ( 0.000000000000000000, -20.99999999999999645, 4.099999999999999645 ) ) ;
#2000 = CARTESIAN_POINT ( 'NONE',  ( 64.81245028383405327, 3.000000000000000000, -13.14687500000003695 ) ) ;
#2001 = VERTEX_POINT ( 'NONE', #8671 ) ;
#2002 = DIRECTION ( 'NONE',  ( -0.000000000000000000, -1.000000000000000000, 0.000000000000000000 ) ) ;
#2003 = ORIENTED_EDGE ( 'NONE', *, *, #8334, .F. ) ;
#2004 = ORIENTED_EDGE ( 'NONE', *, *, #6312, .F. ) ;
#2005 = CARTESIAN_POINT ( 'NONE',  ( -2.500000000000169198, 24.49999999999998224, 31.25000000000000000 ) ) ;
#2006 = DIRECTION ( 'NONE',  ( 1.000000000000000000, 0.000000000000000000, 0.000000000000000000 ) ) ;
#2007 = FACE_OUTER_BOUND ( 'NONE', #4092, .T. ) ;
#2008 = CARTESIAN_POINT ( 'NONE',  ( 1.448301091884788623E-13, 3.469446951953022543E-15, -7.599999999999999645 ) ) ;
#2009 = DIRECTION ( 'NONE',  ( 0.000000000000000000, 0.000000000000000000, -1.000000000000000000 ) ) ;
#2010 = VERTEX_POINT ( 'NONE', #1463 ) ;
#2011 = CARTESIAN_POINT ( 'NONE',  ( 5.099999999999798916, 31.39463772249581552, 32.50000000000000000 ) ) ;
#2012 = CIRCLE ( 'NONE', #3230, 10.00000000000000178 ) ;
#2013 = DIRECTION ( 'NONE',  ( 6.987186840583977580E-15, -1.000000000000000000, 7.888609052210118054E-31 ) ) ;
#2014 = EDGE_CURVE ( 'NONE', #6871, #7628, #644, .T. ) ;
#2015 = ADVANCED_FACE ( 'NONE', ( #8814 ), #3493, .F. ) ;
#2016 = EDGE_LOOP ( 'NONE', ( #1950, #1503, #7364, #5836 ) ) ;
#2017 = DIRECTION ( 'NONE',  ( -6.982962677686266711E-15, 1.000000000000000000, -0.000000000000000000 ) ) ;
#2018 = CARTESIAN_POINT ( 'NONE',  ( -25.19999999999997797, 9.900000000000000355, 18.99999999999991118 ) ) ;
#2019 = ORIENTED_EDGE ( 'NONE', *, *, #4629, .T. ) ;
#2020 = CARTESIAN_POINT ( 'NONE',  ( 6.196528862359562112E-14, 24.00000000000000355, 0.000000000000000000 ) ) ;
#2021 = VECTOR ( 'NONE', #7156, 1000.000000000000000 ) ;
#2022 = CARTESIAN_POINT ( 'NONE',  ( -14.99999999999979039, 2.999999999999898748, 29.00000000000001066 ) ) ;
#2023 = DIRECTION ( 'NONE',  ( 6.982962677686266711E-15, -1.000000000000000000, 0.000000000000000000 ) ) ;
#2024 = ORIENTED_EDGE ( 'NONE', *, *, #4858, .T. ) ;
#2025 = ORIENTED_EDGE ( 'NONE', *, *, #7283, .F. ) ;
#2026 = CARTESIAN_POINT ( 'NONE',  ( 14.99999999999944222, 113.0181803158006915, -39.00000000000002132 ) ) ;
#2027 = VECTOR ( 'NONE', #900, 1000.000000000000000 ) ;
#2028 = DIRECTION ( 'NONE',  ( -1.000000000000000000, -6.987186840583977580E-15, 0.000000000000000000 ) ) ;
#2029 = VERTEX_POINT ( 'NONE', #2963 ) ;
#2030 = EDGE_CURVE ( 'NONE', #8943, #5282, #2054, .T. ) ;
#2031 = DIRECTION ( 'NONE',  ( -1.000000000000000000, -7.061706185392451219E-15, 0.000000000000000000 ) ) ;
#2032 = VECTOR ( 'NONE', #3141, 1000.000000000000000 ) ;
#2033 = EDGE_LOOP ( 'NONE', ( #7804, #1685, #1944, #1299 ) ) ;
#2034 = CYLINDRICAL_SURFACE ( 'NONE', #1044, 1.000000000000001554 ) ;
#2035 = ORIENTED_EDGE ( 'NONE', *, *, #1240, .F. ) ;
#2036 = CARTESIAN_POINT ( 'NONE',  ( 1.448301091884788623E-13, 24.00000000000000355, -7.599999999999999645 ) ) ;
#2037 = ORIENTED_EDGE ( 'NONE', *, *, #938, .F. ) ;
#2038 = CIRCLE ( 'NONE', #3575, 1.750000000000105693 ) ;
#2039 = AXIS2_PLACEMENT_3D ( 'NONE', #1258, #578, #9380 ) ;
#2040 = DIRECTION ( 'NONE',  ( 0.000000000000000000, 0.000000000000000000, 1.000000000000000000 ) ) ;
#2041 = CARTESIAN_POINT ( 'NONE',  ( -64.81245028383409590, 4.000000000000000000, -13.14687500000000320 ) ) ;
#2042 = ORIENTED_EDGE ( 'NONE', *, *, #2101, .F. ) ;
#2043 = ORIENTED_EDGE ( 'NONE', *, *, #7693, .F. ) ;
#2044 = DIRECTION ( 'NONE',  ( 6.982962677686266711E-15, -1.000000000000000000, 0.000000000000000000 ) ) ;
#2045 = VECTOR ( 'NONE', #43, 1000.000000000000000 ) ;
#2046 = VECTOR ( 'NONE', #3019, 1000.000000000000000 ) ;
#2047 = LINE ( 'NONE', #5901, #2637 ) ;
#2048 = ORIENTED_EDGE ( 'NONE', *, *, #111, .F. ) ;
#2049 = EDGE_CURVE ( 'NONE', #3623, #8522, #7944, .T. ) ;
#2050 = CARTESIAN_POINT ( 'NONE',  ( 6.400000000000292566, 28.59999999999991971, 32.50000000000000000 ) ) ;
#2051 = ORIENTED_EDGE ( 'NONE', *, *, #803, .F. ) ;
#2052 = ORIENTED_EDGE ( 'NONE', *, *, #3341, .T. ) ;
#2053 = CIRCLE ( 'NONE', #1117, 11.29999999999999893 ) ;
#2054 = LINE ( 'NONE', #4950, #2109 ) ;
#2055 = CARTESIAN_POINT ( 'NONE',  ( -11.29999999999994031, 24.49999999999992184, 32.50000000000000000 ) ) ;
#2056 = ORIENTED_EDGE ( 'NONE', *, *, #6249, .F. ) ;
#2057 = DIRECTION ( 'NONE',  ( -1.000000000000000000, -7.061706185392451219E-15, 0.000000000000000000 ) ) ;
#2058 = ORIENTED_EDGE ( 'NONE', *, *, #3259, .F. ) ;
#2059 = EDGE_CURVE ( 'NONE', #2316, #8700, #7170, .T. ) ;
#2060 = DIRECTION ( 'NONE',  ( 0.4512872425049601066, 3.151321971328087702E-15, -0.8923787451257841896 ) ) ;
#2061 = EDGE_CURVE ( 'NONE', #5600, #6005, #2192, .T. ) ;
#2062 = ORIENTED_EDGE ( 'NONE', *, *, #6603, .F. ) ;
#2063 = DIRECTION ( 'NONE',  ( 6.982962677686266711E-15, -1.000000000000000000, 0.000000000000000000 ) ) ;
#2064 = CARTESIAN_POINT ( 'NONE',  ( 11.23012686263944815, 25.95152404528529644, 33.77505275895591552 ) ) ;
#2065 = PRODUCT_RELATED_PRODUCT_CATEGORY ( 'part', '', ( #663 ) ) ;
#2066 = EDGE_LOOP ( 'NONE', ( #4961, #1229, #5409, #8668 ) ) ;
#2067 = DIRECTION ( 'NONE',  ( 0.000000000000000000, 0.000000000000000000, -1.000000000000000000 ) ) ;
#2068 = CARTESIAN_POINT ( 'NONE',  ( 8.100000000000292744, 28.59999999999991971, -32.50000000000000000 ) ) ;
#2069 = LINE ( 'NONE', #5874, #813 ) ;
#2070 = EDGE_CURVE ( 'NONE', #1212, #693, #3543, .T. ) ;
#2071 = ORIENTED_EDGE ( 'NONE', *, *, #2282, .T. ) ;
#2072 = ORIENTED_EDGE ( 'NONE', *, *, #1254, .F. ) ;
#2073 = CARTESIAN_POINT ( 'NONE',  ( 4.749725808057268873E-14, 26.00000000000000355, -4.099999999999999645 ) ) ;
#2074 = CARTESIAN_POINT ( 'NONE',  ( -1.501336975702547469E-13, 24.50000000000000000, -32.50000000000000000 ) ) ;
#2075 = ORIENTED_EDGE ( 'NONE', *, *, #7650, .F. ) ;
#2076 = DIRECTION ( 'NONE',  ( 6.982962677686266711E-15, -1.000000000000000000, 0.000000000000000000 ) ) ;
#2077 = ORIENTED_EDGE ( 'NONE', *, *, #2355, .F. ) ;
#2078 = DIRECTION ( 'NONE',  ( -0.000000000000000000, 1.000000000000000000, -0.000000000000000000 ) ) ;
#2079 = VERTEX_POINT ( 'NONE', #7358 ) ;
#2080 = EDGE_CURVE ( 'NONE', #4925, #4103, #1273, .T. ) ;
#2081 = ORIENTED_EDGE ( 'NONE', *, *, #3374, .T. ) ;
#2082 = CARTESIAN_POINT ( 'NONE',  ( -7.599999999999958789, 25.99999999999995026, 9.307315673519680355E-16 ) ) ;
#2083 = LINE ( 'NONE', #5080, #4200 ) ;
#2084 = ORIENTED_EDGE ( 'NONE', *, *, #7956, .T. ) ;
#2085 = ORIENTED_EDGE ( 'NONE', *, *, #5076, .T. ) ;
#2086 = CARTESIAN_POINT ( 'NONE',  ( 60.00000000000000000, 26.00000000000000355, 0.7499999999999847899 ) ) ;
#2087 = DIRECTION ( 'NONE',  ( -0.000000000000000000, -1.000000000000000000, -0.000000000000000000 ) ) ;
#2088 = ORIENTED_EDGE ( 'NONE', *, *, #7518, .F. ) ;
#2089 = EDGE_CURVE ( 'NONE', #412, #6686, #7820, .T. ) ;
#2090 = LINE ( 'NONE', #8810, #3957 ) ;
#2091 = VERTEX_POINT ( 'NONE', #4265 ) ;
#2092 = DIRECTION ( 'NONE',  ( 0.000000000000000000, 1.000000000000000000, 0.000000000000000000 ) ) ;
#2093 = CARTESIAN_POINT ( 'NONE',  ( 58.45845530899427445, 4.128641872824800885E-13, 5.458336687847005209 ) ) ;
#2094 = FACE_OUTER_BOUND ( 'NONE', #484, .T. ) ;
#2095 = VECTOR ( 'NONE', #1274, 1000.000000000000000 ) ;
#2096 = ORIENTED_EDGE ( 'NONE', *, *, #7036, .T. ) ;
#2097 = CARTESIAN_POINT ( 'NONE',  ( -11.29999999999993854, 24.48999999999976396, -32.50000000000000000 ) ) ;
#2098 = AXIS2_PLACEMENT_3D ( 'NONE', #3542, #4124, #5763 ) ;
#2099 = ORIENTED_EDGE ( 'NONE', *, *, #7332, .F. ) ;
#2100 = CARTESIAN_POINT ( 'NONE',  ( -59.99999999999976552, -4.163336342344337027E-13, -1.387778780781445676E-14 ) ) ;
#2101 = EDGE_CURVE ( 'NONE', #6554, #5669, #870, .T. ) ;
#2102 = ORIENTED_EDGE ( 'NONE', *, *, #7509, .T. ) ;
#2103 = DIRECTION ( 'NONE',  ( -6.982962677686266711E-15, 1.000000000000000000, 0.000000000000000000 ) ) ;
#2104 =( LENGTH_UNIT ( ) NAMED_UNIT ( * ) SI_UNIT ( .MILLI., .METRE. ) );
#2105 = EDGE_CURVE ( 'NONE', #3859, #8011, #7506, .T. ) ;
#2106 = DIRECTION ( 'NONE',  ( 1.734723475976806700E-15, -1.028808730976086988E-30, -1.000000000000000000 ) ) ;
#2107 = EDGE_CURVE ( 'NONE', #7209, #3745, #6424, .T. ) ;
#2108 = CARTESIAN_POINT ( 'NONE',  ( 60.00000000000000000, 4.000000000000000000, -1.387778780781445676E-14 ) ) ;
#2109 = VECTOR ( 'NONE', #4222, 1000.000000000000000 ) ;
#2110 = CARTESIAN_POINT ( 'NONE',  ( -8.100000000000289191, 28.59999999999991616, -34.00000000000000000 ) ) ;
#2111 = VERTEX_POINT ( 'NONE', #1369 ) ;
#2112 = EDGE_LOOP ( 'NONE', ( #534, #7616, #8094, #1220 ) ) ;
#2113 = CIRCLE ( 'NONE', #5965, 1.000000000000000222 ) ;
#2114 = LINE ( 'NONE', #2695, #2174 ) ;
#2115 = AXIS2_PLACEMENT_3D ( 'NONE', #9048, #5329, #4740 ) ;
#2116 = CARTESIAN_POINT ( 'NONE',  ( 60.00000000000022027, 3.000000000000422329, 8.249999999999895195 ) ) ;
#2117 = FACE_BOUND ( 'NONE', #828, .T. ) ;
#2118 = VERTEX_POINT ( 'NONE', #2093 ) ;
#2119 = DIRECTION ( 'NONE',  ( 6.938893903907228378E-16, 4.845403715540893213E-30, 1.000000000000000000 ) ) ;
#2120 = DIRECTION ( 'NONE',  ( 0.000000000000000000, -1.000000000000000000, 0.000000000000000000 ) ) ;
#2121 = ORIENTED_EDGE ( 'NONE', *, *, #8579, .T. ) ;
#2122 = DIRECTION ( 'NONE',  ( 0.000000000000000000, 0.000000000000000000, -1.000000000000000000 ) ) ;
#2123 = EDGE_LOOP ( 'NONE', ( #8981, #1093, #48, #5474 ) ) ;
#2124 = AXIS2_PLACEMENT_3D ( 'NONE', #6002, #2330, #5277 ) ;
#2125 = LINE ( 'NONE', #3666, #1392 ) ;
#2126 = EDGE_LOOP ( 'NONE', ( #4615, #2025 ) ) ;
#2127 = EDGE_CURVE ( 'NONE', #5067, #2233, #9490, .T. ) ;
#2128 = EDGE_CURVE ( 'NONE', #4148, #1132, #6888, .T. ) ;
#2129 = CIRCLE ( 'NONE', #4135, 5.099999999999997868 ) ;
#2130 = AXIS2_PLACEMENT_3D ( 'NONE', #220, #6747, #6891 ) ;
#2131 = DIRECTION ( 'NONE',  ( 0.000000000000000000, 0.000000000000000000, 1.000000000000000000 ) ) ;
#2132 = DIRECTION ( 'NONE',  ( -0.000000000000000000, -1.000000000000000000, -0.000000000000000000 ) ) ;
#2133 = CARTESIAN_POINT ( 'NONE',  ( 60.00000000000000000, 3.000000000000000000, -10.00000000000001243 ) ) ;
#2134 = VECTOR ( 'NONE', #6599, 1000.000000000000000 ) ;
#2135 = VECTOR ( 'NONE', #5928, 1000.000000000000000 ) ;
#2136 = STYLED_ITEM ( 'NONE', ( #1232 ), #1569 ) ;
#2137 = VERTEX_POINT ( 'NONE', #7265 ) ;
#2138 = LINE ( 'NONE', #7207, #5675 ) ;
#2139 = VECTOR ( 'NONE', #8214, 1000.000000000000000 ) ;
#2140 = LINE ( 'NONE', #8854, #2947 ) ;
#2141 = VERTEX_POINT ( 'NONE', #7313 ) ;
#2142 = VECTOR ( 'NONE', #2834, 1000.000000000000000 ) ;
#2143 = CARTESIAN_POINT ( 'NONE',  ( -4.874423042781852899, 42.99999999999997158, 31.00000000000000000 ) ) ;
#2144 = ORIENTED_EDGE ( 'NONE', *, *, #8722, .F. ) ;
#2145 = CARTESIAN_POINT ( 'NONE',  ( -1.606081415867841343E-13, 26.00000000000000355, -32.50000000000000000 ) ) ;
#2146 = DIRECTION ( 'NONE',  ( -0.000000000000000000, -1.000000000000000000, -0.000000000000000000 ) ) ;
#2147 = AXIS2_PLACEMENT_3D ( 'NONE', #6730, #9007, #883 ) ;
#2148 = EDGE_CURVE ( 'NONE', #2111, #5616, #3649, .T. ) ;
#2149 = CARTESIAN_POINT ( 'NONE',  ( -58.99999999999971578, -8.000000000000410338, -5.000000000000014211 ) ) ;
#2150 = ORIENTED_EDGE ( 'NONE', *, *, #1539, .T. ) ;
#2151 = CARTESIAN_POINT ( 'NONE',  ( -3.600000000000276756, 42.99999999999997868, 32.50000000000000000 ) ) ;
#2152 = ORIENTED_EDGE ( 'NONE', *, *, #6897, .T. ) ;
#2153 = DIRECTION ( 'NONE',  ( -6.982962677686266711E-15, 1.000000000000000000, -0.000000000000000000 ) ) ;
#2154 = AXIS2_PLACEMENT_3D ( 'NONE', #2670, #1160, #436 ) ;
#2155 = ORIENTED_EDGE ( 'NONE', *, *, #4111, .T. ) ;
#2156 = SURFACE_SIDE_STYLE ('',( #1576 ) ) ;
#2157 = LINE ( 'NONE', #2976, #654 ) ;
#2158 = DIRECTION ( 'NONE',  ( 0.000000000000000000, 1.000000000000000000, -0.000000000000000000 ) ) ;
#2159 = LINE ( 'NONE', #705, #34 ) ;
#2160 =( GEOMETRIC_REPRESENTATION_CONTEXT ( 3 ) GLOBAL_UNCERTAINTY_ASSIGNED_CONTEXT ( ( #4097 ) ) GLOBAL_UNIT_ASSIGNED_CONTEXT ( ( #3322, #8552, #4832 ) ) REPRESENTATION_CONTEXT ( 'NONE', 'WORKASPACE' ) );
#2161 = VERTEX_POINT ( 'NONE', #2862 ) ;
#2162 = LINE ( 'NONE', #5828, #5404 ) ;
#2163 = EDGE_CURVE ( 'NONE', #9475, #9463, #692, .T. ) ;
#2164 = VECTOR ( 'NONE', #6627, 1000.000000000000000 ) ;
#2165 = CARTESIAN_POINT ( 'NONE',  ( -2.500000000000179412, 25.99999999999998579, 33.75000000000000000 ) ) ;
#2166 = LINE ( 'NONE', #2260, #4577 ) ;
#2167 = ORIENTED_EDGE ( 'NONE', *, *, #1777, .T. ) ;
#2168 = EDGE_CURVE ( 'NONE', #3108, #7818, #2911, .T. ) ;
#2169 = CYLINDRICAL_SURFACE ( 'NONE', #2486, 1.749999999999996891 ) ;
#2170 = CARTESIAN_POINT ( 'NONE',  ( 29.99999999999997868, 36.00000000000021316, 1.000000000000001554 ) ) ;
#2171 = ORIENTED_EDGE ( 'NONE', *, *, #5591, .F. ) ;
#2172 = DIRECTION ( 'NONE',  ( -0.000000000000000000, -1.000000000000000000, -0.000000000000000000 ) ) ;
#2173 = ORIENTED_EDGE ( 'NONE', *, *, #3443, .T. ) ;
#2174 = VECTOR ( 'NONE', #562, 1000.000000000000000 ) ;
#2175 = LINE ( 'NONE', #8794, #6323 ) ;
#2176 = ORIENTED_EDGE ( 'NONE', *, *, #3075, .F. ) ;
#2177 = DIRECTION ( 'NONE',  ( 1.000000000000000000, -1.376764663473655970E-16, 0.000000000000000000 ) ) ;
#2178 = DIRECTION ( 'NONE',  ( 0.000000000000000000, 0.000000000000000000, -1.000000000000000000 ) ) ;
#2179 = DIRECTION ( 'NONE',  ( -1.000000000000000000, -6.982962677686266711E-15, -0.000000000000000000 ) ) ;
#2180 = ORIENTED_EDGE ( 'NONE', *, *, #2839, .T. ) ;
#2181 = DIRECTION ( 'NONE',  ( 0.000000000000000000, 0.000000000000000000, 1.000000000000000000 ) ) ;
#2182 = EDGE_CURVE ( 'NONE', #6951, #4472, #7412, .T. ) ;
#2183 = LINE ( 'NONE', #685, #3413 ) ;
#2184 = EDGE_LOOP ( 'NONE', ( #2948, #7906, #1947, #4326 ) ) ;
#2186 = AXIS2_PLACEMENT_3D ( 'NONE', #3349, #4077, #7022 ) ;
#2185 = CARTESIAN_POINT ( 'NONE',  ( 55.86932208953565038, 3.920475055707584033E-13, -14.00000000000000888 ) ) ;
#2187 = AXIS2_PLACEMENT_3D ( 'NONE', #1203, #1153, #2554 ) ;
#2188 = AXIS2_PLACEMENT_3D ( 'NONE', #2937, #5883, #2216 ) ;
#2189 = DIRECTION ( 'NONE',  ( 0.000000000000000000, 0.000000000000000000, 1.000000000000000000 ) ) ;
#2190 = VERTEX_POINT ( 'NONE', #5285 ) ;
#2191 = PLANE ( 'NONE',  #4102 ) ;
#2192 = LINE ( 'NONE', #7899, #1798 ) ;
#2193 = ORIENTED_EDGE ( 'NONE', *, *, #8764, .F. ) ;
#2194 = CIRCLE ( 'NONE', #1731, 14.00000000000000000 ) ;
#2195 = AXIS2_PLACEMENT_3D ( 'NONE', #3481, #7980, #2178 ) ;
#2196 = CARTESIAN_POINT ( 'NONE',  ( -6.400000000000289901, 28.59999999999991616, 34.00000000000000000 ) ) ;
#2197 = ORIENTED_EDGE ( 'NONE', *, *, #829, .F. ) ;
#2198 = DIRECTION ( 'NONE',  ( -6.982962677686266711E-15, 1.000000000000000000, -0.000000000000000000 ) ) ;
#2199 = VERTEX_POINT ( 'NONE', #151 ) ;
#2200 = DIRECTION ( 'NONE',  ( 1.000000000000000000, 0.000000000000000000, 0.000000000000000000 ) ) ;
#2201 = EDGE_CURVE ( 'NONE', #7878, #3369, #721, .T. ) ;
#2202 = VECTOR ( 'NONE', #1600, 1000.000000000000000 ) ;
#2203 = VERTEX_POINT ( 'NONE', #6051 ) ;
#2204 = EDGE_CURVE ( 'NONE', #2091, #2318, #8273, .T. ) ;
#2205 = CARTESIAN_POINT ( 'NONE',  ( -59.99999999999977263, 2.999999999999583000, 11.74999999999988098 ) ) ;
#2206 = DIRECTION ( 'NONE',  ( 0.000000000000000000, 0.000000000000000000, -1.000000000000000000 ) ) ;
#2207 = DIRECTION ( 'NONE',  ( 6.982962677686265922E-15, -1.000000000000000000, 0.000000000000000000 ) ) ;
#2208 = DIRECTION ( 'NONE',  ( -0.000000000000000000, -1.000000000000000000, -0.000000000000000000 ) ) ;
#2209 = LINE ( 'NONE', #7233, #8524 ) ;
#2210 = ORIENTED_EDGE ( 'NONE', *, *, #7859, .F. ) ;
#2211 = PLANE ( 'NONE',  #4796 ) ;
#2212 = EDGE_CURVE ( 'NONE', #7670, #7153, #2724, .T. ) ;
#2213 = FACE_OUTER_BOUND ( 'NONE', #8288, .T. ) ;
#2214 = CARTESIAN_POINT ( 'NONE',  ( -1.816668578551834344E-13, 26.00000000000000355, 32.50000000000000000 ) ) ;
#2215 = ORIENTED_EDGE ( 'NONE', *, *, #5334, .F. ) ;
#2216 = DIRECTION ( 'NONE',  ( 0.000000000000000000, 0.000000000000000000, -1.000000000000000000 ) ) ;
#2217 = FACE_OUTER_BOUND ( 'NONE', #767, .T. ) ;
#2218 = VERTEX_POINT ( 'NONE', #5369 ) ;
#2219 = CARTESIAN_POINT ( 'NONE',  ( -25.00000000000056133, 113.0181803158003788, -29.00000000000001066 ) ) ;
#2220 = VERTEX_POINT ( 'NONE', #7458 ) ;
#2221 = DIRECTION ( 'NONE',  ( -6.982962677686266711E-15, 1.000000000000000000, -0.000000000000000000 ) ) ;
#2222 = EDGE_CURVE ( 'NONE', #530, #7038, #6262, .T. ) ;
#2223 = ORIENTED_EDGE ( 'NONE', *, *, #5972, .T. ) ;
#2224 = LINE ( 'NONE', #7397, #7298 ) ;
#2225 = CARTESIAN_POINT ( 'NONE',  ( 9.482088377567617243, 11.00000000000006928, -1.500000000000000888 ) ) ;
#2226 = FACE_OUTER_BOUND ( 'NONE', #7206, .T. ) ;
#2227 = ADVANCED_FACE ( 'NONE', ( #2420 ), #5232, .T. ) ;
#2228 = EDGE_CURVE ( 'NONE', #7653, #9287, #788, .T. ) ;
#2229 = DIRECTION ( 'NONE',  ( 1.000000000000000000, 6.987186840583977580E-15, -0.000000000000000000 ) ) ;
#2230 = ORIENTED_EDGE ( 'NONE', *, *, #1631, .T. ) ;
#2231 = DIRECTION ( 'NONE',  ( -1.000000000000000000, 0.000000000000000000, 0.000000000000000000 ) ) ;
#2232 = DIRECTION ( 'NONE',  ( 1.000000000000000000, 6.982962677686266711E-15, 0.000000000000000000 ) ) ;
#2233 = VERTEX_POINT ( 'NONE', #1611 ) ;
#2234 = DIRECTION ( 'NONE',  ( 1.000000000000000000, -1.530638361156005999E-16, 0.000000000000000000 ) ) ;
#2235 = DIRECTION ( 'NONE',  ( 1.000000000000000000, 6.987186840583977580E-15, 0.000000000000000000 ) ) ;
#2236 = EDGE_LOOP ( 'NONE', ( #3447, #8855, #5134, #7554 ) ) ;
#2237 = DIRECTION ( 'NONE',  ( -1.000000000000000000, -0.000000000000000000, -0.000000000000000000 ) ) ;
#2238 = DIRECTION ( 'NONE',  ( 6.982962677686266711E-15, -1.000000000000000000, 0.000000000000000000 ) ) ;
#2239 = EDGE_LOOP ( 'NONE', ( #7269, #867, #5631, #5643 ) ) ;
#2240 = DIRECTION ( 'NONE',  ( 0.4512872425049599401, 3.151321971328086519E-15, -0.8923787451257843006 ) ) ;
#2241 = EDGE_LOOP ( 'NONE', ( #7889, #1916, #8718, #791 ) ) ;
#2242 = LINE ( 'NONE', #3595, #1832 ) ;
#2243 = EDGE_LOOP ( 'NONE', ( #5533, #1469, #6179, #8445 ) ) ;
#2244 = DIRECTION ( 'NONE',  ( 0.000000000000000000, 0.000000000000000000, 1.000000000000000000 ) ) ;
#2245 = CIRCLE ( 'NONE', #5475, 4.100000000000002309 ) ;
#2246 = VERTEX_POINT ( 'NONE', #240 ) ;
#2247 = EDGE_CURVE ( 'NONE', #6434, #5600, #835, .T. ) ;
#2248 = FACE_OUTER_BOUND ( 'NONE', #772, .T. ) ;
#2249 = CARTESIAN_POINT ( 'NONE',  ( -29.99999999999977973, -2.081668171172169271E-13, -1.000000000000001554 ) ) ;
#2250 = ADVANCED_FACE ( 'NONE', ( #8235 ), #3737, .F. ) ;
#2251 = FACE_OUTER_BOUND ( 'NONE', #9280, .T. ) ;
#2252 = AXIS2_PLACEMENT_3D ( 'NONE', #6340, #1127, #7018 ) ;
#2253 = CARTESIAN_POINT ( 'NONE',  ( -60.00000000000000000, 3.000000000000000000, 0.000000000000000000 ) ) ;
#2254 = DIRECTION ( 'NONE',  ( -6.982962677686266711E-15, 1.000000000000000000, 0.000000000000000000 ) ) ;
#2255 = EDGE_CURVE ( 'NONE', #1604, #6385, #248, .T. ) ;
#2256 = ORIENTED_EDGE ( 'NONE', *, *, #8250, .F. ) ;
#2257 = ADVANCED_FACE ( 'NONE', ( #104 ), #3055, .T. ) ;
#2258 = PLANE ( 'NONE',  #784 ) ;
#2259 = LINE ( 'NONE', #5975, #4142 ) ;
#2260 = CARTESIAN_POINT ( 'NONE',  ( -60.00000000000000000, -33.00000000000000000, -60.00000000000000000 ) ) ;
#2261 = ORIENTED_EDGE ( 'NONE', *, *, #1662, .F. ) ;
#2262 = DIRECTION ( 'NONE',  ( 0.000000000000000000, 0.000000000000000000, 1.000000000000000000 ) ) ;
#2263 = CARTESIAN_POINT ( 'NONE',  ( 11.29999999999960458, 26.00000000000008171, -2.051038353574630974E-29 ) ) ;
#2264 = EDGE_CURVE ( 'NONE', #9119, #2118, #6007, .T. ) ;
#2265 = ORIENTED_EDGE ( 'NONE', *, *, #8097, .T. ) ;
#2266 = DIRECTION ( 'NONE',  ( 6.982962677686266711E-15, -1.000000000000000000, -0.000000000000000000 ) ) ;
#2267 = ORIENTED_EDGE ( 'NONE', *, *, #2564, .T. ) ;
#2268 = VECTOR ( 'NONE', #6140, 999.9999999999998863 ) ;
#2269 = EDGE_CURVE ( 'NONE', #1881, #2969, #8133, .T. ) ;
#2270 = ORIENTED_EDGE ( 'NONE', *, *, #1545, .T. ) ;
#2271 = AXIS2_PLACEMENT_3D ( 'NONE', #7940, #8667, #3446 ) ;
#2272 = DIRECTION ( 'NONE',  ( 0.000000000000000000, 0.000000000000000000, 1.000000000000000000 ) ) ;
#2273 = DIRECTION ( 'NONE',  ( 0.000000000000000000, 0.000000000000000000, 1.000000000000000000 ) ) ;
#2274 = ORIENTED_EDGE ( 'NONE', *, *, #5469, .T. ) ;
#2275 = AXIS2_PLACEMENT_3D ( 'NONE', #4323, #3640, #5770 ) ;
#2276 = CARTESIAN_POINT ( 'NONE',  ( -1.816668578551834344E-13, 26.00000000000000355, 34.00000000000000000 ) ) ;
#2277 = ORIENTED_EDGE ( 'NONE', *, *, #1691, .F. ) ;
#2278 = LINE ( 'NONE', #871, #7385 ) ;
#2279 = CYLINDRICAL_SURFACE ( 'NONE', #6958, 1.700000000000000178 ) ;
#2280 = EDGE_LOOP ( 'NONE', ( #2559, #2062, #3170, #6250 ) ) ;
#2281 = CARTESIAN_POINT ( 'NONE',  ( -6.999999999999997335, 9.900000000000000355, 49.20000000000001705 ) ) ;
#2282 = EDGE_CURVE ( 'NONE', #2496, #2502, #4726, .T. ) ;
#2283 = CIRCLE ( 'NONE', #7674, 1.750000000000003331 ) ;
#2284 = DIRECTION ( 'NONE',  ( 0.000000000000000000, 0.000000000000000000, 1.000000000000000000 ) ) ;
#2285 = ORIENTED_EDGE ( 'NONE', *, *, #4551, .T. ) ;
#2286 = LINE ( 'NONE', #8959, #5798 ) ;
#2287 = DIRECTION ( 'NONE',  ( 6.982962677686265922E-15, -1.000000000000000000, -0.000000000000000000 ) ) ;
#2288 = ORIENTED_EDGE ( 'NONE', *, *, #2014, .T. ) ;
#2289 = ADVANCED_FACE ( 'NONE', ( #3829 ), #6777, .T. ) ;
#2290 = AXIS2_PLACEMENT_3D ( 'NONE', #5789, #2751, #7245 ) ;
#2291 = CARTESIAN_POINT ( 'NONE',  ( -58.45845530899383391, 2.999999999999593214, 5.458336687846990998 ) ) ;
#2292 = AXIS2_PLACEMENT_3D ( 'NONE', #989, #4757, #946 ) ;
#2293 = ORIENTED_EDGE ( 'NONE', *, *, #4084, .T. ) ;
#2294 = LINE ( 'NONE', #838, #3689 ) ;
#2295 = EDGE_LOOP ( 'NONE', ( #4601, #820, #4056, #5262 ) ) ;
#2296 = CARTESIAN_POINT ( 'NONE',  ( 60.00000000000000000, 3.000000000000000000, 8.250000000000088818 ) ) ;
#2297 = VECTOR ( 'NONE', #3211, 1000.000000000000000 ) ;
#2298 = AXIS2_PLACEMENT_3D ( 'NONE', #406, #7030, #4186 ) ;
#2299 = CIRCLE ( 'NONE', #130, 5.099999999999997868 ) ;
#2300 = EDGE_LOOP ( 'NONE', ( #4885, #6887 ) ) ;
#2301 =( LENGTH_UNIT ( ) NAMED_UNIT ( * ) SI_UNIT ( .MILLI., .METRE. ) );
#2302 = CARTESIAN_POINT ( 'NONE',  ( -25.20000000000012719, -0.2000000000000000111, 102.6999999999999886 ) ) ;
#2303 = DIRECTION ( 'NONE',  ( -1.000000000000000000, -6.938893903907228378E-15, 0.000000000000000000 ) ) ;
#2304 = DIRECTION ( 'NONE',  ( 6.982962677686266711E-15, -1.000000000000000000, 0.000000000000000000 ) ) ;
#2305 = CARTESIAN_POINT ( 'NONE',  ( 7.450503338701199851, 54.49604614807109471, -1.500000000000008438 ) ) ;
#2306 = EDGE_LOOP ( 'NONE', ( #387, #3784, #8042, #9370 ) ) ;
#2307 = EDGE_CURVE ( 'NONE', #6542, #1518, #6825, .T. ) ;
#2308 = EDGE_CURVE ( 'NONE', #2220, #980, #434, .T. ) ;
#2309 = CARTESIAN_POINT ( 'NONE',  ( -1.816668578551834344E-13, 26.00000000000000355, -32.50000000000000000 ) ) ;
#2310 = CARTESIAN_POINT ( 'NONE',  ( -25.00000000000056133, 113.0181803158003788, -29.00000000000001066 ) ) ;
#2311 = DIRECTION ( 'NONE',  ( -1.000000000000000000, 0.000000000000000000, 0.000000000000000000 ) ) ;
#2312 = ORIENTED_EDGE ( 'NONE', *, *, #3921, .F. ) ;
#2313 = AXIS2_PLACEMENT_3D ( 'NONE', #8499, #8347, #6220 ) ;
#2314 = FACE_OUTER_BOUND ( 'NONE', #7796, .T. ) ;
#2315 = LINE ( 'NONE', #5884, #1192 ) ;
#2316 = VERTEX_POINT ( 'NONE', #4114 ) ;
#2317 = FACE_BOUND ( 'NONE', #1194, .T. ) ;
#2318 = VERTEX_POINT ( 'NONE', #5459 ) ;
#2319 = AXIS2_PLACEMENT_3D ( 'NONE', #9343, #1759, #4074 ) ;
#2320 = ORIENTED_EDGE ( 'NONE', *, *, #6115, .F. ) ;
#2321 = EDGE_CURVE ( 'NONE', #6356, #3745, #8402, .T. ) ;
#2322 = CARTESIAN_POINT ( 'NONE',  ( -2.793185071074507189E-13, 43.00000000000000000, -32.50000000000000000 ) ) ;
#2323 = DIRECTION ( 'NONE',  ( 0.000000000000000000, 0.000000000000000000, 1.000000000000000000 ) ) ;
#2324 = CARTESIAN_POINT ( 'NONE',  ( 9.800000000000292033, 28.59999999999991971, 31.00000000000000000 ) ) ;
#2325 = FACE_OUTER_BOUND ( 'NONE', #8884, .T. ) ;
#2326 = ORIENTED_EDGE ( 'NONE', *, *, #1497, .F. ) ;
#2327 = DIRECTION ( 'NONE',  ( -6.982962677686266711E-15, 1.000000000000000000, -0.000000000000000000 ) ) ;
#2328 = CARTESIAN_POINT ( 'NONE',  ( 1.527438034335171010E-13, 11.00000000000000355, 0.000000000000000000 ) ) ;
#2329 = EDGE_LOOP ( 'NONE', ( #2363, #5466, #9564, #9532 ) ) ;
#2330 = DIRECTION ( 'NONE',  ( 0.000000000000000000, 1.000000000000000000, 0.000000000000000000 ) ) ;
#2331 = EDGE_CURVE ( 'NONE', #413, #4172, #1732, .T. ) ;
#2332 = DIRECTION ( 'NONE',  ( -5.511918536011418060E-45, 7.888609052210118054E-31, 1.000000000000000000 ) ) ;
#2333 = ORIENTED_EDGE ( 'NONE', *, *, #998, .T. ) ;
#2334 = DIRECTION ( 'NONE',  ( 0.000000000000000000, 0.000000000000000000, -1.000000000000000000 ) ) ;
#2335 = DIRECTION ( 'NONE',  ( -1.000000000000000000, 0.000000000000000000, 0.000000000000000000 ) ) ;
#2336 = VERTEX_POINT ( 'NONE', #340 ) ;
#2337 = CYLINDRICAL_SURFACE ( 'NONE', #7378, 4.099999999999997868 ) ;
#2338 = EDGE_CURVE ( 'NONE', #361, #7527, #2612, .T. ) ;
#2339 = AXIS2_PLACEMENT_3D ( 'NONE', #4992, #6531, #7936 ) ;
#2340 = FACE_OUTER_BOUND ( 'NONE', #2532, .T. ) ;
#2341 = ORIENTED_EDGE ( 'NONE', *, *, #3222, .T. ) ;
#2342 = DIRECTION ( 'NONE',  ( 1.000000000000000000, 0.000000000000000000, 0.000000000000000000 ) ) ;
#2343 = ADVANCED_FACE ( 'NONE', ( #5558 ), #2465, .T. ) ;
#2344 = ORIENTED_EDGE ( 'NONE', *, *, #7163, .T. ) ;
#2345 = VECTOR ( 'NONE', #6779, 1000.000000000000000 ) ;
#2346 = CARTESIAN_POINT ( 'NONE',  ( 13.00000000000001066, 48.80255095400650589, 34.00000000000000000 ) ) ;
#2347 = DIRECTION ( 'NONE',  ( 0.000000000000000000, 0.000000000000000000, 1.000000000000000000 ) ) ;
#2348 = VECTOR ( 'NONE', #8551, 1000.000000000000227 ) ;
#2349 = CYLINDRICAL_SURFACE ( 'NONE', #1313, 1.749999999999895639 ) ;
#2350 = DIRECTION ( 'NONE',  ( 6.982962677686266711E-15, -1.000000000000000000, 0.000000000000000000 ) ) ;
#2351 = EDGE_CURVE ( 'NONE', #7670, #8109, #6183, .T. ) ;
#2352 = EDGE_CURVE ( 'NONE', #2825, #6652, #6663, .T. ) ;
#2353 = ORIENTED_EDGE ( 'NONE', *, *, #9253, .T. ) ;
#2354 = DIRECTION ( 'NONE',  ( -6.987186840583977580E-15, 1.000000000000000000, 7.888609052210118054E-31 ) ) ;
#2355 = EDGE_CURVE ( 'NONE', #8298, #8512, #1791, .T. ) ;
#2356 = DIRECTION ( 'NONE',  ( 6.982962677686266711E-15, -1.000000000000000000, 0.000000000000000000 ) ) ;
#2357 = LINE ( 'NONE', #3126, #4109 ) ;
#2358 = ORIENTED_EDGE ( 'NONE', *, *, #3660, .F. ) ;
#2359 = AXIS2_PLACEMENT_3D ( 'NONE', #1288, #4238, #4041 ) ;
#2360 = EDGE_CURVE ( 'NONE', #8426, #7563, #9140, .T. ) ;
#2361 = CARTESIAN_POINT ( 'NONE',  ( 64.81245028383405327, 4.000000000000000000, -13.14687500000003695 ) ) ;
#2362 = DIRECTION ( 'NONE',  ( -0.000000000000000000, -1.000000000000000000, -0.000000000000000000 ) ) ;
#2363 = ORIENTED_EDGE ( 'NONE', *, *, #7151, .T. ) ;
#2364 = ORIENTED_EDGE ( 'NONE', *, *, #4717, .F. ) ;
#2365 = FACE_OUTER_BOUND ( 'NONE', #5386, .T. ) ;
#2366 = ORIENTED_EDGE ( 'NONE', *, *, #7483, .T. ) ;
#2367 = EDGE_CURVE ( 'NONE', #5300, #8818, #383, .T. ) ;
#2368 = CARTESIAN_POINT ( 'NONE',  ( 2.499999999999820588, 26.00000000000002132, -2.051038353574630974E-29 ) ) ;
#2369 = ORIENTED_EDGE ( 'NONE', *, *, #1687, .F. ) ;
#2370 = DIRECTION ( 'NONE',  ( 6.987186840583977580E-15, -1.000000000000000000, 7.888609052210118054E-31 ) ) ;
#2371 = EDGE_CURVE ( 'NONE', #4103, #129, #8354, .T. ) ;
#2372 = CARTESIAN_POINT ( 'NONE',  ( -60.00000000000000000, 25.00000000000000000, -0.7499999999999986677 ) ) ;
#2373 = ORIENTED_EDGE ( 'NONE', *, *, #3912, .T. ) ;
#2374 = EDGE_CURVE ( 'NONE', #2233, #38, #5504, .T. ) ;
#2375 = DIRECTION ( 'NONE',  ( 0.000000000000000000, 0.000000000000000000, 1.000000000000000000 ) ) ;
#2376 = DIRECTION ( 'NONE',  ( 6.982962677686266711E-15, -1.000000000000000000, 0.000000000000000000 ) ) ;
#2377 = CARTESIAN_POINT ( 'NONE',  ( 8.100000000000292744, 28.59999999999991971, 31.00000000000000000 ) ) ;
#2378 = DIRECTION ( 'NONE',  ( -0.4512872425049599401, -3.151321971328086519E-15, 0.8923787451257841896 ) ) ;
#2379 = ORIENTED_EDGE ( 'NONE', *, *, #8548, .F. ) ;
#2380 = DIRECTION ( 'NONE',  ( 1.000000000000000000, 0.000000000000000000, 0.000000000000000000 ) ) ;
#2381 = EDGE_CURVE ( 'NONE', #6521, #3046, #7112, .T. ) ;
#2382 = DIRECTION ( 'NONE',  ( -1.000000000000000000, -6.746146851020921650E-15, 0.000000000000000000 ) ) ;
#2383 = VERTEX_POINT ( 'NONE', #1845 ) ;
#2384 = DIRECTION ( 'NONE',  ( -1.000000000000000000, -6.802837160693364202E-15, 0.000000000000000000 ) ) ;
#2385 = ORIENTED_EDGE ( 'NONE', *, *, #2282, .F. ) ;
#2386 = CARTESIAN_POINT ( 'NONE',  ( -8.100000000000289191, 28.59999999999991616, -32.50000000000000000 ) ) ;
#2387 = CARTESIAN_POINT ( 'NONE',  ( 21.24746460142319293, -0.1999999999999987899, 18.99999999999991118 ) ) ;
#2388 = CARTESIAN_POINT ( 'NONE',  ( -2.500000000000179412, 25.99999999999998579, 33.75000000000000000 ) ) ;
#2389 = FACE_OUTER_BOUND ( 'NONE', #7947, .T. ) ;
#2390 = EDGE_CURVE ( 'NONE', #4475, #2010, #7739, .T. ) ;
#2391 = VERTEX_POINT ( 'NONE', #4884 ) ;
#2392 = CARTESIAN_POINT ( 'NONE',  ( 0.000000000000000000, 4.000000000000000000, 0.000000000000000000 ) ) ;
#2393 = DIRECTION ( 'NONE',  ( 0.000000000000000000, 0.000000000000000000, 1.000000000000000000 ) ) ;
#2394 = ADVANCED_FACE ( 'NONE', ( #4064 ), #7010, .T. ) ;
#2395 = ADVANCED_FACE ( 'NONE', ( #2667 ), #5609, .F. ) ;
#2396 = CARTESIAN_POINT ( 'NONE',  ( 13.00000000000003553, 27.04163056034271051, 42.50000000000000000 ) ) ;
#2397 = DIRECTION ( 'NONE',  ( -1.000000000000000000, -6.982962677686266711E-15, 0.000000000000000000 ) ) ;
#2398 = VERTEX_POINT ( 'NONE', #4691 ) ;
#2399 = AXIS2_PLACEMENT_3D ( 'NONE', #1074, #984, #1713 ) ;
#2400 = CARTESIAN_POINT ( 'NONE',  ( 70.00000000000021316, 3.000000000000492051, -1.749999999999996891 ) ) ;
#2401 = PLANE ( 'NONE',  #1668 ) ;
#2402 = ORIENTED_EDGE ( 'NONE', *, *, #477, .T. ) ;
#2403 = ORIENTED_EDGE ( 'NONE', *, *, #1581, .F. ) ;
#2404 = DIRECTION ( 'NONE',  ( -6.982962677686266711E-15, 1.000000000000000000, -0.000000000000000000 ) ) ;
#2405 = VECTOR ( 'NONE', #7898, 1000.000000000000000 ) ;
#2406 = CIRCLE ( 'NONE', #3494, 4.100000000000002309 ) ;
#2407 = LINE ( 'NONE', #2368, #9096 ) ;
#2408 = CARTESIAN_POINT ( 'NONE',  ( 3.599999999999718092, 43.00000000000002842, -32.50000000000000000 ) ) ;
#2409 = EDGE_LOOP ( 'NONE', ( #3616, #1289, #4699, #4261 ) ) ;
#2410 = VECTOR ( 'NONE', #3006, 1000.000000000000000 ) ;
#2411 = CARTESIAN_POINT ( 'NONE',  ( -11.29999999999995097, 25.99999999999992184, -2.051038353574630974E-29 ) ) ;
#2412 = CARTESIAN_POINT ( 'NONE',  ( -8.100000000000289191, 28.59999999999991616, 34.00000000000000000 ) ) ;
#2413 = VERTEX_POINT ( 'NONE', #7634 ) ;
#2414 = ADVANCED_FACE ( 'NONE', ( #1016 ), #3961, .F. ) ;
#2415 = DIRECTION ( 'NONE',  ( 0.000000000000000000, -1.000000000000000000, 0.000000000000000000 ) ) ;
#2416 = EDGE_CURVE ( 'NONE', #2383, #6269, #6352, .T. ) ;
#2417 = AXIS2_PLACEMENT_3D ( 'NONE', #9389, #1853, #1310 ) ;
#2418 = CARTESIAN_POINT ( 'NONE',  ( 60.00000000000000000, 25.00000000000000000, 0.7499999999999847899 ) ) ;
#2419 = CYLINDRICAL_SURFACE ( 'NONE', #2652, 10.00000000000000178 ) ;
#2420 = FACE_OUTER_BOUND ( 'NONE', #8730, .T. ) ;
#2421 = ORIENTED_EDGE ( 'NONE', *, *, #4944, .T. ) ;
#2422 = CARTESIAN_POINT ( 'NONE',  ( 2.499999999999820588, 26.00000000000002132, 32.50000000000000000 ) ) ;
#2423 = FACE_BOUND ( 'NONE', #8277, .T. ) ;
#2424 = ORIENTED_EDGE ( 'NONE', *, *, #5914, .T. ) ;
#2425 = DIRECTION ( 'NONE',  ( -6.982962677686266711E-15, 1.000000000000000000, -0.000000000000000000 ) ) ;
#2426 = CIRCLE ( 'NONE', #260, 1.699999999999999289 ) ;
#2427 = ORIENTED_EDGE ( 'NONE', *, *, #7059, .T. ) ;
#2428 = EDGE_CURVE ( 'NONE', #9191, #1454, #2083, .T. ) ;
#2429 = FACE_OUTER_BOUND ( 'NONE', #2552, .T. ) ;
#2430 = LINE ( 'NONE', #6151, #5397 ) ;
#2431 = CIRCLE ( 'NONE', #7840, 1.749999999999895639 ) ;
#2432 = VECTOR ( 'NONE', #1227, 1000.000000000000000 ) ;
#2433 = DIRECTION ( 'NONE',  ( 0.000000000000000000, 0.000000000000000000, 1.000000000000000000 ) ) ;
#2434 = CARTESIAN_POINT ( 'NONE',  ( -3.600000000000157740, 25.99999999999997868, 32.50000000000000000 ) ) ;
#2435 = VECTOR ( 'NONE', #3184, 1000.000000000000000 ) ;
#2436 = AXIS2_PLACEMENT_3D ( 'NONE', #310, #6253, #2636 ) ;
#2437 = ORIENTED_EDGE ( 'NONE', *, *, #4058, .F. ) ;
#2438 = LINE ( 'NONE', #1764, #1983 ) ;
#2440 = VECTOR ( 'NONE', #6954, 1000.000000000000000 ) ;
#2439 = FACE_BOUND ( 'NONE', #5751, .T. ) ;
#2441 = FACE_OUTER_BOUND ( 'NONE', #4579, .T. ) ;
#2442 = PLANE ( 'NONE',  #8902 ) ;
#2443 = ORIENTED_EDGE ( 'NONE', *, *, #7929, .F. ) ;
#2444 = AXIS2_PLACEMENT_3D ( 'NONE', #745, #5003, #4271 ) ;
#2445 = FACE_BOUND ( 'NONE', #6123, .T. ) ;
#2446 = CYLINDRICAL_SURFACE ( 'NONE', #7528, 1.750000000000003331 ) ;
#2447 = EDGE_LOOP ( 'NONE', ( #2052, #62, #3384, #9192, #2791 ) ) ;
#2448 = EDGE_LOOP ( 'NONE', ( #6497, #366, #3271, #365, #2583, #5206, #572, #7779, #3283, #7569 ) ) ;
#2449 = EDGE_CURVE ( 'NONE', #1150, #4243, #8800, .T. ) ;
#2450 = LINE ( 'NONE', #1735, #4 ) ;
#2451 = EDGE_CURVE ( 'NONE', #6408, #6907, #6475, .T. ) ;
#2452 = DIRECTION ( 'NONE',  ( -0.000000000000000000, -0.000000000000000000, -1.000000000000000000 ) ) ;
#2453 = FACE_OUTER_BOUND ( 'NONE', #1189, .T. ) ;
#2454 = VERTEX_POINT ( 'NONE', #5703 ) ;
#2455 = DIRECTION ( 'NONE',  ( -0.000000000000000000, -0.000000000000000000, 1.000000000000000000 ) ) ;
#2456 = ORIENTED_EDGE ( 'NONE', *, *, #1954, .T. ) ;
#2457 = AXIS2_PLACEMENT_3D ( 'NONE', #5171, #6763, #139 ) ;
#2458 = PLANE ( 'NONE',  #3872 ) ;
#2459 = AXIS2_PLACEMENT_3D ( 'NONE', #1693, #6813, #372 ) ;
#2460 = VERTEX_POINT ( 'NONE', #4211 ) ;
#2461 = EDGE_LOOP ( 'NONE', ( #3398, #4578, #3626, #8080 ) ) ;
#2462 = CIRCLE ( 'NONE', #4628, 1.700000000000000178 ) ;
#2463 = CARTESIAN_POINT ( 'NONE',  ( 6.502183067439896824, 4.857225732735059864E-14, 13.99999999999998757 ) ) ;
#2464 = CARTESIAN_POINT ( 'NONE',  ( 11.30000000000003801, 27.50000000000008171, -2.169367489357782745E-29 ) ) ;
#2465 = CYLINDRICAL_SURFACE ( 'NONE', #8059, 9.600000000000001421 ) ;
#2466 = VECTOR ( 'NONE', #428, 1000.000000000000000 ) ;
#2467 = ORIENTED_EDGE ( 'NONE', *, *, #6928, .F. ) ;
#2468 = EDGE_CURVE ( 'NONE', #229, #8900, #8673, .T. ) ;
#2469 = CARTESIAN_POINT ( 'NONE',  ( 3.599999999999718092, 43.00000000000002842, -32.50000000000000000 ) ) ;
#2470 = CARTESIAN_POINT ( 'NONE',  ( 8.100000000000292744, 28.59999999999991971, -31.00000000000000000 ) ) ;
#2471 = EDGE_LOOP ( 'NONE', ( #6201, #1126, #4728, #2885, #1655 ) ) ;
#2472 = DIRECTION ( 'NONE',  ( 0.000000000000000000, 0.000000000000000000, 1.000000000000000000 ) ) ;
#2473 = CIRCLE ( 'NONE', #7887, 4.099999999999999645 ) ;
#2474 = ORIENTED_EDGE ( 'NONE', *, *, #5525, .T. ) ;
#2475 = FACE_OUTER_BOUND ( 'NONE', #1343, .T. ) ;
#2476 = CARTESIAN_POINT ( 'NONE',  ( -9.800000000000290257, 28.59999999999991616, 31.00000000000000000 ) ) ;
#2477 = AXIS2_PLACEMENT_3D ( 'NONE', #7984, #7259, #4362 ) ;
#2478 = DIRECTION ( 'NONE',  ( 0.000000000000000000, 0.000000000000000000, 1.000000000000000000 ) ) ;
#2479 = DIRECTION ( 'NONE',  ( -1.000000000000000000, 0.000000000000000000, 0.000000000000000000 ) ) ;
#2480 = CARTESIAN_POINT ( 'NONE',  ( 6.999999999999993783, 10.70000000000000107, 50.40000000000001279 ) ) ;
#2481 = VERTEX_POINT ( 'NONE', #3620 ) ;
#2482 = DIRECTION ( 'NONE',  ( -1.000000000000000000, 1.501203008056851952E-16, -1.734723475976806700E-15 ) ) ;
#2483 = EDGE_CURVE ( 'NONE', #8553, #7973, #3580, .T. ) ;
#2484 = LINE ( 'NONE', #5435, #5209 ) ;
#2485 = AXIS2_PLACEMENT_3D ( 'NONE', #242, #8185, #6683 ) ;
#2486 = AXIS2_PLACEMENT_3D ( 'NONE', #8162, #1441, #4489 ) ;
#2487 = FACE_OUTER_BOUND ( 'NONE', #1842, .T. ) ;
#2488 = CARTESIAN_POINT ( 'NONE',  ( -60.00000000000000000, -33.00000000000000000, -60.00000000000000000 ) ) ;
#2489 = ORIENTED_EDGE ( 'NONE', *, *, #6621, .F. ) ;
#2490 = DIRECTION ( 'NONE',  ( -1.000000000000000000, 0.000000000000000000, 1.362997016838920170E-15 ) ) ;
#2491 = FACE_OUTER_BOUND ( 'NONE', #7964, .T. ) ;
#2492 = CARTESIAN_POINT ( 'NONE',  ( 1.283034340616154073E-13, 26.00000000000000355, 9.600000000000001421 ) ) ;
#2493 = CIRCLE ( 'NONE', #3270, 1.750000000000105693 ) ;
#2494 = AXIS2_PLACEMENT_3D ( 'NONE', #6231, #2558, #2512 ) ;
#2495 = VERTEX_POINT ( 'NONE', #7302 ) ;
#2496 = VERTEX_POINT ( 'NONE', #1405 ) ;
#2497 = EDGE_CURVE ( 'NONE', #5505, #4718, #482, .T. ) ;
#2498 = CARTESIAN_POINT ( 'NONE',  ( 25.00000000000020606, 3.000000000000176303, -29.00000000000000711 ) ) ;
#2499 = VERTEX_POINT ( 'NONE', #9526 ) ;
#2500 = DIRECTION ( 'NONE',  ( 0.000000000000000000, 0.000000000000000000, 1.000000000000000000 ) ) ;
#2501 = CARTESIAN_POINT ( 'NONE',  ( -11.29999999999994031, 24.49999999999992184, 32.50000000000000000 ) ) ;
#2502 = VERTEX_POINT ( 'NONE', #2041 ) ;
#2503 = DIRECTION ( 'NONE',  ( 0.000000000000000000, 0.000000000000000000, -1.000000000000000000 ) ) ;
#2504 = ORIENTED_EDGE ( 'NONE', *, *, #1627, .T. ) ;
#2505 = ADVANCED_FACE ( 'NONE', ( #680, #2852 ), #5797, .F. ) ;
#2506 = ORIENTED_EDGE ( 'NONE', *, *, #2449, .T. ) ;
#2507 = ORIENTED_EDGE ( 'NONE', *, *, #6882, .F. ) ;
#2508 = DIRECTION ( 'NONE',  ( 0.000000000000000000, 0.000000000000000000, -1.000000000000000000 ) ) ;
#2509 = EDGE_CURVE ( 'NONE', #4833, #4606, #8028, .T. ) ;
#2510 = ADVANCED_FACE ( 'NONE', ( #5754 ), #5128, .T. ) ;
#2511 = DIRECTION ( 'NONE',  ( -1.000000000000000000, 0.000000000000000000, 0.000000000000000000 ) ) ;
#2512 = DIRECTION ( 'NONE',  ( 0.000000000000000000, 0.000000000000000000, 1.000000000000000000 ) ) ;
#2513 = VERTEX_POINT ( 'NONE', #2897 ) ;
#2514 = B_SPLINE_CURVE_WITH_KNOTS ( 'NONE', 3,
 ( #6126, #3138, #5495, #1005 ),
 .UNSPECIFIED., .F., .F.,
 ( 4, 4 ),
 ( 0.000000000000000000, 0.0006881903657639145810 ),
 .UNSPECIFIED. ) ;
#2515 = CARTESIAN_POINT ( 'NONE',  ( 12.00000000000015277, 11.00000000000008527, 1.499999999999999112 ) ) ;
#2516 = FACE_OUTER_BOUND ( 'NONE', #2066, .T. ) ;
#2517 = VERTEX_POINT ( 'NONE', #8706 ) ;
#2518 =( NAMED_UNIT ( * ) PLANE_ANGLE_UNIT ( ) SI_UNIT ( $, .RADIAN. ) );
#2519 = ORIENTED_EDGE ( 'NONE', *, *, #7093, .T. ) ;
#2520 = EDGE_LOOP ( 'NONE', ( #5930, #1385, #8412, #8187 ) ) ;
#2521 = CARTESIAN_POINT ( 'NONE',  ( 55.86932208953547274, 3.000000000000000000, -14.00000000000001243 ) ) ;
#2522 = DIRECTION ( 'NONE',  ( 6.982962677686266711E-15, -1.000000000000000000, 0.000000000000000000 ) ) ;
#2523 = FACE_OUTER_BOUND ( 'NONE', #7418, .T. ) ;
#2524 = CARTESIAN_POINT ( 'NONE',  ( 58.45845530899425313, 3.000000000000412115, 5.458336687847006097 ) ) ;
#2525 = CARTESIAN_POINT ( 'NONE',  ( -4.874423042781852899, 42.99999999999997158, -34.00000000000000000 ) ) ;
#2526 = EDGE_LOOP ( 'NONE', ( #1259, #9480, #2849, #971 ) ) ;
#2527 = FACE_BOUND ( 'NONE', #6645, .T. ) ;
#2528 = CARTESIAN_POINT ( 'NONE',  ( -1.000000000000289990, 44.50000000000000000, -32.50000000000000000 ) ) ;
#2529 = ADVANCED_FACE ( 'NONE', ( #2707 ), #629, .F. ) ;
#2530 = ADVANCED_FACE ( 'NONE', ( #4987 ), #9330, .T. ) ;
#2531 = B_SPLINE_CURVE_WITH_KNOTS ( 'NONE', 3,
 ( #1171, #7801, #5621, #1806 ),
 .UNSPECIFIED., .F., .F.,
 ( 4, 4 ),
 ( 0.000000000000000000, 0.0002128395633472746312 ),
 .UNSPECIFIED. ) ;
#2532 = EDGE_LOOP ( 'NONE', ( #7002, #7048, #8651, #4984, #1226, #8180, #2366, #634 ) ) ;
#2533 = CYLINDRICAL_SURFACE ( 'NONE', #4753, 5.750000000000003553 ) ;
#2534 = DIRECTION ( 'NONE',  ( 0.000000000000000000, 1.000000000000000000, 0.000000000000000000 ) ) ;
#2535 = VERTEX_POINT ( 'NONE', #9479 ) ;
#2536 = CYLINDRICAL_SURFACE ( 'NONE', #1883, 7.600000000000005862 ) ;
#2537 = DIRECTION ( 'NONE',  ( 1.000000000000000000, 0.000000000000000000, -0.000000000000000000 ) ) ;
#2538 = CARTESIAN_POINT ( 'NONE',  ( -1.606081415867841343E-13, 26.00000000000000355, -32.50000000000000000 ) ) ;
#2539 = ORIENTED_EDGE ( 'NONE', *, *, #6022, .T. ) ;
#2540 = ORIENTED_EDGE ( 'NONE', *, *, #8876, .F. ) ;
#2541 = LINE ( 'NONE', #7724, #7729 ) ;
#2542 = AXIS2_PLACEMENT_3D ( 'NONE', #2386, #4021, #4610 ) ;
#2543 = CIRCLE ( 'NONE', #6406, 10.00000000000000178 ) ;
#2544 = ORIENTED_EDGE ( 'NONE', *, *, #982, .T. ) ;
#2545 = EDGE_CURVE ( 'NONE', #7667, #9399, #8749, .T. ) ;
#2546 = DIRECTION ( 'NONE',  ( -6.982962677686266711E-15, 1.000000000000000000, 0.000000000000000000 ) ) ;
#2547 = VECTOR ( 'NONE', #3925, 1000.000000000000000 ) ;
#2548 = CARTESIAN_POINT ( 'NONE',  ( -11.27017349682976644, 25.99999999999992539, -31.00000000000000000 ) ) ;
#2549 = CIRCLE ( 'NONE', #7497, 1.000000000000001554 ) ;
#2550 = EDGE_LOOP ( 'NONE', ( #2293, #1663, #6909, #1634, #3511, #7861, #1865 ) ) ;
#2551 = CARTESIAN_POINT ( 'NONE',  ( -2.500000000000169198, 24.49999999999998224, -33.75000000000000000 ) ) ;
#2552 = EDGE_LOOP ( 'NONE', ( #3908, #3869, #2567 ) ) ;
#2553 = ADVANCED_FACE ( 'NONE', ( #5653 ), #5849, .T. ) ;
#2554 = DIRECTION ( 'NONE',  ( -1.000000000000000000, -6.987186840583977580E-15, 0.000000000000000000 ) ) ;
#2555 = ORIENTED_EDGE ( 'NONE', *, *, #4827, .T. ) ;
#2556 = CARTESIAN_POINT ( 'NONE',  ( 5.448022075825904380E-14, 24.00000000000000355, -4.099999999999999645 ) ) ;
#2557 = CARTESIAN_POINT ( 'NONE',  ( 9.713392816107106142, 24.50000000000007105, -1.299999999999997824 ) ) ;
#2558 = DIRECTION ( 'NONE',  ( -0.000000000000000000, -1.000000000000000000, 0.000000000000000000 ) ) ;
#2559 = ORIENTED_EDGE ( 'NONE', *, *, #1485, .F. ) ;
#2560 = CARTESIAN_POINT ( 'NONE',  ( -1.816668578551834344E-13, 26.00000000000000355, 2.051038353574630974E-29 ) ) ;
#2561 = VECTOR ( 'NONE', #5835, 1000.000000000000000 ) ;
#2562 = LINE ( 'NONE', #1946, #9277 ) ;
#2563 = ORIENTED_EDGE ( 'NONE', *, *, #167, .T. ) ;
#2564 = EDGE_CURVE ( 'NONE', #4334, #3995, #8945, .T. ) ;
#2565 = AXIS2_PLACEMENT_3D ( 'NONE', #885, #936, #2384 ) ;
#2566 = DIRECTION ( 'NONE',  ( 6.982962677686266711E-15, -1.000000000000000000, 0.000000000000000000 ) ) ;
#2567 = ORIENTED_EDGE ( 'NONE', *, *, #9419, .T. ) ;
#2568 = ORIENTED_EDGE ( 'NONE', *, *, #2954, .F. ) ;
#2569 = DIRECTION ( 'NONE',  ( 1.000000000000000000, 6.987186840583977580E-15, 0.000000000000000000 ) ) ;
#2570 = CARTESIAN_POINT ( 'NONE',  ( -59.54154469100571845, -4.128641872824800885E-13, 3.316627699545110275 ) ) ;
#2571 = ADVANCED_FACE ( 'NONE', ( #44 ), #90, .T. ) ;
#2572 = DIRECTION ( 'NONE',  ( 0.000000000000000000, 0.000000000000000000, 1.000000000000000000 ) ) ;
#2573 = CYLINDRICAL_SURFACE ( 'NONE', #5885, 11.29999999999999893 ) ;
#2574 = AXIS2_PLACEMENT_3D ( 'NONE', #3822, #8268, #146 ) ;
#2575 = FACE_OUTER_BOUND ( 'NONE', #4583, .T. ) ;
#2576 = VERTEX_POINT ( 'NONE', #5937 ) ;
#2577 = CARTESIAN_POINT ( 'NONE',  ( -1.711924138386540470E-13, 24.50000000000000000, -32.50000000000000000 ) ) ;
#2578 = DIRECTION ( 'NONE',  ( 0.000000000000000000, 1.000000000000000000, -0.000000000000000000 ) ) ;
#2579 = CIRCLE ( 'NONE', #9220, 1.000000000000000222 ) ;
#2580 = VERTEX_POINT ( 'NONE', #2225 ) ;
#2581 = DIRECTION ( 'NONE',  ( 0.000000000000000000, 0.000000000000000000, 1.000000000000000000 ) ) ;
#2582 = DIRECTION ( 'NONE',  ( 0.000000000000000000, -1.000000000000000000, 0.000000000000000000 ) ) ;
#2583 = ORIENTED_EDGE ( 'NONE', *, *, #5778, .F. ) ;
#2584 = FACE_OUTER_BOUND ( 'NONE', #8443, .T. ) ;
#2585 = CIRCLE ( 'NONE', #3826, 5.749999999999963585 ) ;
#2586 = VECTOR ( 'NONE', #8498, 1000.000000000000000 ) ;
#2587 = FACE_BOUND ( 'NONE', #7165, .T. ) ;
#2588 = DIRECTION ( 'NONE',  ( -1.000000000000000000, -7.080503983578805401E-15, 0.000000000000000000 ) ) ;
#2589 = EDGE_CURVE ( 'NONE', #6521, #4842, #6965, .T. ) ;
#2590 = AXIS2_PLACEMENT_3D ( 'NONE', #6903, #5406, #1784 ) ;
#2591 = EDGE_LOOP ( 'NONE', ( #9338, #5117, #1411, #3220 ) ) ;
#2592 = ORIENTED_EDGE ( 'NONE', *, *, #5301, .F. ) ;
#2593 = CIRCLE ( 'NONE', #8002, 1.749999999999996891 ) ;
#2594 = DIRECTION ( 'NONE',  ( -1.501203008056852198E-16, -1.000000000000000000, -2.604172100283218727E-31 ) ) ;
#2595 = CIRCLE ( 'NONE', #5071, 14.59666057699498332 ) ;
#2596 = AXIS2_PLACEMENT_3D ( 'NONE', #359, #216, #6116 ) ;
#2597 = PLANE ( 'NONE',  #6884 ) ;
#2598 = CIRCLE ( 'NONE', #908, 5.750000000000000888 ) ;
#2599 = ORIENTED_EDGE ( 'NONE', *, *, #7266, .F. ) ;
#2600 = CARTESIAN_POINT ( 'NONE',  ( -60.00000000000000000, -33.00000000000000000, -60.00000000000000000 ) ) ;
#2601 = DIRECTION ( 'NONE',  ( 0.000000000000000000, 0.000000000000000000, 1.000000000000000000 ) ) ;
#2602 = EDGE_LOOP ( 'NONE', ( #8166, #15 ) ) ;
#2603 = DIRECTION ( 'NONE',  ( -6.982962677686266711E-15, 1.000000000000000000, 0.000000000000000000 ) ) ;
#2604 = ORIENTED_EDGE ( 'NONE', *, *, #4504, .T. ) ;
#2605 = DIRECTION ( 'NONE',  ( -6.982962677686266711E-15, 1.000000000000000000, -0.000000000000000000 ) ) ;
#2606 = VECTOR ( 'NONE', #6143, 1000.000000000000000 ) ;
#2607 = EDGE_CURVE ( 'NONE', #2879, #6852, #6509, .T. ) ;
#2608 = EDGE_CURVE ( 'NONE', #8330, #6041, #5485, .T. ) ;
#2609 = EDGE_LOOP ( 'NONE', ( #5971, #599 ) ) ;
#2610 = DIRECTION ( 'NONE',  ( 0.000000000000000000, 0.000000000000000000, 1.000000000000000000 ) ) ;
#2611 = CARTESIAN_POINT ( 'NONE',  ( -69.99999999999975842, -4.857225732735059864E-13, -1.713039432527097006E-14 ) ) ;
#2612 = LINE ( 'NONE', #9238, #7438 ) ;
#2613 = ORIENTED_EDGE ( 'NONE', *, *, #7283, .T. ) ;
#2614 = COLOUR_RGB ( '',0.7921568627450980005, 0.8196078431372548767, 0.9333333333333333481 ) ;
#2615 = DIRECTION ( 'NONE',  ( 6.982962677686266711E-15, -1.000000000000000000, -0.000000000000000000 ) ) ;
#2616 = DIRECTION ( 'NONE',  ( 6.982962677686266711E-15, -1.000000000000000000, 0.000000000000000000 ) ) ;
#2617 = ORIENTED_EDGE ( 'NONE', *, *, #2201, .F. ) ;
#2618 = ADVANCED_FACE ( 'NONE', ( #822 ), #7343, .T. ) ;
#2619 = AXIS2_PLACEMENT_3D ( 'NONE', #8470, #7019, #2678 ) ;
#2620 = ADVANCED_FACE ( 'NONE', ( #8120 ), #2536, .F. ) ;
#2621 = VECTOR ( 'NONE', #3135, 1000.000000000000000 ) ;
#2622 = DIRECTION ( 'NONE',  ( -0.000000000000000000, -0.000000000000000000, -1.000000000000000000 ) ) ;
#2623 = ORIENTED_EDGE ( 'NONE', *, *, #1012, .F. ) ;
#2624 = VERTEX_POINT ( 'NONE', #1496 ) ;
#2625 = DIRECTION ( 'NONE',  ( 0.000000000000000000, 1.000000000000000000, -0.000000000000000000 ) ) ;
#2626 = CARTESIAN_POINT ( 'NONE',  ( -1.816668578551834344E-13, 26.00000000000000355, -31.00000000000000000 ) ) ;
#2627 = LINE ( 'NONE', #4224, #19 ) ;
#2628 = VECTOR ( 'NONE', #7618, 1000.000000000000000 ) ;
#2629 = LINE ( 'NONE', #2723, #5844 ) ;
#2630 = ORIENTED_EDGE ( 'NONE', *, *, #4504, .F. ) ;
#2631 = LINE ( 'NONE', #600, #4288 ) ;
#2632 = EDGE_CURVE ( 'NONE', #5958, #5610, #8221, .T. ) ;
#2633 = CARTESIAN_POINT ( 'NONE',  ( -3.600000000000276756, 42.99999999999997868, -32.50000000000000000 ) ) ;
#2634 = VERTEX_POINT ( 'NONE', #8894 ) ;
#2635 = CARTESIAN_POINT ( 'NONE',  ( 11.29999999999960458, 26.00000000000008171, 2.051038353574630974E-29 ) ) ;
#2636 = DIRECTION ( 'NONE',  ( 0.000000000000000000, 0.000000000000000000, 1.000000000000000000 ) ) ;
#2637 = VECTOR ( 'NONE', #8711, 1000.000000000000000 ) ;
#2638 = EDGE_LOOP ( 'NONE', ( #1913, #6831 ) ) ;
#2639 = EDGE_CURVE ( 'NONE', #4988, #3188, #7285, .T. ) ;
#2640 = PLANE ( 'NONE',  #6821 ) ;
#2641 = EDGE_CURVE ( 'NONE', #3207, #2710, #3116, .T. ) ;
#2642 = LINE ( 'NONE', #7142, #3136 ) ;
#2643 = CARTESIAN_POINT ( 'NONE',  ( -15.00000000000055778, 113.0181803158004641, 19.00000000000001421 ) ) ;
#2644 = ORIENTED_EDGE ( 'NONE', *, *, #4154, .T. ) ;
#2645 = ORIENTED_EDGE ( 'NONE', *, *, #7782, .F. ) ;
#2646 = VECTOR ( 'NONE', #7461, 1000.000000000000000 ) ;
#2647 = AXIS2_PLACEMENT_3D ( 'NONE', #6177, #7784, #6906 ) ;
#2648 = CARTESIAN_POINT ( 'NONE',  ( 8.100000000000292744, 28.59999999999991971, 32.50000000000000000 ) ) ;
#2649 = DIRECTION ( 'NONE',  ( 6.982962677686266711E-15, -1.000000000000000000, 0.000000000000000000 ) ) ;
#2650 = EDGE_CURVE ( 'NONE', #621, #5488, #177, .T. ) ;
#2651 = VERTEX_POINT ( 'NONE', #994 ) ;
#2652 = AXIS2_PLACEMENT_3D ( 'NONE', #6960, #5458, #4690 ) ;
#2653 = VECTOR ( 'NONE', #1115, 1000.000000000000000 ) ;
#2654 = CARTESIAN_POINT ( 'NONE',  ( -60.00000000000000000, 3.000000000000000000, 0.000000000000000000 ) ) ;
#2655 = CARTESIAN_POINT ( 'NONE',  ( 13.00000000000003375, 27.04163056034271051, 25.50000000000000355 ) ) ;
#2656 = EDGE_LOOP ( 'NONE', ( #7316, #8635, #8590, #706 ) ) ;
#2657 = FACE_OUTER_BOUND ( 'NONE', #3287, .T. ) ;
#2658 = EDGE_LOOP ( 'NONE', ( #678, #786 ) ) ;
#2659 = DIRECTION ( 'NONE',  ( 6.982962677686266711E-15, -1.000000000000000000, 0.000000000000000000 ) ) ;
#2660 = AXIS2_PLACEMENT_3D ( 'NONE', #661, #1433, #6694 ) ;
#2661 = AXIS2_PLACEMENT_3D ( 'NONE', #1286, #8539, #1089 ) ;
#2662 = VERTEX_POINT ( 'NONE', #5216 ) ;
#2663 = ADVANCED_FACE ( 'NONE', ( #8170 ), #6161, .F. ) ;
#2664 = ADVANCED_FACE ( 'NONE', ( #313 ), #8381, .F. ) ;
#2665 = DIRECTION ( 'NONE',  ( 1.000000000000000000, 6.982962677686267499E-15, 2.041375437649192613E-15 ) ) ;
#2666 = FACE_OUTER_BOUND ( 'NONE', #4194, .T. ) ;
#2667 = FACE_OUTER_BOUND ( 'NONE', #346, .T. ) ;
#2668 = ORIENTED_EDGE ( 'NONE', *, *, #5648, .F. ) ;
#2669 = EDGE_CURVE ( 'NONE', #2980, #2001, #9161, .T. ) ;
#2670 = CARTESIAN_POINT ( 'NONE',  ( -12.99999999999977440, -8.673617379884035472E-14, 34.00000000000000000 ) ) ;
#2671 = ADVANCED_FACE ( 'NONE', ( #3673, #6614 ), #9574, .T. ) ;
#2672 = DIRECTION ( 'NONE',  ( -0.4512872425049601621, -3.151321971328088097E-15, 0.8923787451257841896 ) ) ;
#2673 = EDGE_LOOP ( 'NONE', ( #7230, #5706, #4903, #2085 ) ) ;
#2674 = DIRECTION ( 'NONE',  ( -0.000000000000000000, -1.000000000000000000, -0.000000000000000000 ) ) ;
#2675 = ORIENTED_EDGE ( 'NONE', *, *, #997, .F. ) ;
#2676 = ORIENTED_EDGE ( 'NONE', *, *, #259, .T. ) ;
#2677 = DIRECTION ( 'NONE',  ( -6.982962677686266711E-15, 1.000000000000000000, -0.000000000000000000 ) ) ;
#2678 = DIRECTION ( 'NONE',  ( -1.000000000000000000, 0.000000000000000000, 0.000000000000000000 ) ) ;
#2679 = DIRECTION ( 'NONE',  ( -6.938893903907227392E-16, -4.845403715540893213E-30, -1.000000000000000000 ) ) ;
#2680 = CARTESIAN_POINT ( 'NONE',  ( 4.874423042781294235, 43.00000000000003553, 34.00000000000000000 ) ) ;
#2681 = FACE_OUTER_BOUND ( 'NONE', #6925, .T. ) ;
#2682 = ORIENTED_EDGE ( 'NONE', *, *, #5752, .T. ) ;
#2683 = CARTESIAN_POINT ( 'NONE',  ( -2.793185071074507189E-13, 43.00000000000000000, -32.50000000000000000 ) ) ;
#2684 = LINE ( 'NONE', #3684, #1978 ) ;
#2685 = ORIENTED_EDGE ( 'NONE', *, *, #6069, .T. ) ;
#2686 = FACE_BOUND ( 'NONE', #2658, .T. ) ;
#2687 = CARTESIAN_POINT ( 'NONE',  ( -69.89949493661148949, -4.857225732735059864E-13, 9.899494936611587192 ) ) ;
#2688 = ORIENTED_EDGE ( 'NONE', *, *, #6780, .T. ) ;
#2689 = CARTESIAN_POINT ( 'NONE',  ( 60.00000000000022027, 4.232725281383409310E-13, -11.75000000000000355 ) ) ;
#2690 = ADVANCED_FACE ( 'NONE', ( #2584 ), #2640, .F. ) ;
#2691 = CARTESIAN_POINT ( 'NONE',  ( 6.502183067439875508, 3.000000000000047962, -19.00000000000001421 ) ) ;
#2692 = CARTESIAN_POINT ( 'NONE',  ( 60.00000000000022737, 4.232725281383409310E-13, 10.00000000000000000 ) ) ;
#2693 = ORIENTED_EDGE ( 'NONE', *, *, #6248, .T. ) ;
#2694 = ORIENTED_EDGE ( 'NONE', *, *, #948, .F. ) ;
#2695 = CARTESIAN_POINT ( 'NONE',  ( 60.00000000000000000, -33.00000000000000000, 60.00000000000000000 ) ) ;
#2696 = ADVANCED_FACE ( 'NONE', ( #7087 ), #5537, .F. ) ;
#2697 = DIRECTION ( 'NONE',  ( 1.000000000000000000, 6.987186840583977580E-15, 0.000000000000000000 ) ) ;
#2698 = ORIENTED_EDGE ( 'NONE', *, *, #3321, .F. ) ;
#2699 = CARTESIAN_POINT ( 'NONE',  ( -4.929826503170779084, 25.99999999999996803, 34.00000000000000000 ) ) ;
#2700 = EDGE_LOOP ( 'NONE', ( #4534, #5736, #3441, #8136 ) ) ;
#2701 = DIRECTION ( 'NONE',  ( 6.209932073980663753E-17, 4.336372390357384486E-31, -1.000000000000000000 ) ) ;
#2702 = ORIENTED_EDGE ( 'NONE', *, *, #1217, .F. ) ;
#2703 = FACE_OUTER_BOUND ( 'NONE', #6353, .T. ) ;
#2704 = ORIENTED_EDGE ( 'NONE', *, *, #9314, .F. ) ;
#2705 = CARTESIAN_POINT ( 'NONE',  ( -1.816668578551834344E-13, 26.00000000000000355, -2.051038353574630974E-29 ) ) ;
#2706 = FACE_OUTER_BOUND ( 'NONE', #6080, .T. ) ;
#2707 = FACE_OUTER_BOUND ( 'NONE', #8266, .T. ) ;
#2708 = CIRCLE ( 'NONE', #4096, 3.599999999999997424 ) ;
#2709 = EDGE_LOOP ( 'NONE', ( #612, #1023, #2613, #2782 ) ) ;
#2710 = VERTEX_POINT ( 'NONE', #7141 ) ;
#2711 = FACE_OUTER_BOUND ( 'NONE', #4108, .T. ) ;
#2712 = EDGE_CURVE ( 'NONE', #7350, #8086, #4141, .T. ) ;
#2713 = EDGE_CURVE ( 'NONE', #3949, #6907, #6453, .T. ) ;
#2714 = DIRECTION ( 'NONE',  ( 6.982962677686266711E-15, -1.000000000000000000, 0.000000000000000000 ) ) ;
#2715 = ORIENTED_EDGE ( 'NONE', *, *, #5940, .T. ) ;
#2716 = LINE ( 'NONE', #9294, #5810 ) ;
#2717 = EDGE_LOOP ( 'NONE', ( #3078, #8458, #4637, #5455 ) ) ;
#2718 = EDGE_LOOP ( 'NONE', ( #1312, #3638, #759, #3821 ) ) ;
#2719 = LINE ( 'NONE', #9249, #4418 ) ;
#2720 = DIRECTION ( 'NONE',  ( -1.000000000000000000, -6.991383056702158839E-18, 0.000000000000000000 ) ) ;
#2721 = DIRECTION ( 'NONE',  ( 0.000000000000000000, -0.000000000000000000, -1.000000000000000000 ) ) ;
#2722 = DIRECTION ( 'NONE',  ( -1.000000000000000000, -6.982962677686266711E-15, 0.000000000000000000 ) ) ;
#2723 = CARTESIAN_POINT ( 'NONE',  ( -11.29999999999996163, 27.49999999999992539, 1.383850883036487177E-15 ) ) ;
#2724 = CIRCLE ( 'NONE', #4574, 4.099999999999999645 ) ;
#2725 = ORIENTED_EDGE ( 'NONE', *, *, #7750, .T. ) ;
#2726 = DIRECTION ( 'NONE',  ( 0.000000000000000000, 0.000000000000000000, 1.000000000000000000 ) ) ;
#2727 = FACE_OUTER_BOUND ( 'NONE', #3589, .T. ) ;
#2728 = ADVANCED_FACE ( 'NONE', ( #6256 ), #3508, .F. ) ;
#2729 = AXIS2_PLACEMENT_3D ( 'NONE', #3627, #8179, #4509 ) ;
#2730 = VERTEX_POINT ( 'NONE', #362 ) ;
#2731 = PLANE ( 'NONE',  #1364 ) ;
#2732 = DIRECTION ( 'NONE',  ( -1.000000000000000000, -6.982962677686266711E-15, 0.000000000000000000 ) ) ;
#2733 = VERTEX_POINT ( 'NONE', #5681 ) ;
#2734 = DIRECTION ( 'NONE',  ( -6.982962677686266711E-15, 1.000000000000000000, -0.000000000000000000 ) ) ;
#2735 = AXIS2_PLACEMENT_3D ( 'NONE', #6636, #2869, #8868 ) ;
#2736 = LINE ( 'NONE', #363, #6991 ) ;
#2737 = DIRECTION ( 'NONE',  ( -6.987186840583977580E-15, 1.000000000000000000, -7.888609052210118054E-31 ) ) ;
#2738 = ORIENTED_EDGE ( 'NONE', *, *, #3173, .T. ) ;
#2739 = ORIENTED_EDGE ( 'NONE', *, *, #1417, .T. ) ;
#2740 = LINE ( 'NONE', #4388, #937 ) ;
#2741 = CIRCLE ( 'NONE', #8922, 14.00000000000000178 ) ;
#2742 = EDGE_CURVE ( 'NONE', #3859, #9064, #8486, .T. ) ;
#2743 = CIRCLE ( 'NONE', #4913, 14.00000000000000178 ) ;
#2744 = FACE_OUTER_BOUND ( 'NONE', #2816, .T. ) ;
#2745 = VERTEX_POINT ( 'NONE', #1183 ) ;
#2746 = VECTOR ( 'NONE', #344, 1000.000000000000000 ) ;
#2747 = DIRECTION ( 'NONE',  ( -6.982962677686266711E-15, 1.000000000000000000, -0.000000000000000000 ) ) ;
#2748 = EDGE_CURVE ( 'NONE', #7830, #7933, #9135, .T. ) ;
#2749 = VECTOR ( 'NONE', #9304, 1000.000000000000000 ) ;
#2750 = ORIENTED_EDGE ( 'NONE', *, *, #1281, .T. ) ;
#2751 = DIRECTION ( 'NONE',  ( 0.000000000000000000, 1.000000000000000000, 0.000000000000000000 ) ) ;
#2752 = VERTEX_POINT ( 'NONE', #459 ) ;
#2753 = VECTOR ( 'NONE', #953, 1000.000000000000000 ) ;
#2754 = AXIS2_PLACEMENT_3D ( 'NONE', #4960, #3360, #4762 ) ;
#2755 = EDGE_CURVE ( 'NONE', #4130, #9131, #7033, .T. ) ;
#2756 = AXIS2_PLACEMENT_3D ( 'NONE', #9565, #5931, #7652 ) ;
#2757 = ORIENTED_EDGE ( 'NONE', *, *, #3024, .T. ) ;
#2758 = DIRECTION ( 'NONE',  ( -6.982962677686266711E-15, 1.000000000000000000, -0.000000000000000000 ) ) ;
#2759 = CARTESIAN_POINT ( 'NONE',  ( -60.00000000000000000, 25.00000000000000000, 0.000000000000000000 ) ) ;
#2760 = ORIENTED_EDGE ( 'NONE', *, *, #3516, .T. ) ;
#2761 = AXIS2_PLACEMENT_3D ( 'NONE', #3550, #650, #696 ) ;
#2762 = ORIENTED_EDGE ( 'NONE', *, *, #9200, .F. ) ;
#2763 = DIRECTION ( 'NONE',  ( -1.000000000000000000, 0.000000000000000000, 0.000000000000000000 ) ) ;
#2764 = DIRECTION ( 'NONE',  ( 1.000000000000000000, 7.709882115452482111E-15, 0.000000000000000000 ) ) ;
#2765 = ORIENTED_EDGE ( 'NONE', *, *, #4402, .T. ) ;
#2766 = PRODUCT_CONTEXT ( 'NONE', #846, 'mechanical' ) ;
#2767 = CARTESIAN_POINT ( 'NONE',  ( -7.599999999999968558, 27.49999999999995026, 9.307315673519686272E-16 ) ) ;
#2768 = EDGE_LOOP ( 'NONE', ( #6226, #2604, #1375, #9578 ) ) ;
#2769 = ORIENTED_EDGE ( 'NONE', *, *, #3525, .T. ) ;
#2770 = FILL_AREA_STYLE ('',( #5518 ) ) ;
#2771 = DIRECTION ( 'NONE',  ( 0.000000000000000000, 0.000000000000000000, 1.000000000000000000 ) ) ;
#2772 = EDGE_CURVE ( 'NONE', #7336, #9399, #9453, .T. ) ;
#2773 = SURFACE_STYLE_FILL_AREA ( #6712 ) ;
#2774 = DIRECTION ( 'NONE',  ( 0.000000000000000000, 0.000000000000000000, -1.000000000000000000 ) ) ;
#2775 = EDGE_LOOP ( 'NONE', ( #1464, #6587 ) ) ;
#2776 = VECTOR ( 'NONE', #7703, 1000.000000000000000 ) ;
#2777 = DIRECTION ( 'NONE',  ( 6.982962677686266711E-15, -1.000000000000000000, -0.000000000000000000 ) ) ;
#2778 = ORIENTED_EDGE ( 'NONE', *, *, #193, .F. ) ;
#2779 = CARTESIAN_POINT ( 'NONE',  ( 4.874423042781377724, 31.13093921164811562, 31.00000000000000000 ) ) ;
#2780 = CLOSED_SHELL ( 'NONE', ( #7651, #2991, #8269, #4387, #6132, #7939, #93, #4602, #7484, #3945, #92, #5795, #4666, #2932, #6757, #6648, #6410, #7596, #4580, #849, #3394, #4919, #6083, #9505, #8986, #5055, #4046 ) ) ;
#2781 = DIRECTION ( 'NONE',  ( 6.982962677686266711E-15, -1.000000000000000000, 0.000000000000000000 ) ) ;
#2782 = ORIENTED_EDGE ( 'NONE', *, *, #645, .F. ) ;
#2783 = CARTESIAN_POINT ( 'NONE',  ( -60.00000000000000000, 25.00000000000000000, 0.000000000000000000 ) ) ;
#2784 = LINE ( 'NONE', #7228, #8618 ) ;
#2785 = ORIENTED_EDGE ( 'NONE', *, *, #8863, .T. ) ;
#2786 = CARTESIAN_POINT ( 'NONE',  ( -24.99999999999979394, 2.999999999999829026, 29.00000000000001066 ) ) ;
#2787 = VECTOR ( 'NONE', #2404, 1000.000000000000000 ) ;
#2788 = DIRECTION ( 'NONE',  ( -0.000000000000000000, -1.000000000000000000, -0.000000000000000000 ) ) ;
#2789 = DIRECTION ( 'NONE',  ( -0.000000000000000000, -1.000000000000000000, -0.000000000000000000 ) ) ;
#2790 = ADVANCED_FACE ( 'NONE', ( #1234 ), #4863, .F. ) ;
#2791 = ORIENTED_EDGE ( 'NONE', *, *, #525, .F. ) ;
#2792 = EDGE_LOOP ( 'NONE', ( #8232, #7235, #5447, #655 ) ) ;
#2793 = CARTESIAN_POINT ( 'NONE',  ( -2.500000000000169198, 24.49999999999998224, 33.75000000000000000 ) ) ;
#2794 = VECTOR ( 'NONE', #6409, 1000.000000000000000 ) ;
#2795 = CARTESIAN_POINT ( 'NONE',  ( -2.500000000000179412, 25.99999999999998579, -32.50000000000000000 ) ) ;
#2796 = EDGE_LOOP ( 'NONE', ( #6998, #7058 ) ) ;
#2797 = CARTESIAN_POINT ( 'NONE',  ( -6.502183067440221009, 113.0181803158005209, -19.00000000000001421 ) ) ;
#2798 = EDGE_CURVE ( 'NONE', #5197, #1604, #5732, .T. ) ;
#2799 = COLOUR_RGB ( '',0.7921568627450980005, 0.8196078431372548767, 0.9333333333333333481 ) ;
#2800 = ORIENTED_EDGE ( 'NONE', *, *, #4169, .F. ) ;
#2801 = DIRECTION ( 'NONE',  ( -0.000000000000000000, -0.000000000000000000, 1.000000000000000000 ) ) ;
#2802 = VERTEX_POINT ( 'NONE', #2786 ) ;
#2803 = CARTESIAN_POINT ( 'NONE',  ( 0.000000000000000000, -20.99999999999999645, -6.099999999999999645 ) ) ;
#2804 = ORIENTED_EDGE ( 'NONE', *, *, #532, .T. ) ;
#2805 = AXIS2_PLACEMENT_3D ( 'NONE', #3937, #264, #3214 ) ;
#2806 = AXIS2_PLACEMENT_3D ( 'NONE', #326, #185, #6952 ) ;
#2807 = CARTESIAN_POINT ( 'NONE',  ( 2.499999999999820588, 26.00000000000002132, 33.75000000000000000 ) ) ;
#2808 = DIRECTION ( 'NONE',  ( 1.000000000000000000, 0.000000000000000000, 0.000000000000000000 ) ) ;
#2809 = ORIENTED_EDGE ( 'NONE', *, *, #1337, .T. ) ;
#2810 = EDGE_CURVE ( 'NONE', #3970, #7092, #4083, .T. ) ;
#2811 = ORIENTED_EDGE ( 'NONE', *, *, #7229, .T. ) ;
#2812 = CARTESIAN_POINT ( 'NONE',  ( -69.99999999999998579, 3.000000000000000000, 0.000000000000000000 ) ) ;
#2813 = VECTOR ( 'NONE', #6524, 1000.000000000000000 ) ;
#2814 = AXIS2_PLACEMENT_3D ( 'NONE', #6308, #4765, #7717 ) ;
#2815 = LINE ( 'NONE', #731, #4499 ) ;
#2816 = EDGE_LOOP ( 'NONE', ( #3735, #6170, #3159, #2760, #4866 ) ) ;
#2817 = EDGE_CURVE ( 'NONE', #8818, #7930, #9311, .T. ) ;
#2818 = EDGE_CURVE ( 'NONE', #500, #9475, #8688, .T. ) ;
#2819 = DIRECTION ( 'NONE',  ( -3.909390990442899389E-47, -2.604172100283218727E-31, 1.000000000000000000 ) ) ;
#2820 = EDGE_LOOP ( 'NONE', ( #4808, #5890, #6452, #4069 ) ) ;
#2821 = VECTOR ( 'NONE', #2878, 1000.000000000000000 ) ;
#2822 = CARTESIAN_POINT ( 'NONE',  ( -26.00000000000002842, -1.000000000000007772, 50.40000000000001279 ) ) ;
#2823 = DIRECTION ( 'NONE',  ( 0.000000000000000000, 0.000000000000000000, 1.000000000000000000 ) ) ;
#2824 = DIRECTION ( 'NONE',  ( -0.8923787451257843006, -6.231447471573858343E-15, -0.4512872425049599401 ) ) ;
#2825 = VERTEX_POINT ( 'NONE', #4962 ) ;
#2826 = FACE_OUTER_BOUND ( 'NONE', #6733, .T. ) ;
#2827 = ORIENTED_EDGE ( 'NONE', *, *, #7808, .T. ) ;
#2828 = CARTESIAN_POINT ( 'NONE',  ( 25.00000000000020961, 3.000000000000176303, -39.00000000000002132 ) ) ;
#2829 = VECTOR ( 'NONE', #410, 1000.000000000000000 ) ;
#2830 = ORIENTED_EDGE ( 'NONE', *, *, #6586, .T. ) ;
#2831 = CARTESIAN_POINT ( 'NONE',  ( 60.00000000000019895, 3.000000000000422329, -10.00000000000000000 ) ) ;
#2832 = CARTESIAN_POINT ( 'NONE',  ( -1.711924138386540470E-13, 24.50000000000000000, 32.50000000000000000 ) ) ;
#2833 = DIRECTION ( 'NONE',  ( 0.000000000000000000, 0.000000000000000000, 1.000000000000000000 ) ) ;
#2834 = DIRECTION ( 'NONE',  ( -0.000000000000000000, -1.000000000000000000, -0.000000000000000000 ) ) ;
#2835 = LINE ( 'NONE', #5777, #1426 ) ;
#2836 = ORIENTED_EDGE ( 'NONE', *, *, #8198, .F. ) ;
#2837 = ORIENTED_EDGE ( 'NONE', *, *, #7037, .T. ) ;
#2838 = ADVANCED_FACE ( 'NONE', ( #8636 ), #7914, .F. ) ;
#2839 = EDGE_CURVE ( 'NONE', #9315, #4164, #5194, .T. ) ;
#2840 = CARTESIAN_POINT ( 'NONE',  ( 3.599999999999836220, 26.00000000000002487, -32.50000000000000000 ) ) ;
#2841 = DIRECTION ( 'NONE',  ( 0.000000000000000000, 0.000000000000000000, -1.000000000000000000 ) ) ;
#2842 = ORIENTED_EDGE ( 'NONE', *, *, #7875, .T. ) ;
#2843 = DIRECTION ( 'NONE',  ( -1.000000000000000000, -6.987186840583977580E-15, 0.000000000000000000 ) ) ;
#2844 = DIRECTION ( 'NONE',  ( -0.000000000000000000, -1.000000000000000000, -0.000000000000000000 ) ) ;
#2845 = ORIENTED_EDGE ( 'NONE', *, *, #8382, .F. ) ;
#2846 = PLANE ( 'NONE',  #1991 ) ;
#2847 = EDGE_LOOP ( 'NONE', ( #8953, #9246 ) ) ;
#2848 = LINE ( 'NONE', #2803, #2021 ) ;
#2849 = ORIENTED_EDGE ( 'NONE', *, *, #5141, .T. ) ;
#2850 = EDGE_CURVE ( 'NONE', #4019, #8991, #7231, .T. ) ;
#2851 = LINE ( 'NONE', #2994, #2045 ) ;
#2852 = FACE_OUTER_BOUND ( 'NONE', #8975, .T. ) ;
#2853 = EDGE_LOOP ( 'NONE', ( #8361, #9248, #7982, #6880 ) ) ;
#2854 = ORIENTED_EDGE ( 'NONE', *, *, #5760, .T. ) ;
#2855 = FACE_OUTER_BOUND ( 'NONE', #9168, .T. ) ;
#2856 = CARTESIAN_POINT ( 'NONE',  ( 15.00000000000023270, 1.075528555105620399E-13, 49.00000000000001421 ) ) ;
#2857 = ORIENTED_EDGE ( 'NONE', *, *, #7388, .T. ) ;
#2858 = CARTESIAN_POINT ( 'NONE',  ( -9.800000000000290257, 28.59999999999991616, 31.00000000000000000 ) ) ;
#2859 = COLOUR_RGB ( '',0.7921568627450980005, 0.8196078431372548767, 0.9333333333333333481 ) ;
#2860 = ORIENTED_EDGE ( 'NONE', *, *, #8934, .F. ) ;
#2861 = CARTESIAN_POINT ( 'NONE',  ( -1.816668578551834344E-13, 26.00000000000000355, 2.051038353574630974E-29 ) ) ;
#2862 = CARTESIAN_POINT ( 'NONE',  ( -24.99999999999977263, -1.734723475976807094E-13, -29.00000000000001066 ) ) ;
#2863 = CARTESIAN_POINT ( 'NONE',  ( -9.800000000000290257, 28.59999999999991616, 32.50000000000000000 ) ) ;
#2864 = EDGE_CURVE ( 'NONE', #7146, #4731, #5822, .T. ) ;
#2865 = ORIENTED_EDGE ( 'NONE', *, *, #9234, .F. ) ;
#2866 = DIRECTION ( 'NONE',  ( -0.000000000000000000, -1.000000000000000000, -0.000000000000000000 ) ) ;
#2867 = AXIS2_PLACEMENT_3D ( 'NONE', #2145, #7411, #4367 ) ;
#2868 = VERTEX_POINT ( 'NONE', #8827 ) ;
#2869 = DIRECTION ( 'NONE',  ( 0.4512872425049614944, 3.151321971328097563E-15, 0.8923787451257835235 ) ) ;
#2870 = EDGE_CURVE ( 'NONE', #9557, #1132, #6055, .T. ) ;
#2871 = ORIENTED_EDGE ( 'NONE', *, *, #7094, .T. ) ;
#2872 = DIRECTION ( 'NONE',  ( -1.000000000000000000, -0.000000000000000000, -0.000000000000000000 ) ) ;
#2873 = DIRECTION ( 'NONE',  ( 1.000000000000000000, 6.987186840583977580E-15, 0.000000000000000000 ) ) ;
#2874 = VECTOR ( 'NONE', #906, 1000.000000000000000 ) ;
#2875 = CARTESIAN_POINT ( 'NONE',  ( -8.100000000000289191, 28.59999999999991616, -31.00000000000000000 ) ) ;
#2876 = DIRECTION ( 'NONE',  ( -1.000000000000000000, 0.000000000000000000, 0.000000000000000000 ) ) ;
#2877 = AXIS2_PLACEMENT_3D ( 'NONE', #3592, #3688, #6538 ) ;
#2878 = DIRECTION ( 'NONE',  ( 6.982962677686266711E-15, -1.000000000000000000, 0.000000000000000000 ) ) ;
#2879 = VERTEX_POINT ( 'NONE', #7278 ) ;
#2880 = AXIS2_PLACEMENT_3D ( 'NONE', #735, #7262, #591 ) ;
#2881 = DIRECTION ( 'NONE',  ( 0.000000000000000000, 0.000000000000000000, -1.000000000000000000 ) ) ;
#2882 = CIRCLE ( 'NONE', #4120, 8.500000000000000000 ) ;
#2883 = CARTESIAN_POINT ( 'NONE',  ( 6.999999999999993783, 3.500000000000001332, 50.40000000000001279 ) ) ;
#2884 = CARTESIAN_POINT ( 'NONE',  ( -2.897929511239801316E-13, 44.50000000000000711, 32.50000000000000000 ) ) ;
#2885 = ORIENTED_EDGE ( 'NONE', *, *, #1348, .F. ) ;
#2886 = ADVANCED_FACE ( 'NONE', ( #3751 ), #3700, .T. ) ;
#2887 = CARTESIAN_POINT ( 'NONE',  ( 4.799936326822310032E-14, 26.00000000000000355, 0.000000000000000000 ) ) ;
#2888 = DIRECTION ( 'NONE',  ( -5.508586259044130096E-45, 7.888609052210118054E-31, 1.000000000000000000 ) ) ;
#2889 = ORIENTED_EDGE ( 'NONE', *, *, #1647, .T. ) ;
#2890 = PLANE ( 'NONE',  #751 ) ;
#2891 = ORIENTED_EDGE ( 'NONE', *, *, #2772, .T. ) ;
#2892 = VECTOR ( 'NONE', #4407, 1000.000000000000000 ) ;
#2893 = FILL_AREA_STYLE ('',( #9476 ) ) ;
#2894 = ORIENTED_EDGE ( 'NONE', *, *, #1246, .F. ) ;
#2895 = AXIS2_PLACEMENT_3D ( 'NONE', #4940, #4404, #2763 ) ;
#2896 = FACE_OUTER_BOUND ( 'NONE', #5212, .T. ) ;
#2897 = CARTESIAN_POINT ( 'NONE',  ( 6.400000000000292566, 28.59999999999991971, -31.00000000000000000 ) ) ;
#2898 = PLANE ( 'NONE',  #2457 ) ;
#2899 = VECTOR ( 'NONE', #2665, 1000.000000000000000 ) ;
#2900 = COLOUR_RGB ( '',0.7921568627450980005, 0.8196078431372548767, 0.9333333333333333481 ) ;
#2901 = EDGE_LOOP ( 'NONE', ( #4626, #4543, #1926, #4463, #507, #55 ) ) ;
#2902 = CARTESIAN_POINT ( 'NONE',  ( 9.800000000000292033, 28.59999999999991971, 32.50000000000000000 ) ) ;
#2903 = EDGE_CURVE ( 'NONE', #2118, #9093, #68, .T. ) ;
#2904 = AXIS2_PLACEMENT_3D ( 'NONE', #1008, #374, #1056 ) ;
#2905 = CARTESIAN_POINT ( 'NONE',  ( 60.00000000000000000, 4.000000000000000000, 9.999999999999984013 ) ) ;
#2906 = EDGE_CURVE ( 'NONE', #9022, #4421, #1329, .T. ) ;
#2907 = ORIENTED_EDGE ( 'NONE', *, *, #4551, .F. ) ;
#2908 = CARTESIAN_POINT ( 'NONE',  ( 2.499999999999830802, 24.50000000000001776, 31.25000000000000000 ) ) ;
#2909 = ORIENTED_EDGE ( 'NONE', *, *, #2089, .T. ) ;
#2910 = DIRECTION ( 'NONE',  ( -1.000000000000000000, -6.987186840583977580E-15, -0.000000000000000000 ) ) ;
#2911 = LINE ( 'NONE', #6680, #2410 ) ;
#2912 = AXIS2_PLACEMENT_3D ( 'NONE', #200, #4694, #155 ) ;
#2913 = ORIENTED_EDGE ( 'NONE', *, *, #5090, .F. ) ;
#2914 = DIRECTION ( 'NONE',  ( -6.982962677686266711E-15, 1.000000000000000000, -0.000000000000000000 ) ) ;
#2915 = ORIENTED_EDGE ( 'NONE', *, *, #5939, .T. ) ;
#2916 = EDGE_CURVE ( 'NONE', #9, #3686, #8992, .T. ) ;
#2917 = CARTESIAN_POINT ( 'NONE',  ( 59.00000000000028422, -7.999999999999583444, 4.387482193696066624 ) ) ;
#2918 = ORIENTED_EDGE ( 'NONE', *, *, #2247, .F. ) ;
#2919 = DIRECTION ( 'NONE',  ( -9.507508744627835122E-16, 0.000000000000000000, 1.000000000000000000 ) ) ;
#2920 = ORIENTED_EDGE ( 'NONE', *, *, #5190, .F. ) ;
#2921 = CARTESIAN_POINT ( 'NONE',  ( -58.45845530899381259, -4.059252933785728601E-13, 5.458336687846990998 ) ) ;
#2922 = CYLINDRICAL_SURFACE ( 'NONE', #427, 4.500000000000004441 ) ;
#2923 = LINE ( 'NONE', #3069, #8527 ) ;
#2924 = DIRECTION ( 'NONE',  ( 0.000000000000000000, 0.000000000000000000, -1.000000000000000000 ) ) ;
#2925 = CARTESIAN_POINT ( 'NONE',  ( 8.100000000000292744, 28.59999999999991971, -34.00000000000000000 ) ) ;
#2926 = ADVANCED_FACE ( 'NONE', ( #2251 ), #5011, .T. ) ;
#2927 = PRESENTATION_LAYER_ASSIGNMENT (  '', '', ( #9098 ) ) ;
#2928 = ORIENTED_EDGE ( 'NONE', *, *, #6727, .T. ) ;
#2929 = CARTESIAN_POINT ( 'NONE',  ( 8.100000000000292744, 28.59999999999991971, 31.00000000000000000 ) ) ;
#2930 = AXIS2_PLACEMENT_3D ( 'NONE', #6341, #9250, #1857 ) ;
#2931 = EDGE_CURVE ( 'NONE', #2535, #6041, #2157, .T. ) ;
#2932 = ADVANCED_FACE ( 'NONE', ( #3556 ), #5151, .T. ) ;
#2933 = CARTESIAN_POINT ( 'NONE',  ( 0.000000000000000000, -33.00000000000000000, 0.000000000000000000 ) ) ;
#2934 = CYLINDRICAL_SURFACE ( 'NONE', #3337, 1.750000000000032863 ) ;
#2935 = AXIS2_PLACEMENT_3D ( 'NONE', #6854, #3717, #8301 ) ;
#2936 = ORIENTED_EDGE ( 'NONE', *, *, #4680, .F. ) ;
#2937 = CARTESIAN_POINT ( 'NONE',  ( -60.00000000000000000, 4.000000000000000000, 0.000000000000000000 ) ) ;
#2938 = DIRECTION ( 'NONE',  ( -0.000000000000000000, -1.000000000000000000, -0.000000000000000000 ) ) ;
#2939 = VERTEX_POINT ( 'NONE', #8101 ) ;
#2940 = CARTESIAN_POINT ( 'NONE',  ( 73.14687499999999432, 3.000000000000000000, -4.812450283834122544 ) ) ;
#2941 = ORIENTED_EDGE ( 'NONE', *, *, #6501, .T. ) ;
#2942 = AXIS2_PLACEMENT_3D ( 'NONE', #9121, #8546, #1775 ) ;
#2943 = DIRECTION ( 'NONE',  ( 0.000000000000000000, 0.000000000000000000, 1.000000000000000000 ) ) ;
#2944 = ORIENTED_EDGE ( 'NONE', *, *, #6185, .F. ) ;
#2945 = DIRECTION ( 'NONE',  ( 6.982962677686266711E-15, -1.000000000000000000, 0.000000000000000000 ) ) ;
#2946 = CARTESIAN_POINT ( 'NONE',  ( 60.00000000000000000, 26.00000000000000355, -1.387778780781445676E-14 ) ) ;
#2947 = VECTOR ( 'NONE', #5085, 1000.000000000000000 ) ;
#2948 = ORIENTED_EDGE ( 'NONE', *, *, #3143, .F. ) ;
#2949 = DIRECTION ( 'NONE',  ( -1.000000000000000000, -6.802837160693364202E-15, 0.000000000000000000 ) ) ;
#2950 = ORIENTED_EDGE ( 'NONE', *, *, #1051, .F. ) ;
#2951 = CARTESIAN_POINT ( 'NONE',  ( -55.86932208953542300, 3.000000000000000000, -14.00000000000000888 ) ) ;
#2952 = CARTESIAN_POINT ( 'NONE',  ( 60.00000000000000000, 25.00000000000000000, -4.500000000000018652 ) ) ;
#2953 = EDGE_LOOP ( 'NONE', ( #3445, #3352 ) ) ;
#2954 = EDGE_CURVE ( 'NONE', #2499, #8553, #1891, .T. ) ;
#2956 = VECTOR ( 'NONE', #7853, 1000.000000000000000 ) ;
#2955 = CARTESIAN_POINT ( 'NONE',  ( -23.00000000000000000, 6.700000000000000178, 18.99999999999999645 ) ) ;
#2957 = EDGE_CURVE ( 'NONE', #7552, #398, #3602, .T. ) ;
#2958 = VECTOR ( 'NONE', #2119, 1000.000000000000000 ) ;
#2959 = LINE ( 'NONE', #5904, #748 ) ;
#2960 = VERTEX_POINT ( 'NONE', #7423 ) ;
#2961 = ADVANCED_FACE ( 'NONE', ( #1475 ), #1381, .T. ) ;
#2962 = DIRECTION ( 'NONE',  ( 0.000000000000000000, 0.000000000000000000, 1.000000000000000000 ) ) ;
#2963 = CARTESIAN_POINT ( 'NONE',  ( -60.00000000000000000, 3.000000000000000000, 4.500000000000004441 ) ) ;
#2964 = ORIENTED_EDGE ( 'NONE', *, *, #8888, .F. ) ;
#2965 = ADVANCED_FACE ( 'NONE', ( #799 ), #1431, .F. ) ;
#2966 = PLANE ( 'NONE',  #1722 ) ;
#2967 = ORIENTED_EDGE ( 'NONE', *, *, #9553, .T. ) ;
#2968 = CARTESIAN_POINT ( 'NONE',  ( 0.9999999999997210010, 43.00000000000000711, -32.50000000000000000 ) ) ;
#2969 = VERTEX_POINT ( 'NONE', #3646 ) ;
#2970 = LINE ( 'NONE', #3014, #9057 ) ;
#2971 = VECTOR ( 'NONE', #1824, 1000.000000000000000 ) ;
#2972 = VERTEX_POINT ( 'NONE', #6590 ) ;
#2973 = EDGE_CURVE ( 'NONE', #8132, #9377, #2923, .T. ) ;
#2974 = LINE ( 'NONE', #2921, #3166 ) ;
#2975 = CARTESIAN_POINT ( 'NONE',  ( -60.00000000000000000, 4.000000000000000000, 5.500000000000003553 ) ) ;
#2976 = CARTESIAN_POINT ( 'NONE',  ( -2.793185071074507189E-13, 43.00000000000000000, -32.50000000000000000 ) ) ;
#2977 = CARTESIAN_POINT ( 'NONE',  ( 5.099999999999799805, 31.39463772249581552, -32.23933827810010655 ) ) ;
#2978 = CARTESIAN_POINT ( 'NONE',  ( 9.800000000000292033, 28.59999999999991971, -34.00000000000000000 ) ) ;
#2979 = ADVANCED_FACE ( 'NONE', ( #8921 ), #4524, .T. ) ;
#2980 = VERTEX_POINT ( 'NONE', #845 ) ;
#2981 = FACE_BOUND ( 'NONE', #2953, .T. ) ;
#2982 = EDGE_CURVE ( 'NONE', #4981, #836, #7468, .T. ) ;
#2983 = LINE ( 'NONE', #5303, #120 ) ;
#2984 = DIRECTION ( 'NONE',  ( -1.000000000000000000, -7.061706185392451219E-15, 0.000000000000000000 ) ) ;
#2985 = EDGE_LOOP ( 'NONE', ( #1812, #4791, #6260, #3994 ) ) ;
#2986 = CARTESIAN_POINT ( 'NONE',  ( -24.99999999999979394, 2.999999999999829026, 29.00000000000001066 ) ) ;
#2987 = CARTESIAN_POINT ( 'NONE',  ( -0.000000000000000000, 3.500000000000001332, 49.20000000000001705 ) ) ;
#2988 = ORIENTED_EDGE ( 'NONE', *, *, #439, .T. ) ;
#2989 = DIRECTION ( 'NONE',  ( -1.000000000000000000, 0.000000000000000000, 0.000000000000000000 ) ) ;
#2990 = VERTEX_POINT ( 'NONE', #3794 ) ;
#2991 = ADVANCED_FACE ( 'NONE', ( #2744 ), #7922, .T. ) ;
#2992 = CARTESIAN_POINT ( 'NONE',  ( -4.929826503170777308, 25.99999999999996803, 31.19355036505935885 ) ) ;
#2993 = ORIENTED_EDGE ( 'NONE', *, *, #9126, .F. ) ;
#2994 = CARTESIAN_POINT ( 'NONE',  ( -6.502183067440221009, 113.0181803158005209, -19.00000000000001421 ) ) ;
#2995 = CARTESIAN_POINT ( 'NONE',  ( 70.00000000000019895, 3.000000000000492051, 0.000000000000000000 ) ) ;
#2996 = EDGE_LOOP ( 'NONE', ( #8423, #671 ) ) ;
#2997 = DIRECTION ( 'NONE',  ( 0.000000000000000000, 0.000000000000000000, -1.000000000000000000 ) ) ;
#2998 = EDGE_LOOP ( 'NONE', ( #8561, #2102, #4153, #962, #5592, #1733, #674, #2540, #8538, #7707, #4158 ) ) ;
#2999 = FACE_BOUND ( 'NONE', #1159, .T. ) ;
#3000 = DIRECTION ( 'NONE',  ( -6.982962677686266711E-15, 1.000000000000000000, -0.000000000000000000 ) ) ;
#3001 = VERTEX_POINT ( 'NONE', #2795 ) ;
#3002 = DIRECTION ( 'NONE',  ( -0.000000000000000000, -1.000000000000000000, 0.000000000000000000 ) ) ;
#3003 = DIRECTION ( 'NONE',  ( 6.982962677686266711E-15, -1.000000000000000000, 0.000000000000000000 ) ) ;
#3004 = ORIENTED_EDGE ( 'NONE', *, *, #8409, .F. ) ;
#3005 = FACE_OUTER_BOUND ( 'NONE', #9239, .T. ) ;
#3006 = DIRECTION ( 'NONE',  ( -0.000000000000000000, -1.000000000000000000, -0.000000000000000000 ) ) ;
#3007 = ORIENTED_EDGE ( 'NONE', *, *, #4381, .T. ) ;
#3008 = ADVANCED_FACE ( 'NONE', ( #3517, #7042 ), #2597, .T. ) ;
#3009 = EDGE_CURVE ( 'NONE', #8712, #7594, #5543, .T. ) ;
#3010 = LINE ( 'NONE', #6869, #797 ) ;
#3011 = VERTEX_POINT ( 'NONE', #8495 ) ;
#3012 = LINE ( 'NONE', #6541, #4152 ) ;
#3013 = ORIENTED_EDGE ( 'NONE', *, *, #3578, .T. ) ;
#3014 = CARTESIAN_POINT ( 'NONE',  ( 12.00000000000004796, 26.00000000000008527, 1.499999999999997780 ) ) ;
#3015 = VECTOR ( 'NONE', #6019, 1000.000000000000000 ) ;
#3016 = ORIENTED_EDGE ( 'NONE', *, *, #8604, .T. ) ;
#3017 = CARTESIAN_POINT ( 'NONE',  ( -2.793185071074506684E-13, 43.00000000000000000, -32.50000000000000000 ) ) ;
#3018 = CARTESIAN_POINT ( 'NONE',  ( 69.89949493661195845, 4.891920202254596006E-13, 9.899494936611606732 ) ) ;
#3019 = DIRECTION ( 'NONE',  ( -6.982962677686266711E-15, 1.000000000000000000, -0.000000000000000000 ) ) ;
#3020 = CIRCLE ( 'NONE', #8408, 4.099999999999997868 ) ;
#3021 = CARTESIAN_POINT ( 'NONE',  ( 60.00000000000022737, 4.232725281383409310E-13, 10.00000000000000000 ) ) ;
#3022 = DIRECTION ( 'NONE',  ( 0.000000000000000000, 0.000000000000000000, 1.000000000000000000 ) ) ;
#3023 = ORIENTED_EDGE ( 'NONE', *, *, #87, .T. ) ;
#3024 = EDGE_CURVE ( 'NONE', #8700, #2111, #566, .T. ) ;
#3025 = LINE ( 'NONE', #2309, #5720 ) ;
#3026 = CARTESIAN_POINT ( 'NONE',  ( -4.946254223730594646, 31.22248506980748672, -33.76657629092855473 ) ) ;
#3027 = CARTESIAN_POINT ( 'NONE',  ( -12.20000000000028706, 28.59999999999991616, -32.50000000000000000 ) ) ;
#3028 = EDGE_LOOP ( 'NONE', ( #8434, #907, #3280, #7963 ) ) ;
#3029 = LINE ( 'NONE', #7242, #5122 ) ;
#3030 = DIRECTION ( 'NONE',  ( -6.982962677686266711E-15, 1.000000000000000000, -0.000000000000000000 ) ) ;
#3031 = VECTOR ( 'NONE', #5615, 1000.000000000000000 ) ;
#3032 = ORIENTED_EDGE ( 'NONE', *, *, #4402, .F. ) ;
#3033 = CARTESIAN_POINT ( 'NONE',  ( -9.800000000000290257, 28.59999999999991616, 34.00000000000000000 ) ) ;
#3034 = VERTEX_POINT ( 'NONE', #8644 ) ;
#3035 = CARTESIAN_POINT ( 'NONE',  ( -4.912550490803702097, 26.02106459866804400, -33.87163985839704594 ) ) ;
#3036 = ORIENTED_EDGE ( 'NONE', *, *, #4972, .T. ) ;
#3037 = ADVANCED_FACE ( 'NONE', ( #9421, #4774 ), #416, .T. ) ;
#3038 = CARTESIAN_POINT ( 'NONE',  ( -9.800000000000290257, 28.59999999999991616, -31.00000000000000000 ) ) ;
#3039 = CARTESIAN_POINT ( 'NONE',  ( 3.740875477200665096E-14, 27.50000000000000355, -2.169367489357782745E-29 ) ) ;
#3040 = DIRECTION ( 'NONE',  ( 1.000000000000000000, 0.000000000000000000, -0.000000000000000000 ) ) ;
#3041 = AXIS2_PLACEMENT_3D ( 'NONE', #9060, #7709, #3162 ) ;
#3042 = CARTESIAN_POINT ( 'NONE',  ( 5.099999999999718092, 43.00000000000003553, -32.50000000000000000 ) ) ;
#3043 = ORIENTED_EDGE ( 'NONE', *, *, #153, .T. ) ;
#3044 = CARTESIAN_POINT ( 'NONE',  ( 6.400000000000292566, 28.59999999999991971, 31.00000000000000000 ) ) ;
#3045 = DIRECTION ( 'NONE',  ( -1.040834085586083665E-15, -7.268105573311335965E-30, 1.000000000000000000 ) ) ;
#3046 = VERTEX_POINT ( 'NONE', #7776 ) ;
#3047 = CARTESIAN_POINT ( 'NONE',  ( -1.000000000000279554, 43.00000000000000000, -32.50000000000000000 ) ) ;
#3048 = VECTOR ( 'NONE', #8112, 1000.000000000000000 ) ;
#3049 = DIRECTION ( 'NONE',  ( 6.982962677686266711E-15, -1.000000000000000000, 0.000000000000000000 ) ) ;
#3050 = ORIENTED_EDGE ( 'NONE', *, *, #9551, .T. ) ;
#3051 = ADVANCED_FACE ( 'NONE', ( #1880 ), #1980, .F. ) ;
#3052 = EDGE_CURVE ( 'NONE', #1308, #7695, #4197, .T. ) ;
#3053 = AXIS2_PLACEMENT_3D ( 'NONE', #1486, #765, #2843 ) ;
#3054 = DIRECTION ( 'NONE',  ( 1.000000000000000000, 0.000000000000000000, 0.000000000000000000 ) ) ;
#3055 = CYLINDRICAL_SURFACE ( 'NONE', #9364, 4.099999999999999645 ) ;
#3056 = VERTEX_POINT ( 'NONE', #7821 ) ;
#3057 = AXIS2_PLACEMENT_3D ( 'NONE', #1444, #7926, #1250 ) ;
#3058 = DIRECTION ( 'NONE',  ( 1.000000000000000000, 6.991383056702158839E-18, 0.000000000000000000 ) ) ;
#3059 = CIRCLE ( 'NONE', #8452, 1.700000000000000178 ) ;
#3060 = CARTESIAN_POINT ( 'NONE',  ( 25.99999999999998934, 10.70000000000000107, 50.40000000000001279 ) ) ;
#3061 = AXIS2_PLACEMENT_3D ( 'NONE', #3021, #3752, #8689 ) ;
#3062 = ORIENTED_EDGE ( 'NONE', *, *, #792, .F. ) ;
#3063 = PLANE ( 'NONE',  #3185 ) ;
#3064 = EDGE_CURVE ( 'NONE', #9088, #9, #5692, .T. ) ;
#3065 = VECTOR ( 'NONE', #4854, 1000.000000000000000 ) ;
#3066 = VERTEX_POINT ( 'NONE', #4923 ) ;
#3067 = DIRECTION ( 'NONE',  ( -6.982962677686266711E-15, 1.000000000000000000, 0.000000000000000000 ) ) ;
#3068 = FACE_OUTER_BOUND ( 'NONE', #9269, .T. ) ;
#3069 = CARTESIAN_POINT ( 'NONE',  ( 60.00000000000000000, 4.000000000000000000, 8.250000000000088818 ) ) ;
#3070 = DIRECTION ( 'NONE',  ( -1.000000000000000000, -6.982962677686266711E-15, -0.000000000000000000 ) ) ;
#3071 = CYLINDRICAL_SURFACE ( 'NONE', #8985, 4.099999999999999645 ) ;
#3072 = AXIS2_PLACEMENT_3D ( 'NONE', #9143, #1067, #6967 ) ;
#3073 = ORIENTED_EDGE ( 'NONE', *, *, #7100, .F. ) ;
#3074 = LINE ( 'NONE', #851, #2027 ) ;
#3075 = EDGE_CURVE ( 'NONE', #6283, #4421, #6736, .T. ) ;
#3076 = DIRECTION ( 'NONE',  ( 0.000000000000000000, 1.000000000000000000, -0.000000000000000000 ) ) ;
#3077 = CARTESIAN_POINT ( 'NONE',  ( -60.00000000000000000, -33.00000000000000000, 60.00000000000000000 ) ) ;
#3078 = ORIENTED_EDGE ( 'NONE', *, *, #7320, .T. ) ;
#3079 = EDGE_CURVE ( 'NONE', #6826, #5902, #3318, .T. ) ;
#3080 = AXIS2_PLACEMENT_3D ( 'NONE', #7217, #8172, #9397 ) ;
#3081 = CARTESIAN_POINT ( 'NONE',  ( 60.00000000000020606, 3.000000000000422329, 0.000000000000000000 ) ) ;
#3082 = DIRECTION ( 'NONE',  ( 1.000000000000000000, 6.987186840583977580E-15, -0.000000000000000000 ) ) ;
#3083 = ORIENTED_EDGE ( 'NONE', *, *, #6229, .F. ) ;
#3084 = DIRECTION ( 'NONE',  ( -6.209932073980642799E-17, -4.336372390357370473E-31, 1.000000000000000000 ) ) ;
#3085 = ORIENTED_EDGE ( 'NONE', *, *, #9355, .F. ) ;
#3086 = AXIS2_PLACEMENT_3D ( 'NONE', #9012, #7467, #844 ) ;
#3087 = DIRECTION ( 'NONE',  ( -6.982962677686266711E-15, 1.000000000000000000, -0.000000000000000000 ) ) ;
#3088 = VECTOR ( 'NONE', #2605, 1000.000000000000000 ) ;
#3089 = ORIENTED_EDGE ( 'NONE', *, *, #3776, .T. ) ;
#3090 = ADVANCED_FACE ( 'NONE', ( #1099 ), #1193, .F. ) ;
#3091 = CARTESIAN_POINT ( 'NONE',  ( -14.99999999999979039, 2.999999999999898748, -49.00000000000001421 ) ) ;
#3092 = CIRCLE ( 'NONE', #7256, 0.7499999999999986677 ) ;
#3093 = EDGE_LOOP ( 'NONE', ( #5564, #5842, #9097, #8280, #7996, #2539, #4258, #7043, #2474, #9455 ) ) ;
#3094 = CARTESIAN_POINT ( 'NONE',  ( 14.99999999999944222, 113.0181803158006915, 49.00000000000001421 ) ) ;
#3095 = DIRECTION ( 'NONE',  ( -1.000000000000000000, 0.000000000000000000, -0.000000000000000000 ) ) ;
#3096 = ORIENTED_EDGE ( 'NONE', *, *, #4943, .T. ) ;
#3097 = CARTESIAN_POINT ( 'NONE',  ( 60.00000000000019895, 3.000000000000422329, -10.00000000000000000 ) ) ;
#3098 = VECTOR ( 'NONE', #6315, 1000.000000000000000 ) ;
#3099 = CARTESIAN_POINT ( 'NONE',  ( 60.00000000000000000, 4.000000000000000000, 11.74999999999988098 ) ) ;
#3100 = EDGE_CURVE ( 'NONE', #4521, #603, #6263, .T. ) ;
#3101 = CARTESIAN_POINT ( 'NONE',  ( 3.740875477200665096E-14, 27.50000000000000355, -2.169367489357782745E-29 ) ) ;
#3102 = CARTESIAN_POINT ( 'NONE',  ( 8.100000000000292744, 28.59999999999991971, -31.00000000000000000 ) ) ;
#3103 = EDGE_LOOP ( 'NONE', ( #4115, #6413 ) ) ;
#3104 = DIRECTION ( 'NONE',  ( 6.982962677686266711E-15, -1.000000000000000000, 0.000000000000000000 ) ) ;
#3105 = VECTOR ( 'NONE', #7128, 1000.000000000000000 ) ;
#3106 = AXIS2_PLACEMENT_3D ( 'NONE', #6334, #9292, #2672 ) ;
#3107 = DIRECTION ( 'NONE',  ( -0.000000000000000000, -0.000000000000000000, 1.000000000000000000 ) ) ;
#3108 = VERTEX_POINT ( 'NONE', #7097 ) ;
#3109 = EDGE_CURVE ( 'NONE', #7241, #6871, #6366, .T. ) ;
#3110 = DIRECTION ( 'NONE',  ( 0.000000000000000000, 0.000000000000000000, -1.000000000000000000 ) ) ;
#3111 = EDGE_CURVE ( 'NONE', #1100, #5275, #244, .T. ) ;
#3112 = ORIENTED_EDGE ( 'NONE', *, *, #6293, .T. ) ;
#3113 = AXIS2_PLACEMENT_3D ( 'NONE', #1941, #433, #4883 ) ;
#3114 = CYLINDRICAL_SURFACE ( 'NONE', #2399, 4.100000000000002309 ) ;
#3115 = DIRECTION ( 'NONE',  ( 6.982962677686266711E-15, -1.000000000000000000, 0.000000000000000000 ) ) ;
#3116 = CIRCLE ( 'NONE', #8517, 1.750000000000032863 ) ;
#3117 = CIRCLE ( 'NONE', #8212, 1.000000000000000222 ) ;
#3118 = CARTESIAN_POINT ( 'NONE',  ( -30.00000000000002132, 35.99999999999979394, 1.000000000000001554 ) ) ;
#3119 = CARTESIAN_POINT ( 'NONE',  ( -26.00000000000002842, -1.000000000000007772, 50.40000000000001279 ) ) ;
#3120 = ORIENTED_EDGE ( 'NONE', *, *, #2255, .F. ) ;
#3121 = FACE_BOUND ( 'NONE', #4948, .T. ) ;
#3122 = AXIS2_PLACEMENT_3D ( 'NONE', #2692, #6311, #7035 ) ;
#3123 = VECTOR ( 'NONE', #5871, 1000.000000000000114 ) ;
#3124 = CARTESIAN_POINT ( 'NONE',  ( -60.00000000000000000, 26.00000000000000355, -0.7499999999999986677 ) ) ;
#3125 = DIRECTION ( 'NONE',  ( 0.000000000000000000, 1.000000000000000000, 0.000000000000000000 ) ) ;
#3126 = CARTESIAN_POINT ( 'NONE',  ( 15.00000000000021139, 3.000000000000106581, -49.00000000000001421 ) ) ;
#3127 = ORIENTED_EDGE ( 'NONE', *, *, #7976, .T. ) ;
#3128 = AXIS2_PLACEMENT_3D ( 'NONE', #1761, #893, #5385 ) ;
#3129 = CARTESIAN_POINT ( 'NONE',  ( -14.99999999999979039, 2.999999999999898748, -39.00000000000001421 ) ) ;
#3130 = CARTESIAN_POINT ( 'NONE',  ( -11.19999999999993712, 25.99999999999992184, -34.00000000000000000 ) ) ;
#3131 = EDGE_CURVE ( 'NONE', #6218, #8330, #516, .T. ) ;
#3132 = EDGE_CURVE ( 'NONE', #6658, #269, #7201, .T. ) ;
#3133 = ORIENTED_EDGE ( 'NONE', *, *, #4638, .F. ) ;
#3134 = ORIENTED_EDGE ( 'NONE', *, *, #8906, .F. ) ;
#3135 = DIRECTION ( 'NONE',  ( -6.982962677686266711E-15, 1.000000000000000000, 0.000000000000000000 ) ) ;
#3136 = VECTOR ( 'NONE', #6257, 1000.000000000000000 ) ;
#3137 = CARTESIAN_POINT ( 'NONE',  ( 60.00000000000000000, 26.00000000000000355, -0.7500000000000125455 ) ) ;
#3138 = CARTESIAN_POINT ( 'NONE',  ( -11.25356557803044133, 25.97975000614795960, 33.54860843666406822 ) ) ;
#3139 = EDGE_LOOP ( 'NONE', ( #1974, #7194, #3036, #9005 ) ) ;
#3140 = CARTESIAN_POINT ( 'NONE',  ( -60.00000000000000000, -31.00000000000000000, -60.00000000000000000 ) ) ;
#3141 = DIRECTION ( 'NONE',  ( -1.000000000000000000, 0.000000000000000000, 0.000000000000000000 ) ) ;
#3142 = VERTEX_POINT ( 'NONE', #7330 ) ;
#3143 = EDGE_CURVE ( 'NONE', #5932, #2481, #8740, .T. ) ;
#3144 = DIRECTION ( 'NONE',  ( 0.000000000000000000, 0.000000000000000000, -1.000000000000000000 ) ) ;
#3145 = LINE ( 'NONE', #3099, #9227 ) ;
#3146 = CARTESIAN_POINT ( 'NONE',  ( 15.00000000000023270, 1.075528555105620399E-13, -39.00000000000002132 ) ) ;
#3147 = DIRECTION ( 'NONE',  ( -0.000000000000000000, -0.000000000000000000, 1.000000000000000000 ) ) ;
#3148 = ORIENTED_EDGE ( 'NONE', *, *, #1614, .T. ) ;
#3149 = DIRECTION ( 'NONE',  ( 0.000000000000000000, 0.000000000000000000, 1.000000000000000000 ) ) ;
#3150 = DIRECTION ( 'NONE',  ( -6.982962677686266711E-15, 1.000000000000000000, 0.000000000000000000 ) ) ;
#3151 = EDGE_LOOP ( 'NONE', ( #4996, #945 ) ) ;
#3152 = DIRECTION ( 'NONE',  ( 6.982962677686266711E-15, -1.000000000000000000, -0.000000000000000000 ) ) ;
#3153 = VERTEX_POINT ( 'NONE', #7289 ) ;
#3154 = DIRECTION ( 'NONE',  ( 6.982962677686266711E-15, -1.000000000000000000, 0.000000000000000000 ) ) ;
#3155 = DIRECTION ( 'NONE',  ( -1.000000000000000000, 1.501203008056852198E-16, -2.312964634635729152E-16 ) ) ;
#3156 = ADVANCED_FACE ( 'NONE', ( #712 ), #32, .F. ) ;
#3157 = CARTESIAN_POINT ( 'NONE',  ( 25.19999999999988916, -0.1999999999999996503, 102.7000000000000881 ) ) ;
#3158 = DIRECTION ( 'NONE',  ( 0.000000000000000000, 0.000000000000000000, -1.000000000000000000 ) ) ;
#3159 = ORIENTED_EDGE ( 'NONE', *, *, #6741, .F. ) ;
#3160 = DIRECTION ( 'NONE',  ( 0.000000000000000000, 1.000000000000000000, -0.000000000000000000 ) ) ;
#3161 = ADVANCED_FACE ( 'NONE', ( #5740 ), #2934, .F. ) ;
#3162 = DIRECTION ( 'NONE',  ( -1.000000000000000000, 0.000000000000000000, -0.000000000000000000 ) ) ;
#3163 = CARTESIAN_POINT ( 'NONE',  ( -30.00000000000000000, -31.00000000000000000, 0.000000000000000000 ) ) ;
#3164 = CYLINDRICAL_SURFACE ( 'NONE', #3645, 1.700000000000000178 ) ;
#3165 = ORIENTED_EDGE ( 'NONE', *, *, #1801, .F. ) ;
#3166 = VECTOR ( 'NONE', #6690, 1000.000000000000114 ) ;
#3167 = LINE ( 'NONE', #8295, #6659 ) ;
#3168 = DIRECTION ( 'NONE',  ( -0.01683330778632510447, 0.000000000000000000, -0.9998583098364343114 ) ) ;
#3169 = ORIENTED_EDGE ( 'NONE', *, *, #5203, .T. ) ;
#3170 = ORIENTED_EDGE ( 'NONE', *, *, #2982, .T. ) ;
#3171 = FILL_AREA_STYLE_COLOUR ( '', #5553 ) ;
#3172 = VECTOR ( 'NONE', #103, 1000.000000000000000 ) ;
#3173 = EDGE_CURVE ( 'NONE', #2879, #2960, #8879, .T. ) ;
#3174 = AXIS2_PLACEMENT_3D ( 'NONE', #3852, #6886, #5304 ) ;
#3175 = DIRECTION ( 'NONE',  ( -1.000000000000000000, -6.938893903907226800E-15, 0.000000000000000000 ) ) ;
#3176 = DIRECTION ( 'NONE',  ( -6.991383056702158839E-18, 1.000000000000000000, -1.212811631800771286E-32 ) ) ;
#3177 = ORIENTED_EDGE ( 'NONE', *, *, #5823, .F. ) ;
#3178 = VECTOR ( 'NONE', #1416, 1000.000000000000000 ) ;
#3179 = FACE_OUTER_BOUND ( 'NONE', #2447, .T. ) ;
#3180 = ORIENTED_EDGE ( 'NONE', *, *, #4106, .F. ) ;
#3181 = CARTESIAN_POINT ( 'NONE',  ( 8.100000000000292744, 28.59999999999991971, 34.00000000000000000 ) ) ;
#3182 = ORIENTED_EDGE ( 'NONE', *, *, #5787, .T. ) ;
#3183 = LINE ( 'NONE', #7454, #3195 ) ;
#3184 = DIRECTION ( 'NONE',  ( -6.982962677686265922E-15, 1.000000000000000000, 0.000000000000000000 ) ) ;
#3185 = AXIS2_PLACEMENT_3D ( 'NONE', #7553, #8966, #7641 ) ;
#3186 = DIRECTION ( 'NONE',  ( 0.000000000000000000, 0.000000000000000000, 1.000000000000000000 ) ) ;
#3187 = DIRECTION ( 'NONE',  ( 0.000000000000000000, 0.000000000000000000, -1.000000000000000000 ) ) ;
#3188 = VERTEX_POINT ( 'NONE', #5783 ) ;
#3189 = ADVANCED_FACE ( 'NONE', ( #8108 ), #3759, .T. ) ;
#3190 = EDGE_CURVE ( 'NONE', #2010, #6871, #4337, .T. ) ;
#3191 = DIRECTION ( 'NONE',  ( 0.000000000000000000, 0.000000000000000000, -1.000000000000000000 ) ) ;
#3192 = CARTESIAN_POINT ( 'NONE',  ( 30.00000000000021672, 3.000000000000210942, -1.000000000000001554 ) ) ;
#3193 = EDGE_LOOP ( 'NONE', ( #4721, #4298, #2379, #7730 ) ) ;
#3194 = DIRECTION ( 'NONE',  ( 0.000000000000000000, 0.000000000000000000, 1.000000000000000000 ) ) ;
#3195 = VECTOR ( 'NONE', #4641, 1000.000000000000000 ) ;
#3196 = CIRCLE ( 'NONE', #7375, 6.099999999999999645 ) ;
#3197 = VERTEX_POINT ( 'NONE', #8160 ) ;
#3198 = DIRECTION ( 'NONE',  ( 0.000000000000000000, 0.000000000000000000, -1.000000000000000000 ) ) ;
#3199 = LINE ( 'NONE', #1621, #7877 ) ;
#3200 = AXIS2_PLACEMENT_3D ( 'NONE', #1793, #385, #4888 ) ;
#3201 = VECTOR ( 'NONE', #6556, 1000.000000000000000 ) ;
#3202 = EDGE_CURVE ( 'NONE', #5029, #2111, #3656, .T. ) ;
#3203 = DIRECTION ( 'NONE',  ( -1.000000000000000000, 0.000000000000000000, 0.000000000000000000 ) ) ;
#3204 = DIRECTION ( 'NONE',  ( 0.000000000000000000, 0.000000000000000000, -1.000000000000000000 ) ) ;
#3205 = CIRCLE ( 'NONE', #272, 1.749999999999996891 ) ;
#3206 = VECTOR ( 'NONE', #1474, 1000.000000000000000 ) ;
#3207 = VERTEX_POINT ( 'NONE', #5017 ) ;
#3208 = FACE_BOUND ( 'NONE', #5827, .T. ) ;
#3210 = AXIS2_PLACEMENT_3D ( 'NONE', #2219, #718, #6608 ) ;
#3209 = CARTESIAN_POINT ( 'NONE',  ( 0.000000000000000000, -31.00000000000000000, 0.000000000000000000 ) ) ;
#3211 = DIRECTION ( 'NONE',  ( 2.312964634635741478E-16, 0.000000000000000000, 1.000000000000000000 ) ) ;
#3212 = CARTESIAN_POINT ( 'NONE',  ( 11.27017349682989789, 26.00000000000008171, -32.50000000000000000 ) ) ;
#3213 = EDGE_LOOP ( 'NONE', ( #4219, #7981, #1846, #4033 ) ) ;
#3214 = DIRECTION ( 'NONE',  ( 0.000000000000000000, 0.000000000000000000, -1.000000000000000000 ) ) ;
#3215 = EDGE_CURVE ( 'NONE', #8904, #2029, #875, .T. ) ;
#3216 = VECTOR ( 'NONE', #8719, 1000.000000000000000 ) ;
#3217 = DIRECTION ( 'NONE',  ( 1.000000000000000000, 0.000000000000000000, -0.000000000000000000 ) ) ;
#3218 = DIRECTION ( 'NONE',  ( -1.000000000000000000, -7.061706185392451219E-15, 0.000000000000000000 ) ) ;
#3219 = ORIENTED_EDGE ( 'NONE', *, *, #2468, .T. ) ;
#3220 = ORIENTED_EDGE ( 'NONE', *, *, #8207, .T. ) ;
#3221 = CARTESIAN_POINT ( 'NONE',  ( 0.000000000000000000, 4.000000000000000000, 0.000000000000000000 ) ) ;
#3222 = EDGE_CURVE ( 'NONE', #198, #6387, #811, .T. ) ;
#3223 = EDGE_CURVE ( 'NONE', #8531, #6894, #8063, .T. ) ;
#3224 = EDGE_LOOP ( 'NONE', ( #7812, #7913 ) ) ;
#3225 = PLANE ( 'NONE',  #7410 ) ;
#3226 = SURFACE_SIDE_STYLE ('',( #7581 ) ) ;
#3227 = VERTEX_POINT ( 'NONE', #6699 ) ;
#3228 = CARTESIAN_POINT ( 'NONE',  ( 4.874423042781377724, 31.13093921164811562, -34.00000000000000000 ) ) ;
#3229 = ORIENTED_EDGE ( 'NONE', *, *, #1657, .F. ) ;
#3230 = AXIS2_PLACEMENT_3D ( 'NONE', #3772, #3674, #8850 ) ;
#3231 = CARTESIAN_POINT ( 'NONE',  ( 11.27017349682989789, 26.00000000000007816, -32.50000000000000000 ) ) ;
#3232 =( GEOMETRIC_REPRESENTATION_CONTEXT ( 3 ) GLOBAL_UNCERTAINTY_ASSIGNED_CONTEXT ( ( #5446 ) ) GLOBAL_UNIT_ASSIGNED_CONTEXT ( ( #5717, #728, #7539 ) ) REPRESENTATION_CONTEXT ( 'NONE', 'WORKASPACE' ) );
#3233 = ORIENTED_EDGE ( 'NONE', *, *, #9307, .T. ) ;
#3234 = VERTEX_POINT ( 'NONE', #616 ) ;
#3235 = LINE ( 'NONE', #194, #3363 ) ;
#3236 = LINE ( 'NONE', #7687, #3885 ) ;
#3237 = CARTESIAN_POINT ( 'NONE',  ( 4.799936326822310032E-14, 26.00000000000000355, 4.099999999999999645 ) ) ;
#3238 = VECTOR ( 'NONE', #5264, 1000.000000000000000 ) ;
#3239 = ORIENTED_EDGE ( 'NONE', *, *, #3465, .T. ) ;
#3240 = FACE_OUTER_BOUND ( 'NONE', #5422, .T. ) ;
#3241 = ADVANCED_FACE ( 'NONE', ( #9509, #2117 ), #4291, .F. ) ;
#3242 = EDGE_CURVE ( 'NONE', #9287, #4416, #2113, .T. ) ;
#3243 = DIRECTION ( 'NONE',  ( 6.982962677686266711E-15, -1.000000000000000000, 0.000000000000000000 ) ) ;
#3244 = ORIENTED_EDGE ( 'NONE', *, *, #3969, .F. ) ;
#3245 = AXIS2_PLACEMENT_3D ( 'NONE', #807, #7377, #5157 ) ;
#3246 = EDGE_CURVE ( 'NONE', #6519, #7617, #1556, .T. ) ;
#3247 = ORIENTED_EDGE ( 'NONE', *, *, #3371, .F. ) ;
#3248 = VERTEX_POINT ( 'NONE', #4390 ) ;
#3249 = EDGE_CURVE ( 'NONE', #3314, #3197, #2166, .T. ) ;
#3250 = CARTESIAN_POINT ( 'NONE',  ( 68.95114145132579608, 3.000000000000484945, 10.76462106710502020 ) ) ;
#3251 = DIRECTION ( 'NONE',  ( -6.982962677686266711E-15, 1.000000000000000000, 0.000000000000000000 ) ) ;
#3252 = AXIS2_PLACEMENT_3D ( 'NONE', #2328, #872, #143 ) ;
#3253 = DIRECTION ( 'NONE',  ( 6.982962677686266711E-15, -1.000000000000000000, 1.734723475976806848E-16 ) ) ;
#3254 = DIRECTION ( 'NONE',  ( -0.000000000000000000, -1.000000000000000000, -0.000000000000000000 ) ) ;
#3255 = DIRECTION ( 'NONE',  ( 0.000000000000000000, 1.000000000000000000, -0.000000000000000000 ) ) ;
#3256 = ORIENTED_EDGE ( 'NONE', *, *, #7109, .F. ) ;
#3257 = DIRECTION ( 'NONE',  ( 0.000000000000000000, 0.000000000000000000, 1.000000000000000000 ) ) ;
#3258 = CARTESIAN_POINT ( 'NONE',  ( 60.00000000000019895, 3.000000000000422329, -10.00000000000000000 ) ) ;
#3259 = EDGE_CURVE ( 'NONE', #7563, #7766, #4485, .T. ) ;
#3260 = VECTOR ( 'NONE', #8716, 1000.000000000000000 ) ;
#3261 = AXIS2_PLACEMENT_3D ( 'NONE', #6378, #1452, #8075 ) ;
#3262 = ORIENTED_EDGE ( 'NONE', *, *, #8049, .F. ) ;
#3263 = DIRECTION ( 'NONE',  ( 0.000000000000000000, 1.000000000000000000, 0.000000000000000000 ) ) ;
#3264 = PLANE ( 'NONE',  #2298 ) ;
#3265 = ORIENTED_EDGE ( 'NONE', *, *, #3313, .F. ) ;
#3266 = DIRECTION ( 'NONE',  ( 6.982962677686266711E-15, -1.000000000000000000, 0.000000000000000000 ) ) ;
#3267 = EDGE_CURVE ( 'NONE', #579, #7336, #6744, .T. ) ;
#3268 = DIRECTION ( 'NONE',  ( -0.000000000000000000, -0.000000000000000000, -1.000000000000000000 ) ) ;
#3269 = CARTESIAN_POINT ( 'NONE',  ( 6.196528862359562112E-14, 24.00000000000000355, 0.000000000000000000 ) ) ;
#3270 = AXIS2_PLACEMENT_3D ( 'NONE', #1844, #6564, #2272 ) ;
#3271 = ORIENTED_EDGE ( 'NONE', *, *, #7388, .F. ) ;
#3272 = VERTEX_POINT ( 'NONE', #262 ) ;
#3273 = FACE_OUTER_BOUND ( 'NONE', #897, .T. ) ;
#3274 = ORIENTED_EDGE ( 'NONE', *, *, #4844, .F. ) ;
#3275 = LINE ( 'NONE', #9169, #9446 ) ;
#3276 = EDGE_CURVE ( 'NONE', #7362, #141, #2357, .T. ) ;
#3277 = CARTESIAN_POINT ( 'NONE',  ( 15.00000000000020961, 3.000000000000106581, 19.00000000000001421 ) ) ;
#3278 = VERTEX_POINT ( 'NONE', #3027 ) ;
#3279 = CARTESIAN_POINT ( 'NONE',  ( -68.95114145132535555, 2.999999999999520384, 10.76462106710500777 ) ) ;
#3280 = ORIENTED_EDGE ( 'NONE', *, *, #829, .T. ) ;
#3281 = CARTESIAN_POINT ( 'NONE',  ( -6.502183067439431419, -4.163336342344337027E-14, -19.00000000000001421 ) ) ;
#3282 = ADVANCED_FACE ( 'NONE', ( #1768 ), #6075, .T. ) ;
#3283 = ORIENTED_EDGE ( 'NONE', *, *, #602, .F. ) ;
#3284 = FACE_OUTER_BOUND ( 'NONE', #7168, .T. ) ;
#3285 = DIRECTION ( 'NONE',  ( 0.000000000000000000, 0.000000000000000000, 1.000000000000000000 ) ) ;
#3286 = CARTESIAN_POINT ( 'NONE',  ( 60.00000000000000000, 26.00000000000000355, 0.7499999999999847899 ) ) ;
#3287 = EDGE_LOOP ( 'NONE', ( #7103, #4440, #7327, #1787 ) ) ;
#3288 = LINE ( 'NONE', #5461, #7525 ) ;
#3289 = CARTESIAN_POINT ( 'NONE',  ( -2.793185071074507189E-13, 43.00000000000000000, -32.50000000000000000 ) ) ;
#3290 = ORIENTED_EDGE ( 'NONE', *, *, #5972, .F. ) ;
#3291 = DIRECTION ( 'NONE',  ( 1.000000000000000000, 0.000000000000000000, 0.000000000000000000 ) ) ;
#3292 = CARTESIAN_POINT ( 'NONE',  ( -5.100000000000196820, 31.39463772249623119, 32.23925149110098687 ) ) ;
#3293 = ORIENTED_EDGE ( 'NONE', *, *, #5986, .F. ) ;
#3294 = VERTEX_POINT ( 'NONE', #4572 ) ;
#3295 = LINE ( 'NONE', #1665, #3789 ) ;
#3296 = LINE ( 'NONE', #2570, #614 ) ;
#3297 = ADVANCED_FACE ( 'NONE', ( #4621 ), #6798, .T. ) ;
#3298 = B_SPLINE_CURVE_WITH_KNOTS ( 'NONE', 3,
 ( #6158, #9110, #1231, #4231 ),
 .UNSPECIFIED., .F., .F.,
 ( 4, 4 ),
 ( 0.000000000000000000, 0.0002128395633461838696 ),
 .UNSPECIFIED. ) ;
#3299 = CARTESIAN_POINT ( 'NONE',  ( -11.29999999999995097, 25.99999999999992184, 32.50000000000000000 ) ) ;
#3300 = CARTESIAN_POINT ( 'NONE',  ( -60.00000000000000000, -31.00000000000000000, 60.00000000000000000 ) ) ;
#3301 = CARTESIAN_POINT ( 'NONE',  ( -1.606081415867841343E-13, 26.00000000000000355, 32.50000000000000000 ) ) ;
#3302 = ORIENTED_EDGE ( 'NONE', *, *, #2080, .F. ) ;
#3303 = CARTESIAN_POINT ( 'NONE',  ( 59.00000000000022737, 4.163336342344337027E-13, 4.387482193696066624 ) ) ;
#3304 = CARTESIAN_POINT ( 'NONE',  ( -60.00000000000000000, 4.000000000000000000, 0.000000000000000000 ) ) ;
#3305 = EDGE_LOOP ( 'NONE', ( #9448, #4920, #4198, #2682 ) ) ;
#3306 = CARTESIAN_POINT ( 'NONE',  ( 60.00000000000000000, 26.00000000000000355, -0.7500000000000125455 ) ) ;
#3307 = DIRECTION ( 'NONE',  ( -1.000000000000000000, -6.938893903907228378E-15, 0.000000000000000000 ) ) ;
#3308 = VERTEX_POINT ( 'NONE', #3212 ) ;
#3309 = CARTESIAN_POINT ( 'NONE',  ( 5.099999999999718092, 43.00000000000003553, -32.50000000000000000 ) ) ;
#3310 = DIRECTION ( 'NONE',  ( 6.982962677686266711E-15, -1.000000000000000000, 0.000000000000000000 ) ) ;
#3311 = CARTESIAN_POINT ( 'NONE',  ( 6.502183067439107234, 113.0181803158006062, -19.00000000000001421 ) ) ;
#3312 = ADVANCED_FACE ( 'NONE', ( #8253 ), #1629, .F. ) ;
#3313 = EDGE_CURVE ( 'NONE', #1562, #2733, #1038, .T. ) ;
#3314 = VERTEX_POINT ( 'NONE', #3077 ) ;
#3315 = ORIENTED_EDGE ( 'NONE', *, *, #5664, .F. ) ;
#3316 = LINE ( 'NONE', #8435, #7270 ) ;
#3317 = AXIS2_PLACEMENT_3D ( 'NONE', #5467, #9148, #9193 ) ;
#3318 = LINE ( 'NONE', #4870, #4267 ) ;
#3319 = ORIENTED_EDGE ( 'NONE', *, *, #6349, .F. ) ;
#3320 = CARTESIAN_POINT ( 'NONE',  ( 61.00000000000028422, -7.999999999999570122, -5.000000000000000000 ) ) ;
#3321 = EDGE_CURVE ( 'NONE', #2634, #9106, #4711, .T. ) ;
#3322 =( LENGTH_UNIT ( ) NAMED_UNIT ( * ) SI_UNIT ( .MILLI., .METRE. ) );
#3323 = CIRCLE ( 'NONE', #7032, 5.750000000000001776 ) ;
#3324 = ORIENTED_EDGE ( 'NONE', *, *, #5087, .T. ) ;
#3325 = DIRECTION ( 'NONE',  ( 0.000000000000000000, 0.000000000000000000, -1.000000000000000000 ) ) ;
#3326 = ORIENTED_EDGE ( 'NONE', *, *, #2916, .F. ) ;
#3327 = CARTESIAN_POINT ( 'NONE',  ( 60.00000000000000000, 3.000000000000000000, 11.74999999999988098 ) ) ;
#3328 = VERTEX_POINT ( 'NONE', #8336 ) ;
#3329 = EDGE_CURVE ( 'NONE', #1500, #5499, #172, .T. ) ;
#3330 = DIRECTION ( 'NONE',  ( 6.982962677686266711E-15, -1.000000000000000000, 0.000000000000000000 ) ) ;
#3331 = CYLINDRICAL_SURFACE ( 'NONE', #3113, 1.699999999999999289 ) ;
#3332 = DIRECTION ( 'NONE',  ( -0.000000000000000000, -1.000000000000000000, -0.000000000000000000 ) ) ;
#3333 = EDGE_LOOP ( 'NONE', ( #7220, #6388, #1238, #3454, #3487 ) ) ;
#3334 = VECTOR ( 'NONE', #2378, 1000.000000000000000 ) ;
#3335 = EDGE_CURVE ( 'NONE', #1855, #5236, #7352, .T. ) ;
#3336 = CARTESIAN_POINT ( 'NONE',  ( -60.00000000000000000, 25.00000000000000000, 0.000000000000000000 ) ) ;
#3337 = AXIS2_PLACEMENT_3D ( 'NONE', #7968, #5880, #6553 ) ;
#3338 = DIRECTION ( 'NONE',  ( -0.000000000000000000, -1.000000000000000000, -0.000000000000000000 ) ) ;
#3339 = ORIENTED_EDGE ( 'NONE', *, *, #541, .T. ) ;
#3340 = EDGE_CURVE ( 'NONE', #9191, #5866, #8591, .T. ) ;
#3341 = EDGE_CURVE ( 'NONE', #4264, #3011, #2406, .T. ) ;
#3342 = DIRECTION ( 'NONE',  ( 0.000000000000000000, 0.000000000000000000, -1.000000000000000000 ) ) ;
#3343 = EDGE_LOOP ( 'NONE', ( #7290, #5048, #2071, #3710, #58, #8815, #6492 ) ) ;
#3344 = VERTEX_POINT ( 'NONE', #3895 ) ;
#3345 = LINE ( 'NONE', #593, #4564 ) ;
#3346 = CARTESIAN_POINT ( 'NONE',  ( -8.100000000000289191, 28.59999999999991616, -32.50000000000000000 ) ) ;
#3347 = ADVANCED_FACE ( 'NONE', ( #9111 ), #3164, .F. ) ;
#3348 = DIRECTION ( 'NONE',  ( 0.000000000000000000, 1.000000000000000000, 0.000000000000000000 ) ) ;
#3349 = CARTESIAN_POINT ( 'NONE',  ( -1.509874634453825160E-13, 54.49604614807104497, 0.000000000000000000 ) ) ;
#3350 = VECTOR ( 'NONE', #551, 1000.000000000000000 ) ;
#3351 = CARTESIAN_POINT ( 'NONE',  ( -2.500000000000169198, 24.49999999999998224, 31.25000000000000000 ) ) ;
#3352 = ORIENTED_EDGE ( 'NONE', *, *, #3404, .F. ) ;
#3353 = LINE ( 'NONE', #1323, #3358 ) ;
#3354 = ADVANCED_FACE ( 'NONE', ( #6025 ), #2442, .F. ) ;
#3355 = CARTESIAN_POINT ( 'NONE',  ( 6.078962769641416622E-14, 24.00000000000000355, -9.600000000000001421 ) ) ;
#3356 = AXIS2_PLACEMENT_3D ( 'NONE', #2560, #1066, #5506 ) ;
#3357 = ORIENTED_EDGE ( 'NONE', *, *, #8958, .F. ) ;
#3358 = VECTOR ( 'NONE', #4227, 1000.000000000000000 ) ;
#3359 = DIRECTION ( 'NONE',  ( 1.000000000000000000, 6.982962677686266711E-15, -0.000000000000000000 ) ) ;
#3360 = DIRECTION ( 'NONE',  ( -0.000000000000000000, -1.000000000000000000, -0.000000000000000000 ) ) ;
#3361 = VERTEX_POINT ( 'NONE', #1725 ) ;
#3362 = CARTESIAN_POINT ( 'NONE',  ( 55.86932208953565038, 3.920475055707584033E-13, -14.00000000000000533 ) ) ;
#3363 = VECTOR ( 'NONE', #3049, 1000.000000000000000 ) ;
#3364 = VECTOR ( 'NONE', #1394, 1000.000000000000000 ) ;
#3365 = VECTOR ( 'NONE', #2873, 1000.000000000000000 ) ;
#3366 = CARTESIAN_POINT ( 'NONE',  ( 64.81245028383433748, 4.544975507059234587E-13, -13.14687500000000497 ) ) ;
#3367 = FACE_OUTER_BOUND ( 'NONE', #1547, .T. ) ;
#3368 = VECTOR ( 'NONE', #6042, 1000.000000000000000 ) ;
#3369 = VERTEX_POINT ( 'NONE', #3934 ) ;
#3370 = ORIENTED_EDGE ( 'NONE', *, *, #2798, .F. ) ;
#3371 = EDGE_CURVE ( 'NONE', #375, #9287, #8379, .T. ) ;
#3372 = CARTESIAN_POINT ( 'NONE',  ( 4.929826503170724017, 26.00000000000003553, 31.00000000000000000 ) ) ;
#3373 = CIRCLE ( 'NONE', #1829, 14.59666057699498332 ) ;
#3374 = EDGE_CURVE ( 'NONE', #9414, #5496, #6734, .T. ) ;
#3375 = DIRECTION ( 'NONE',  ( -1.000000000000000000, -6.987186840583977580E-15, 0.000000000000000000 ) ) ;
#3376 = CIRCLE ( 'NONE', #8780, 4.099999999999997868 ) ;
#3377 = EDGE_LOOP ( 'NONE', ( #391, #9561 ) ) ;
#3378 = EDGE_CURVE ( 'NONE', #555, #8096, #9190, .T. ) ;
#3379 = FACE_OUTER_BOUND ( 'NONE', #7481, .T. ) ;
#3380 = ORIENTED_EDGE ( 'NONE', *, *, #1975, .T. ) ;
#3381 = CARTESIAN_POINT ( 'NONE',  ( -59.99999999999999289, 3.000000000000000000, -11.75000000000000355 ) ) ;
#3382 = VERTEX_POINT ( 'NONE', #4070 ) ;
#3383 = VECTOR ( 'NONE', #8962, 1000.000000000000000 ) ;
#3384 = ORIENTED_EDGE ( 'NONE', *, *, #3683, .T. ) ;
#3385 = CARTESIAN_POINT ( 'NONE',  ( 15.00000000000023093, 1.075528555105620399E-13, 19.00000000000001421 ) ) ;
#3386 = CARTESIAN_POINT ( 'NONE',  ( -69.99999999999998579, 4.000000000000000000, 0.000000000000000000 ) ) ;
#3387 = CARTESIAN_POINT ( 'NONE',  ( 60.00000000000000000, 3.000000000000000000, -1.387778780781445676E-14 ) ) ;
#3388 = EDGE_LOOP ( 'NONE', ( #8891, #6548, #7740, #492 ) ) ;
#3389 = VECTOR ( 'NONE', #5599, 1000.000000000000000 ) ;
#3390 = CARTESIAN_POINT ( 'NONE',  ( -8.100000000000289191, 28.59999999999991616, 34.00000000000000000 ) ) ;
#3391 = CYLINDRICAL_SURFACE ( 'NONE', #7119, 1.749999999999996891 ) ;
#3392 = ORIENTED_EDGE ( 'NONE', *, *, #5464, .F. ) ;
#3393 = AXIS2_PLACEMENT_3D ( 'NONE', #9194, #2625, #1805 ) ;
#3394 = ADVANCED_FACE ( 'NONE', ( #535 ), #4171, .T. ) ;
#3395 =( GEOMETRIC_REPRESENTATION_CONTEXT ( 3 ) GLOBAL_UNCERTAINTY_ASSIGNED_CONTEXT ( ( #4773 ) ) GLOBAL_UNIT_ASSIGNED_CONTEXT ( ( #8990, #8941, #1596 ) ) REPRESENTATION_CONTEXT ( 'NONE', 'WORKASPACE' ) );
#3396 = CARTESIAN_POINT ( 'NONE',  ( -2.500000000000179412, 25.99999999999998579, 31.25000000000000000 ) ) ;
#3397 = ORIENTED_EDGE ( 'NONE', *, *, #2818, .F. ) ;
#3398 = ORIENTED_EDGE ( 'NONE', *, *, #4236, .T. ) ;
#3399 = CARTESIAN_POINT ( 'NONE',  ( 60.00000000000022027, 4.232725281383409310E-13, -15.75000000000000355 ) ) ;
#3400 = DIRECTION ( 'NONE',  ( 6.982962677686266711E-15, -1.000000000000000000, 0.000000000000000000 ) ) ;
#3401 = CARTESIAN_POINT ( 'NONE',  ( -64.81245028383406748, 2.999999999999551470, 13.14687499999992681 ) ) ;
#3402 = CARTESIAN_POINT ( 'NONE',  ( 3.740875477200665096E-14, 27.50000000000000355, -2.169367489357782745E-29 ) ) ;
#3403 = EDGE_CURVE ( 'NONE', #2960, #1612, #3488, .T. ) ;
#3404 = EDGE_CURVE ( 'NONE', #8011, #3859, #5349, .T. ) ;
#3405 = CIRCLE ( 'NONE', #3564, 1.699999999999999289 ) ;
#3406 = DIRECTION ( 'NONE',  ( 0.8923787451257834125, 6.231447471573851243E-15, -0.4512872425049614389 ) ) ;
#3407 = VERTEX_POINT ( 'NONE', #490 ) ;
#3408 = CARTESIAN_POINT ( 'NONE',  ( 60.00000000000000000, 25.00000000000000000, 4.499999999999991118 ) ) ;
#3409 = CYLINDRICAL_SURFACE ( 'NONE', #3665, 0.7499999999999986677 ) ;
#3410 = ORIENTED_EDGE ( 'NONE', *, *, #8334, .T. ) ;
#3411 = DIRECTION ( 'NONE',  ( 0.000000000000000000, 0.000000000000000000, 1.000000000000000000 ) ) ;
#3412 = CARTESIAN_POINT ( 'NONE',  ( -1.000000000000279554, 43.00000000000000000, 32.50000000000000000 ) ) ;
#3413 = VECTOR ( 'NONE', #3586, 1000.000000000000000 ) ;
#3414 = ORIENTED_EDGE ( 'NONE', *, *, #3173, .F. ) ;
#3415 = CARTESIAN_POINT ( 'NONE',  ( 60.00000000000000000, 3.000000000000000000, -10.00000000000001243 ) ) ;
#3416 = DIRECTION ( 'NONE',  ( 6.982962677686266711E-15, -1.000000000000000000, 0.000000000000000000 ) ) ;
#3417 = LINE ( 'NONE', #3311, #6204 ) ;
#3418 = ORIENTED_EDGE ( 'NONE', *, *, #4645, .F. ) ;
#3419 = ORIENTED_EDGE ( 'NONE', *, *, #6084, .T. ) ;
#3420 = AXIS2_PLACEMENT_3D ( 'NONE', #4415, #2774, #7992 ) ;
#3421 = DIRECTION ( 'NONE',  ( 1.000000000000000000, 0.000000000000000000, 0.000000000000000000 ) ) ;
#3422 = AXIS2_PLACEMENT_3D ( 'NONE', #2887, #5838, #8738 ) ;
#3423 = DIRECTION ( 'NONE',  ( 0.000000000000000000, 0.000000000000000000, -1.000000000000000000 ) ) ;
#3424 = VERTEX_POINT ( 'NONE', #1164 ) ;
#3425 = EDGE_CURVE ( 'NONE', #5866, #7923, #1178, .T. ) ;
#3426 = AXIS2_PLACEMENT_3D ( 'NONE', #3960, #1610, #9003 ) ;
#3427 = AXIS2_PLACEMENT_3D ( 'NONE', #6330, #6278, #7688 ) ;
#3428 = ADVANCED_FACE ( 'NONE', ( #5566 ), #1948, .T. ) ;
#3429 = CARTESIAN_POINT ( 'NONE',  ( 60.00000000000000000, 3.000000000000000000, -10.00000000000001243 ) ) ;
#3430 = ORIENTED_EDGE ( 'NONE', *, *, #4035, .F. ) ;
#3431 = LINE ( 'NONE', #6370, #901 ) ;
#3432 = VERTEX_POINT ( 'NONE', #2767 ) ;
#3433 = CARTESIAN_POINT ( 'NONE',  ( -11.29999999999993854, 24.48999999999976396, -32.50000000000000000 ) ) ;
#3435 = AXIS2_PLACEMENT_3D ( 'NONE', #9413, #8490, #411 ) ;
#3434 = B_SPLINE_CURVE_WITH_KNOTS ( 'NONE', 3,
 ( #8363, #4556, #837, #154 ),
 .UNSPECIFIED., .F., .F.,
 ( 4, 4 ),
 ( 0.000000000000000000, 0.0002128395633461838696 ),
 .UNSPECIFIED. ) ;
#3436 = ORIENTED_EDGE ( 'NONE', *, *, #4084, .F. ) ;
#3437 = PLANE ( 'NONE',  #580 ) ;
#3438 = CARTESIAN_POINT ( 'NONE',  ( -69.99999999999998579, 3.000000000000000000, 0.000000000000000000 ) ) ;
#3439 = CARTESIAN_POINT ( 'NONE',  ( -4.929826503170776419, 25.99999999999996803, -31.00000000000000000 ) ) ;
#3440 = ORIENTED_EDGE ( 'NONE', *, *, #4381, .F. ) ;
#3441 = ORIENTED_EDGE ( 'NONE', *, *, #8122, .T. ) ;
#3442 = CARTESIAN_POINT ( 'NONE',  ( 55.86932208953547274, 3.000000000000391243, 13.99999999999999112 ) ) ;
#3443 = EDGE_CURVE ( 'NONE', #3108, #5997, #7665, .T. ) ;
#3444 = DIRECTION ( 'NONE',  ( 0.000000000000000000, 0.000000000000000000, 1.000000000000000000 ) ) ;
#3445 = ORIENTED_EDGE ( 'NONE', *, *, #2105, .F. ) ;
#3446 = DIRECTION ( 'NONE',  ( 0.000000000000000000, 0.000000000000000000, 1.000000000000000000 ) ) ;
#3447 = ORIENTED_EDGE ( 'NONE', *, *, #6325, .F. ) ;
#3448 = ORIENTED_EDGE ( 'NONE', *, *, #9099, .F. ) ;
#3449 = DIRECTION ( 'NONE',  ( 3.435095992033281468E-16, 1.000000000000000000, 0.000000000000000000 ) ) ;
#3450 = DIRECTION ( 'NONE',  ( -0.8923787451257834125, -6.231447471573851243E-15, 0.4512872425049614389 ) ) ;
#3451 = CARTESIAN_POINT ( 'NONE',  ( -59.99999999999976552, -4.163336342344337027E-13, -10.00000000000001243 ) ) ;
#3452 = DIRECTION ( 'NONE',  ( 6.982962677686266711E-15, -1.000000000000000000, 0.000000000000000000 ) ) ;
#3453 = DIRECTION ( 'NONE',  ( -6.987186840583977580E-15, 1.000000000000000000, -7.888609052210118054E-31 ) ) ;
#3454 = ORIENTED_EDGE ( 'NONE', *, *, #8548, .T. ) ;
#3455 = DIRECTION ( 'NONE',  ( -1.000000000000000000, 0.000000000000000000, 0.000000000000000000 ) ) ;
#3456 = CARTESIAN_POINT ( 'NONE',  ( -9.800000000000290257, 28.59999999999991616, -34.00000000000000000 ) ) ;
#3457 = VERTEX_POINT ( 'NONE', #7015 ) ;
#3458 = EDGE_CURVE ( 'NONE', #7942, #2318, #5712, .T. ) ;
#3459 = CARTESIAN_POINT ( 'NONE',  ( 11.27017349682989789, 26.00000000000007816, -31.00000000000000000 ) ) ;
#3460 = CARTESIAN_POINT ( 'NONE',  ( 14.99999999999944045, 113.0181803158006915, 19.00000000000001421 ) ) ;
#3461 = VERTEX_POINT ( 'NONE', #440 ) ;
#3462 = CARTESIAN_POINT ( 'NONE',  ( -25.19999999999999574, 3.000000000000000000, 18.99999999999999645 ) ) ;
#3463 = CYLINDRICAL_SURFACE ( 'NONE', #5992, 6.099999999999999645 ) ;
#3464 = DIRECTION ( 'NONE',  ( -1.000000000000000000, -6.802837160693364202E-15, 0.000000000000000000 ) ) ;
#3465 = EDGE_CURVE ( 'NONE', #4284, #7766, #2716, .T. ) ;
#3466 = ORIENTED_EDGE ( 'NONE', *, *, #6850, .F. ) ;
#3467 = VERTEX_POINT ( 'NONE', #2050 ) ;
#3468 = LINE ( 'NONE', #6510, #2794 ) ;
#3469 = DIRECTION ( 'NONE',  ( -6.987186840583977580E-15, 1.000000000000000000, -7.888609052210118054E-31 ) ) ;
#3470 = VERTEX_POINT ( 'NONE', #6289 ) ;
#3471 = DIRECTION ( 'NONE',  ( -0.000000000000000000, 0.000000000000000000, 1.000000000000000000 ) ) ;
#3472 = ORIENTED_EDGE ( 'NONE', *, *, #584, .T. ) ;
#3473 = DIRECTION ( 'NONE',  ( 6.982962677686266711E-15, -1.000000000000000000, 0.000000000000000000 ) ) ;
#3474 = ORIENTED_EDGE ( 'NONE', *, *, #4749, .F. ) ;
#3475 = DIRECTION ( 'NONE',  ( 1.000000000000000000, 6.987186840583977580E-15, 0.000000000000000000 ) ) ;
#3476 = AXIS2_PLACEMENT_3D ( 'NONE', #1622, #6738, #3070 ) ;
#3477 = ADVANCED_FACE ( 'NONE', ( #8466 ), #389, .T. ) ;
#3478 = EDGE_LOOP ( 'NONE', ( #5107, #5308, #1803, #6868 ) ) ;
#3479 = VECTOR ( 'NONE', #5172, 1000.000000000000000 ) ;
#3480 = CYLINDRICAL_SURFACE ( 'NONE', #7284, 1.750000000000003331 ) ;
#3481 = CARTESIAN_POINT ( 'NONE',  ( 60.00000000000000000, 4.000000000000000000, -1.387778780781445676E-14 ) ) ;
#3482 = AXIS2_PLACEMENT_3D ( 'NONE', #8970, #8243, #1429 ) ;
#3483 = EDGE_LOOP ( 'NONE', ( #9372, #5555, #4518, #5163 ) ) ;
#3484 = EDGE_LOOP ( 'NONE', ( #3370, #5286, #1992, #3574 ) ) ;
#3485 = DIRECTION ( 'NONE',  ( 6.987186840583977580E-15, -1.000000000000000000, -7.888609052210118054E-31 ) ) ;
#3486 = DIRECTION ( 'NONE',  ( 0.000000000000000000, 1.000000000000000000, -0.000000000000000000 ) ) ;
#3487 = ORIENTED_EDGE ( 'NONE', *, *, #4192, .T. ) ;
#3488 = LINE ( 'NONE', #3396, #6579 ) ;
#3489 = EDGE_LOOP ( 'NONE', ( #2261, #2811, #295, #6245 ) ) ;
#3490 = VERTEX_POINT ( 'NONE', #7069 ) ;
#3491 = EDGE_CURVE ( 'NONE', #8229, #6971, #4432, .T. ) ;
#3492 = FACE_BOUND ( 'NONE', #3754, .T. ) ;
#3493 = CYLINDRICAL_SURFACE ( 'NONE', #6575, 1.700000000000000178 ) ;
#3494 = AXIS2_PLACEMENT_3D ( 'NONE', #7567, #954, #2311 ) ;
#3495 = DIRECTION ( 'NONE',  ( -1.000000000000000000, -6.987186840583977580E-15, 0.000000000000000000 ) ) ;
#3496 = CARTESIAN_POINT ( 'NONE',  ( -12.99999999999978684, 2.999999999999912514, 25.50000000000000355 ) ) ;
#3497 = ORIENTED_EDGE ( 'NONE', *, *, #8385, .T. ) ;
#3498 = DIRECTION ( 'NONE',  ( 6.982962677686265922E-15, -1.000000000000000000, 0.000000000000000000 ) ) ;
#3499 = VECTOR ( 'NONE', #2146, 1000.000000000000000 ) ;
#3500 = VERTEX_POINT ( 'NONE', #1268 ) ;
#3501 = DIRECTION ( 'NONE',  ( 0.000000000000000000, 0.000000000000000000, 1.000000000000000000 ) ) ;
#3502 = CARTESIAN_POINT ( 'NONE',  ( -6.502183067439431419, -4.163336342344337027E-14, 19.00000000000001421 ) ) ;
#3503 = VECTOR ( 'NONE', #5856, 1000.000000000000000 ) ;
#3504 = ORIENTED_EDGE ( 'NONE', *, *, #3276, .T. ) ;
#3505 = CYLINDRICAL_SURFACE ( 'NONE', #86, 9.600000000000001421 ) ;
#3506 = EDGE_CURVE ( 'NONE', #9022, #1396, #6429, .T. ) ;
#3507 = ORIENTED_EDGE ( 'NONE', *, *, #5190, .T. ) ;
#3508 = PLANE ( 'NONE',  #2661 ) ;
#3509 = DIRECTION ( 'NONE',  ( 0.000000000000000000, 0.000000000000000000, 1.000000000000000000 ) ) ;
#3510 = FACE_OUTER_BOUND ( 'NONE', #2526, .T. ) ;
#3511 = ORIENTED_EDGE ( 'NONE', *, *, #3340, .T. ) ;
#3512 = ORIENTED_EDGE ( 'NONE', *, *, #4341, .T. ) ;
#3513 = CARTESIAN_POINT ( 'NONE',  ( 13.00000000000000711, -0.1999999999999987899, 42.50000000000000000 ) ) ;
#3514 = AXIS2_PLACEMENT_3D ( 'NONE', #3870, #6819, #3144 ) ;
#3515 = CIRCLE ( 'NONE', #5512, 1.749999999999895639 ) ;
#3516 = EDGE_CURVE ( 'NONE', #5624, #5275, #7166, .T. ) ;
#3517 = FACE_OUTER_BOUND ( 'NONE', #6578, .T. ) ;
#3518 = EDGE_LOOP ( 'NONE', ( #5654, #1755, #3729, #390 ) ) ;
#3519 = VECTOR ( 'NONE', #3907, 1000.000000000000000 ) ;
#3520 = CARTESIAN_POINT ( 'NONE',  ( 5.099999999999799805, 31.39463772249581552, -32.50000000000000000 ) ) ;
#3521 = AXIS2_PLACEMENT_3D ( 'NONE', #1683, #6079, #3168 ) ;
#3522 = ORIENTED_EDGE ( 'NONE', *, *, #7199, .F. ) ;
#3523 = LINE ( 'NONE', #4299, #4918 ) ;
#3524 = EDGE_LOOP ( 'NONE', ( #8350, #6142, #1854, #9268 ) ) ;
#3525 = EDGE_CURVE ( 'NONE', #330, #7155, #5659, .T. ) ;
#3526 = EDGE_CURVE ( 'NONE', #8621, #5078, #4994, .T. ) ;
#3527 = AXIS2_PLACEMENT_3D ( 'NONE', #3163, #3263, #2581 ) ;
#3528 = AXIS2_PLACEMENT_3D ( 'NONE', #7139, #9354, #5482 ) ;
#3529 = DIRECTION ( 'NONE',  ( -0.000000000000000000, -1.000000000000000000, 0.000000000000000000 ) ) ;
#3530 = VECTOR ( 'NONE', #793, 1000.000000000000000 ) ;
#3531 = EDGE_LOOP ( 'NONE', ( #8831, #1743, #256, #5714 ) ) ;
#3532 = DIRECTION ( 'NONE',  ( -6.982962677686266711E-15, 1.000000000000000000, -0.000000000000000000 ) ) ;
#3533 = DIRECTION ( 'NONE',  ( 0.000000000000000000, -0.000000000000000000, -1.000000000000000000 ) ) ;
#3534 = ORIENTED_EDGE ( 'NONE', *, *, #5760, .F. ) ;
#3535 = AXIS2_PLACEMENT_3D ( 'NONE', #4215, #2616, #8614 ) ;
#3536 = VERTEX_POINT ( 'NONE', #2858 ) ;
#3537 = FACE_OUTER_BOUND ( 'NONE', #9429, .T. ) ;
#3538 = LINE ( 'NONE', #4311, #6807 ) ;
#3539 = ORIENTED_EDGE ( 'NONE', *, *, #7775, .F. ) ;
#3540 = CARTESIAN_POINT ( 'NONE',  ( -8.100000000000289191, 28.59999999999991616, 31.00000000000000000 ) ) ;
#3541 = ORIENTED_EDGE ( 'NONE', *, *, #9115, .T. ) ;
#3542 = CARTESIAN_POINT ( 'NONE',  ( -11.29999999999993854, 24.48999999999976396, 32.50000000000000000 ) ) ;
#3543 = LINE ( 'NONE', #9444, #5345 ) ;
#3544 = AXIS2_PLACEMENT_3D ( 'NONE', #9171, #1740, #6856 ) ;
#3545 = EDGE_CURVE ( 'NONE', #8419, #9510, #9534, .T. ) ;
#3546 = EDGE_CURVE ( 'NONE', #6540, #7888, #5805, .T. ) ;
#3547 = DIRECTION ( 'NONE',  ( -0.000000000000000000, -0.000000000000000000, 1.000000000000000000 ) ) ;
#3548 = ORIENTED_EDGE ( 'NONE', *, *, #1435, .T. ) ;
#3549 = AXIS2_PLACEMENT_3D ( 'NONE', #6975, #7851, #7073 ) ;
#3550 = CARTESIAN_POINT ( 'NONE',  ( -2.897929511239801316E-13, 44.50000000000000711, -32.50000000000000000 ) ) ;
#3551 = ORIENTED_EDGE ( 'NONE', *, *, #7344, .F. ) ;
#3552 = PLANE ( 'NONE',  #8441 ) ;
#3553 = ORIENTED_EDGE ( 'NONE', *, *, #666, .F. ) ;
#3554 = LINE ( 'NONE', #9408, #5484 ) ;
#3555 = LINE ( 'NONE', #2832, #3365 ) ;
#3556 = FACE_OUTER_BOUND ( 'NONE', #5202, .T. ) ;
#3557 = AXIS2_PLACEMENT_3D ( 'NONE', #8846, #7297, #4205 ) ;
#3558 = LINE ( 'NONE', #6592, #8775 ) ;
#3559 = CARTESIAN_POINT ( 'NONE',  ( -1.000000000000289990, 44.50000000000000000, 32.50000000000000000 ) ) ;
#3560 = ORIENTED_EDGE ( 'NONE', *, *, #5353, .F. ) ;
#3561 = ORIENTED_EDGE ( 'NONE', *, *, #645, .T. ) ;
#3562 = EDGE_CURVE ( 'NONE', #198, #1081, #252, .T. ) ;
#3563 = CARTESIAN_POINT ( 'NONE',  ( 4.799936326822309400E-14, 26.00000000000000355, 0.000000000000000000 ) ) ;
#3564 = AXIS2_PLACEMENT_3D ( 'NONE', #2648, #2881, #9363 ) ;
#3565 = DIRECTION ( 'NONE',  ( -1.000000000000000000, 0.000000000000000000, 0.000000000000000000 ) ) ;
#3566 = ORIENTED_EDGE ( 'NONE', *, *, #5742, .F. ) ;
#3567 = DIRECTION ( 'NONE',  ( 0.000000000000000000, 0.000000000000000000, 1.000000000000000000 ) ) ;
#3568 = DIRECTION ( 'NONE',  ( 1.000000000000000000, 6.982962677686266711E-15, 0.000000000000000000 ) ) ;
#3569 = CIRCLE ( 'NONE', #8203, 5.750000000000105693 ) ;
#3570 = ORIENTED_EDGE ( 'NONE', *, *, #5817, .T. ) ;
#3571 = CARTESIAN_POINT ( 'NONE',  ( -1.711924138386540470E-13, 24.50000000000000000, -2.051038353574630974E-29 ) ) ;
#3572 = ORIENTED_EDGE ( 'NONE', *, *, #687, .F. ) ;
#3573 = CYLINDRICAL_SURFACE ( 'NONE', #3557, 14.00000000000000178 ) ;
#3574 = ORIENTED_EDGE ( 'NONE', *, *, #9178, .T. ) ;
#3575 = AXIS2_PLACEMENT_3D ( 'NONE', #8473, #1957, #4900 ) ;
#3576 = VECTOR ( 'NONE', #1040, 1000.000000000000000 ) ;
#3577 = AXIS2_PLACEMENT_3D ( 'NONE', #4632, #7579, #9077 ) ;
#3578 = EDGE_CURVE ( 'NONE', #8116, #4396, #5180, .T. ) ;
#3579 = CARTESIAN_POINT ( 'NONE',  ( 25.19999999999998153, 9.899999999999993250, 49.20000000000001705 ) ) ;
#3580 = LINE ( 'NONE', #5027, #5126 ) ;
#3581 = ORIENTED_EDGE ( 'NONE', *, *, #3696, .F. ) ;
#3582 = VERTEX_POINT ( 'NONE', #6486 ) ;
#3583 = CARTESIAN_POINT ( 'NONE',  ( 1.271277731344337126E-13, 26.00000000000000355, -9.600000000000001421 ) ) ;
#3584 = AXIS2_PLACEMENT_3D ( 'NONE', #1404, #8026, #8798 ) ;
#3585 = EDGE_CURVE ( 'NONE', #3188, #1324, #3734, .T. ) ;
#3586 = DIRECTION ( 'NONE',  ( -0.000000000000000000, -1.000000000000000000, -0.000000000000000000 ) ) ;
#3587 = EDGE_LOOP ( 'NONE', ( #3553, #8811, #6957, #1270 ) ) ;
#3588 = CARTESIAN_POINT ( 'NONE',  ( 61.00000000000028422, -7.999999999999570122, -5.000000000000000000 ) ) ;
#3589 = EDGE_LOOP ( 'NONE', ( #5768, #1640, #8523, #5381 ) ) ;
#3590 = AXIS2_PLACEMENT_3D ( 'NONE', #7143, #512, #3464 ) ;
#3591 = LINE ( 'NONE', #6576, #7967 ) ;
#3592 = CARTESIAN_POINT ( 'NONE',  ( 60.00000000000019895, 3.000000000000422329, -10.00000000000000000 ) ) ;
#3593 = FACE_OUTER_BOUND ( 'NONE', #3028, .T. ) ;
#3594 = ORIENTED_EDGE ( 'NONE', *, *, #3064, .T. ) ;
#3595 = CARTESIAN_POINT ( 'NONE',  ( 4.874423042781294235, 43.00000000000003553, 31.00000000000000000 ) ) ;
#3596 = ORIENTED_EDGE ( 'NONE', *, *, #5500, .F. ) ;
#3597 = DIRECTION ( 'NONE',  ( -0.000000000000000000, -1.000000000000000000, 0.000000000000000000 ) ) ;
#3598 = AXIS2_PLACEMENT_3D ( 'NONE', #3855, #1632, #6746 ) ;
#3599 = ADVANCED_FACE ( 'NONE', ( #6573 ), #5228, .F. ) ;
#3600 = ORIENTED_EDGE ( 'NONE', *, *, #9147, .T. ) ;
#3601 = DIRECTION ( 'NONE',  ( -0.000000000000000000, -1.000000000000000000, -0.000000000000000000 ) ) ;
#3602 = LINE ( 'NONE', #5103, #5744 ) ;
#3603 = DIRECTION ( 'NONE',  ( 1.000000000000000000, 6.982962677686266711E-15, 0.000000000000000000 ) ) ;
#3604 = CARTESIAN_POINT ( 'NONE',  ( -5.100000000000195932, 31.39463772249623830, 32.50000000000000000 ) ) ;
#3605 = EDGE_LOOP ( 'NONE', ( #932, #8411, #3916, #2993, #3718, #6223, #732, #6800, #3410, #6751, #2437, #7584 ) ) ;
#3606 = CARTESIAN_POINT ( 'NONE',  ( 70.44103962761801085, -14.21836078075882526, 8.828640442460654825 ) ) ;
#3607 = LINE ( 'NONE', #7831, #9074 ) ;
#3608 = DIRECTION ( 'NONE',  ( 0.000000000000000000, 0.000000000000000000, 1.000000000000000000 ) ) ;
#3609 = ORIENTED_EDGE ( 'NONE', *, *, #8807, .T. ) ;
#3610 = EDGE_CURVE ( 'NONE', #1746, #1422, #2090, .T. ) ;
#3611 = ADVANCED_FACE ( 'NONE', ( #4313, #4462 ), #7407, .T. ) ;
#3612 = CARTESIAN_POINT ( 'NONE',  ( -12.99999999999978684, -8.673617379884044307E-14, 25.50000000000000355 ) ) ;
#3613 = CARTESIAN_POINT ( 'NONE',  ( 4.874423042781412363, 26.06906078835168472, 31.00000000000000000 ) ) ;
#3614 = ORIENTED_EDGE ( 'NONE', *, *, #6850, .T. ) ;
#3615 = CYLINDRICAL_SURFACE ( 'NONE', #5837, 5.500000000000003553 ) ;
#3616 = ORIENTED_EDGE ( 'NONE', *, *, #1834, .T. ) ;
#3617 = ORIENTED_EDGE ( 'NONE', *, *, #2355, .T. ) ;
#3618 = EDGE_CURVE ( 'NONE', #6826, #1566, #7044, .T. ) ;
#3619 = CARTESIAN_POINT ( 'NONE',  ( -25.20000000000012363, 9.900000000000000355, 49.20000000000001705 ) ) ;
#3620 = CARTESIAN_POINT ( 'NONE',  ( 6.400000000000293454, 28.59999999999991971, 34.00000000000000000 ) ) ;
#3621 = EDGE_CURVE ( 'NONE', #2318, #1938, #9524, .T. ) ;
#3622 = ORIENTED_EDGE ( 'NONE', *, *, #3871, .T. ) ;
#3623 = VERTEX_POINT ( 'NONE', #641 ) ;
#3624 = LINE ( 'NONE', #9530, #740 ) ;
#3625 = DIRECTION ( 'NONE',  ( 0.000000000000000000, 0.000000000000000000, -1.000000000000000000 ) ) ;
#3626 = ORIENTED_EDGE ( 'NONE', *, *, #3215, .F. ) ;
#3627 = CARTESIAN_POINT ( 'NONE',  ( 8.100000000000292744, 28.59999999999991971, 32.50000000000000000 ) ) ;
#3628 = VECTOR ( 'NONE', #5583, 1000.000000000000000 ) ;
#3629 = ORIENTED_EDGE ( 'NONE', *, *, #1149, .F. ) ;
#3630 = EDGE_CURVE ( 'NONE', #9566, #555, #7310, .T. ) ;
#3631 = DIRECTION ( 'NONE',  ( -0.000000000000000000, -0.000000000000000000, 1.000000000000000000 ) ) ;
#3632 = CARTESIAN_POINT ( 'NONE',  ( 6.999999999999993783, 10.70000000000000107, 50.40000000000001279 ) ) ;
#3633 = ORIENTED_EDGE ( 'NONE', *, *, #7344, .T. ) ;
#3634 = DIRECTION ( 'NONE',  ( 6.982962677686266711E-15, -1.000000000000000000, 0.000000000000000000 ) ) ;
#3635 = VERTEX_POINT ( 'NONE', #5136 ) ;
#3636 = CYLINDRICAL_SURFACE ( 'NONE', #3990, 5.749999999999963585 ) ;
#3637 = CIRCLE ( 'NONE', #2867, 5.099999999999997868 ) ;
#3638 = ORIENTED_EDGE ( 'NONE', *, *, #3630, .T. ) ;
#3639 = ADVANCED_FACE ( 'NONE', ( #6535 ), #8857, .F. ) ;
#3640 = DIRECTION ( 'NONE',  ( 6.982962677686266711E-15, -1.000000000000000000, 0.000000000000000000 ) ) ;
#3641 = EDGE_CURVE ( 'NONE', #2091, #676, #9486, .T. ) ;
#3642 = ORIENTED_EDGE ( 'NONE', *, *, #3621, .F. ) ;
#3643 = CARTESIAN_POINT ( 'NONE',  ( 12.20000000000029416, 28.59999999999991971, 31.00000000000000000 ) ) ;
#3644 = CARTESIAN_POINT ( 'NONE',  ( 3.740875477200665096E-14, 27.50000000000000355, -2.169367489357782745E-29 ) ) ;
#3645 = AXIS2_PLACEMENT_3D ( 'NONE', #5253, #5437, #9063 ) ;
#3646 = CARTESIAN_POINT ( 'NONE',  ( -9.800000000000290257, 28.59999999999991616, -32.50000000000000000 ) ) ;
#3647 = B_SPLINE_CURVE_WITH_KNOTS ( 'NONE', 3,
 ( #5850, #7487, #8801, #1407, #8077, #6567 ),
 .UNSPECIFIED., .F., .F.,
 ( 4, 2, 4 ),
 ( 0.000000000000000000, 0.0007712303705681936711, 0.001542460741136387342 ),
 .UNSPECIFIED. ) ;
#3648 = CYLINDRICAL_SURFACE ( 'NONE', #4297, 1.699999999999999289 ) ;
#3649 = CIRCLE ( 'NONE', #2877, 5.750000000000002665 ) ;
#3650 = CARTESIAN_POINT ( 'NONE',  ( 2.295563928880660095E-13, 3.469446951953614189E-15, 7.599999999999999645 ) ) ;
#3651 = ORIENTED_EDGE ( 'NONE', *, *, #210, .T. ) ;
#3652 = VECTOR ( 'NONE', #9337, 1000.000000000000000 ) ;
#3653 = DIRECTION ( 'NONE',  ( 1.000000000000000000, -1.376764663473655970E-16, 0.000000000000000000 ) ) ;
#3654 = CIRCLE ( 'NONE', #8428, 14.00000000000000000 ) ;
#3655 = CARTESIAN_POINT ( 'NONE',  ( -60.99999999999977263, -4.232725281383409310E-13, 4.054187035541926498 ) ) ;
#3656 = LINE ( 'NONE', #5159, #9202 ) ;
#3657 = VERTEX_POINT ( 'NONE', #4364 ) ;
#3658 = CARTESIAN_POINT ( 'NONE',  ( 0.000000000000000000, 6.899999999999999467, 49.20000000000001705 ) ) ;
#3659 = CARTESIAN_POINT ( 'NONE',  ( -2.793185071074507189E-13, 43.00000000000000000, -32.50000000000000000 ) ) ;
#3660 = EDGE_CURVE ( 'NONE', #9414, #1938, #8757, .T. ) ;
#3661 = ADVANCED_FACE ( 'NONE', ( #5 ), #5761, .T. ) ;
#3662 = EDGE_LOOP ( 'NONE', ( #7122, #7515, #5905, #3642 ) ) ;
#3663 = FACE_OUTER_BOUND ( 'NONE', #9473, .T. ) ;
#3664 = ORIENTED_EDGE ( 'NONE', *, *, #7559, .T. ) ;
#3665 = AXIS2_PLACEMENT_3D ( 'NONE', #5179, #1459, #8578 ) ;
#3666 = CARTESIAN_POINT ( 'NONE',  ( -1.711924138386540470E-13, 24.50000000000000000, 32.50000000000000000 ) ) ;
#3667 = EDGE_CURVE ( 'NONE', #7746, #1282, #2959, .T. ) ;
#3668 = B_SPLINE_CURVE_WITH_KNOTS ( 'NONE', 3,
 ( #8686, #2064, #7954, #1327 ),
 .UNSPECIFIED., .F., .F.,
 ( 4, 4 ),
 ( 0.000000000000000000, 0.0006881903657701562245 ),
 .UNSPECIFIED. ) ;
#3669 = ORIENTED_EDGE ( 'NONE', *, *, #7783, .T. ) ;
#3670 = AXIS2_PLACEMENT_3D ( 'NONE', #9033, #188, #3727 ) ;
#3671 = VECTOR ( 'NONE', #5979, 1000.000000000000000 ) ;
#3672 = DIRECTION ( 'NONE',  ( 6.982962677686266711E-15, -1.000000000000000000, 0.000000000000000000 ) ) ;
#3673 = FACE_OUTER_BOUND ( 'NONE', #2300, .T. ) ;
#3674 = DIRECTION ( 'NONE',  ( 6.982962677686266711E-15, -1.000000000000000000, 0.000000000000000000 ) ) ;
#3675 = AXIS2_PLACEMENT_3D ( 'NONE', #4552, #5412, #8356 ) ;
#3676 = VECTOR ( 'NONE', #9550, 1000.000000000000000 ) ;
#3677 = CARTESIAN_POINT ( 'NONE',  ( -1.606081415867841343E-13, 26.00000000000000355, 32.50000000000000000 ) ) ;
#3678 = ORIENTED_EDGE ( 'NONE', *, *, #1399, .F. ) ;
#3679 = CARTESIAN_POINT ( 'NONE',  ( -1.501336975702547469E-13, 24.50000000000000000, -32.50000000000000000 ) ) ;
#3680 = CIRCLE ( 'NONE', #3831, 4.099999999999999645 ) ;
#3681 = CARTESIAN_POINT ( 'NONE',  ( 55.86932208953547274, 3.000000000000391243, 13.99999999999999112 ) ) ;
#3682 = EDGE_LOOP ( 'NONE', ( #3778, #6237, #3134 ) ) ;
#3683 = EDGE_CURVE ( 'NONE', #2495, #6718, #4643, .T. ) ;
#3684 = CARTESIAN_POINT ( 'NONE',  ( -2.500000000000179412, 25.99999999999998579, -33.75000000000000000 ) ) ;
#3685 = DIRECTION ( 'NONE',  ( 0.000000000000000000, 0.000000000000000000, 1.000000000000000000 ) ) ;
#3686 = VERTEX_POINT ( 'NONE', #7545 ) ;
#3687 = CARTESIAN_POINT ( 'NONE',  ( -30.00000000000000000, -31.00000000000000000, 0.000000000000000000 ) ) ;
#3688 = DIRECTION ( 'NONE',  ( 6.982962677686266711E-15, -1.000000000000000000, 0.000000000000000000 ) ) ;
#3689 = VECTOR ( 'NONE', #4517, 1000.000000000000000 ) ;
#3690 = ORIENTED_EDGE ( 'NONE', *, *, #7046, .T. ) ;
#3691 = CARTESIAN_POINT ( 'NONE',  ( -8.100000000000289191, 28.59999999999991616, -32.50000000000000000 ) ) ;
#3692 = VERTEX_POINT ( 'NONE', #6137 ) ;
#3693 = DIRECTION ( 'NONE',  ( -0.000000000000000000, -0.000000000000000000, 1.000000000000000000 ) ) ;
#3694 = ORIENTED_EDGE ( 'NONE', *, *, #2451, .F. ) ;
#3695 = CARTESIAN_POINT ( 'NONE',  ( -9.799999999999940314, 24.49999999999993250, 1.087550229156000607E-43 ) ) ;
#3696 = EDGE_CURVE ( 'NONE', #2868, #5875, #3235, .T. ) ;
#3697 = ORIENTED_EDGE ( 'NONE', *, *, #6990, .T. ) ;
#3698 = CARTESIAN_POINT ( 'NONE',  ( -60.99999999999977263, -4.232725281383409310E-13, 9.999999999999984013 ) ) ;
#3699 = DIRECTION ( 'NONE',  ( -1.000000000000000000, -7.061706185392312380E-15, 0.000000000000000000 ) ) ;
#3700 = CYLINDRICAL_SURFACE ( 'NONE', #8683, 4.099999999999999645 ) ;
#3701 = EDGE_CURVE ( 'NONE', #4243, #7594, #6773, .T. ) ;
#3702 = DIRECTION ( 'NONE',  ( -1.000000000000000000, -6.938893903907226800E-15, 0.000000000000000000 ) ) ;
#3703 = LINE ( 'NONE', #4384, #8839 ) ;
#3704 = CIRCLE ( 'NONE', #5545, 8.500000000000000000 ) ;
#3705 = ORIENTED_EDGE ( 'NONE', *, *, #1691, .T. ) ;
#3706 = DIRECTION ( 'NONE',  ( 6.982962677686266711E-15, -1.000000000000000000, 0.000000000000000000 ) ) ;
#3707 = DIRECTION ( 'NONE',  ( -0.000000000000000000, -1.000000000000000000, 0.000000000000000000 ) ) ;
#3708 = CARTESIAN_POINT ( 'NONE',  ( -8.100000000000289191, 28.59999999999991616, -34.00000000000000000 ) ) ;
#3709 = MECHANICAL_DESIGN_GEOMETRIC_PRESENTATION_REPRESENTATION (  '', ( #6950 ), #3395 ) ;
#3710 = ORIENTED_EDGE ( 'NONE', *, *, #8078, .T. ) ;
#3711 = CARTESIAN_POINT ( 'NONE',  ( 3.599999999999836220, 26.00000000000002487, -32.50000000000000000 ) ) ;
#3712 = DIRECTION ( 'NONE',  ( 0.000000000000000000, 0.000000000000000000, -1.000000000000000000 ) ) ;
#3713 = ORIENTED_EDGE ( 'NONE', *, *, #6550, .T. ) ;
#3714 = CYLINDRICAL_SURFACE ( 'NONE', #2756, 8.500000000000000000 ) ;
#3715 = ORIENTED_EDGE ( 'NONE', *, *, #8876, .T. ) ;
#3716 = AXIS2_PLACEMENT_3D ( 'NONE', #3563, #8592, #4922 ) ;
#3717 = DIRECTION ( 'NONE',  ( -6.987186840583977580E-15, 1.000000000000000000, -7.888609052210118054E-31 ) ) ;
#3718 = ORIENTED_EDGE ( 'NONE', *, *, #3562, .T. ) ;
#3719 = EDGE_CURVE ( 'NONE', #7471, #8758, #6004, .T. ) ;
#3720 = EDGE_CURVE ( 'NONE', #2199, #1483, #7591, .T. ) ;
#3721 = DIRECTION ( 'NONE',  ( 1.000000000000000000, 0.000000000000000000, 1.734723475976805517E-15 ) ) ;
#3722 = CARTESIAN_POINT ( 'NONE',  ( 6.196528862359562112E-14, 24.00000000000000355, 1.499999999999998002 ) ) ;
#3723 = CIRCLE ( 'NONE', #8978, 4.500000000000004441 ) ;
#3724 = FACE_OUTER_BOUND ( 'NONE', #6953, .T. ) ;
#3725 = PLANE ( 'NONE',  #7250 ) ;
#3726 = ORIENTED_EDGE ( 'NONE', *, *, #2101, .T. ) ;
#3727 = DIRECTION ( 'NONE',  ( -1.000000000000000000, 0.000000000000000000, 0.000000000000000000 ) ) ;
#3728 = DIRECTION ( 'NONE',  ( 0.000000000000000000, 0.000000000000000000, -1.000000000000000000 ) ) ;
#3729 = ORIENTED_EDGE ( 'NONE', *, *, #4937, .F. ) ;
#3731 = AXIS2_PLACEMENT_3D ( 'NONE', #6199, #3452, #8573 ) ;
#3730 = CARTESIAN_POINT ( 'NONE',  ( 6.196528862359562112E-14, 24.00000000000000355, 0.000000000000000000 ) ) ;
#3732 = AXIS2_PLACEMENT_3D ( 'NONE', #9432, #4934, #1995 ) ;
#3733 = AXIS2_PLACEMENT_3D ( 'NONE', #3081, #8383, #9023 ) ;
#3734 = LINE ( 'NONE', #7353, #9368 ) ;
#3735 = ORIENTED_EDGE ( 'NONE', *, *, #5961, .T. ) ;
#3736 = FACE_BOUND ( 'NONE', #6696, .T. ) ;
#3737 = CYLINDRICAL_SURFACE ( 'NONE', #4427, 1.749999999999996891 ) ;
#3738 = VERTEX_POINT ( 'NONE', #1789 ) ;
#3739 = ADVANCED_FACE ( 'NONE', ( #6822 ), #4596, .T. ) ;
#3740 = CIRCLE ( 'NONE', #9134, 1.750000000000032863 ) ;
#3741 = VECTOR ( 'NONE', #288, 999.9999999999998863 ) ;
#3742 = DIRECTION ( 'NONE',  ( -9.507508744627835122E-16, 0.000000000000000000, 1.000000000000000000 ) ) ;
#3743 = ORIENTED_EDGE ( 'NONE', *, *, #1169, .F. ) ;
#3744 = PLANE ( 'NONE',  #2761 ) ;
#3745 = VERTEX_POINT ( 'NONE', #2418 ) ;
#3746 = CARTESIAN_POINT ( 'NONE',  ( -58.99999999999978684, 2.999999999999589662, -5.000000000000014211 ) ) ;
#3747 = AXIS2_PLACEMENT_3D ( 'NONE', #1029, #5969, #301 ) ;
#3748 = EDGE_LOOP ( 'NONE', ( #9113, #1584, #9439, #7612, #404, #7428 ) ) ;
#3749 = DIRECTION ( 'NONE',  ( 0.000000000000000000, 0.000000000000000000, 1.000000000000000000 ) ) ;
#3750 = DIRECTION ( 'NONE',  ( -1.000000000000000000, -6.938893903907226800E-15, 0.000000000000000000 ) ) ;
#3751 = FACE_OUTER_BOUND ( 'NONE', #2295, .T. ) ;
#3752 = DIRECTION ( 'NONE',  ( -6.982962677686266711E-15, 1.000000000000000000, -0.000000000000000000 ) ) ;
#3753 = CYLINDRICAL_SURFACE ( 'NONE', #4360, 1.700000000000000178 ) ;
#3754 = EDGE_LOOP ( 'NONE', ( #3085, #8557 ) ) ;
#3755 = DIRECTION ( 'NONE',  ( 0.000000000000000000, 0.000000000000000000, 1.000000000000000000 ) ) ;
#3756 = EDGE_CURVE ( 'NONE', #3470, #2316, #926, .T. ) ;
#3757 = B_SPLINE_CURVE_WITH_KNOTS ( 'NONE', 3,
 ( #6530, #4214, #1409, #4359, #7306, #684 ),
 .UNSPECIFIED., .F., .F.,
 ( 4, 2, 4 ),
 ( 0.000000000000000000, 0.0007714355372924321195, 0.001542871074584864239 ),
 .UNSPECIFIED. ) ;
#3758 = DIRECTION ( 'NONE',  ( 0.000000000000000000, 0.000000000000000000, 1.000000000000000000 ) ) ;
#3759 = CYLINDRICAL_SURFACE ( 'NONE', #1955, 11.29999999999977689 ) ;
#3760 = ORIENTED_EDGE ( 'NONE', *, *, #8079, .T. ) ;
#3761 = CARTESIAN_POINT ( 'NONE',  ( 25.00000000000020606, 3.000000000000176303, 29.00000000000001066 ) ) ;
#3762 = FACE_OUTER_BOUND ( 'NONE', #4165, .T. ) ;
#3763 = VERTEX_POINT ( 'NONE', #3873 ) ;
#3764 = DIRECTION ( 'NONE',  ( 0.000000000000000000, 0.000000000000000000, 1.000000000000000000 ) ) ;
#3765 = ORIENTED_EDGE ( 'NONE', *, *, #9170, .T. ) ;
#3766 = EDGE_CURVE ( 'NONE', #5606, #7759, #3145, .T. ) ;
#3767 = EDGE_CURVE ( 'NONE', #7973, #2141, #3196, .T. ) ;
#3768 = ORIENTED_EDGE ( 'NONE', *, *, #9028, .F. ) ;
#3769 = DIRECTION ( 'NONE',  ( -6.982962677686266711E-15, 1.000000000000000000, 0.000000000000000000 ) ) ;
#3770 = DIRECTION ( 'NONE',  ( -1.000000000000000000, -7.061706185392312380E-15, 0.000000000000000000 ) ) ;
#3771 = EDGE_CURVE ( 'NONE', #1711, #7241, #286, .T. ) ;
#3772 = CARTESIAN_POINT ( 'NONE',  ( -14.99999999999976907, -1.040834085586084257E-13, -29.00000000000001066 ) ) ;
#3773 = SURFACE_STYLE_USAGE ( .BOTH. , #7449 ) ;
#3774 = ORIENTED_EDGE ( 'NONE', *, *, #8390, .F. ) ;
#3775 = CARTESIAN_POINT ( 'NONE',  ( 60.00000000000000000, 3.000000000000000000, 9.999999999999984013 ) ) ;
#3776 = EDGE_CURVE ( 'NONE', #7007, #5660, #5211, .T. ) ;
#3777 = CARTESIAN_POINT ( 'NONE',  ( -11.29999999999994031, 24.49999999999992184, -2.051038353574630974E-29 ) ) ;
#3778 = ORIENTED_EDGE ( 'NONE', *, *, #9254, .T. ) ;
#3779 = CARTESIAN_POINT ( 'NONE',  ( -8.100000000000289191, 28.59999999999991616, -34.00000000000000000 ) ) ;
#3780 = PLANE ( 'NONE',  #3968 ) ;
#3781 = ORIENTED_EDGE ( 'NONE', *, *, #4803, .T. ) ;
#3782 = DIRECTION ( 'NONE',  ( -1.000000000000000000, -6.987186840583977580E-15, -0.000000000000000000 ) ) ;
#3783 = DIRECTION ( 'NONE',  ( 0.000000000000000000, 0.000000000000000000, -1.000000000000000000 ) ) ;
#3784 = ORIENTED_EDGE ( 'NONE', *, *, #7900, .F. ) ;
#3785 = CARTESIAN_POINT ( 'NONE',  ( 60.00000000000000000, -33.00000000000000000, -60.00000000000000000 ) ) ;
#3786 = CARTESIAN_POINT ( 'NONE',  ( -9.800000000000290257, 28.59999999999991616, 32.50000000000000000 ) ) ;
#3787 = ORIENTED_EDGE ( 'NONE', *, *, #4341, .F. ) ;
#3788 = DIRECTION ( 'NONE',  ( -0.000000000000000000, -1.000000000000000000, 0.000000000000000000 ) ) ;
#3789 = VECTOR ( 'NONE', #2569, 1000.000000000000000 ) ;
#3790 = EDGE_CURVE ( 'NONE', #4467, #8751, #6905, .T. ) ;
#3791 = VERTEX_POINT ( 'NONE', #5320 ) ;
#3792 =( NAMED_UNIT ( * ) SI_UNIT ( $, .STERADIAN. ) SOLID_ANGLE_UNIT ( ) );
#3793 = CARTESIAN_POINT ( 'NONE',  ( -6.502183067439452735, 2.999999999999957367, 13.99999999999998757 ) ) ;
#3794 = CARTESIAN_POINT ( 'NONE',  ( -3.600000000000276756, 42.99999999999997868, -32.50000000000000000 ) ) ;
#3795 = AXIS2_PLACEMENT_3D ( 'NONE', #3451, #6296, #7852 ) ;
#3796 = DIRECTION ( 'NONE',  ( 6.982962677686265922E-15, -1.000000000000000000, 0.000000000000000000 ) ) ;
#3797 = DIRECTION ( 'NONE',  ( -1.000000000000000000, 0.000000000000000000, 0.000000000000000000 ) ) ;
#3798 = ORIENTED_EDGE ( 'NONE', *, *, #3335, .F. ) ;
#3799 = CYLINDRICAL_SURFACE ( 'NONE', #3245, 5.750000000000000888 ) ;
#3800 = ADVANCED_FACE ( 'NONE', ( #5281 ), #3780, .F. ) ;
#3801 = LINE ( 'NONE', #127, #1356 ) ;
#3802 = CARTESIAN_POINT ( 'NONE',  ( 0.000000000000000000, -44.59655121145936363, 0.000000000000000000 ) ) ;
#3803 = ORIENTED_EDGE ( 'NONE', *, *, #3341, .F. ) ;
#3804 = CARTESIAN_POINT ( 'NONE',  ( 25.99999999999998224, -1.000000000000007772, 50.40000000000001279 ) ) ;
#3805 = CARTESIAN_POINT ( 'NONE',  ( 25.99999999999998934, 10.70000000000000107, 50.40000000000001279 ) ) ;
#3806 = VECTOR ( 'NONE', #8595, 1000.000000000000000 ) ;
#3807 = ORIENTED_EDGE ( 'NONE', *, *, #1240, .T. ) ;
#3808 = DIRECTION ( 'NONE',  ( -0.000000000000000000, 1.000000000000000000, -0.000000000000000000 ) ) ;
#3809 = EDGE_LOOP ( 'NONE', ( #6415, #1266, #1106, #2563 ) ) ;
#3810 = CARTESIAN_POINT ( 'NONE',  ( -4.929826503170779084, 25.99999999999996803, -33.80644963494063404 ) ) ;
#3811 = EDGE_CURVE ( 'NONE', #4676, #3812, #100, .T. ) ;
#3812 = VERTEX_POINT ( 'NONE', #7496 ) ;
#3813 = CYLINDRICAL_SURFACE ( 'NONE', #4481, 11.29999999999999893 ) ;
#3814 = ADVANCED_FACE ( 'NONE', ( #6181 ), #1609, .F. ) ;
#3815 = ADVANCED_FACE ( 'NONE', ( #1652 ), #1748, .F. ) ;
#3816 = VECTOR ( 'NONE', #2415, 1000.000000000000000 ) ;
#3817 = CARTESIAN_POINT ( 'NONE',  ( -59.99999999999976552, -4.163336342344337027E-13, 9.999999999999984013 ) ) ;
#3818 = ORIENTED_EDGE ( 'NONE', *, *, #9189, .F. ) ;
#3819 = DIRECTION ( 'NONE',  ( 0.000000000000000000, 0.000000000000000000, -1.000000000000000000 ) ) ;
#3820 = LINE ( 'NONE', #1744, #6180 ) ;
#3821 = ORIENTED_EDGE ( 'NONE', *, *, #1027, .F. ) ;
#3822 = CARTESIAN_POINT ( 'NONE',  ( -1.816668578551834344E-13, 26.00000000000000355, -2.051038353574630974E-29 ) ) ;
#3823 = CIRCLE ( 'NONE', #8761, 14.59666057699502240 ) ;
#3824 = AXIS2_PLACEMENT_3D ( 'NONE', #8374, #5530, #4662 ) ;
#3825 = CARTESIAN_POINT ( 'NONE',  ( -6.502183067440221009, 113.0181803158005209, 19.00000000000001421 ) ) ;
#3826 = AXIS2_PLACEMENT_3D ( 'NONE', #761, #1438, #7474 ) ;
#3827 = AXIS2_PLACEMENT_3D ( 'NONE', #3429, #1982, #7876 ) ;
#3828 = CARTESIAN_POINT ( 'NONE',  ( 9.482088377567617243, 11.00000000000006928, 1.499999999999999112 ) ) ;
#3829 = FACE_OUTER_BOUND ( 'NONE', #336, .T. ) ;
#3830 = VERTEX_POINT ( 'NONE', #6911 ) ;
#3831 = AXIS2_PLACEMENT_3D ( 'NONE', #5073, #2078, #7972 ) ;
#3832 = CARTESIAN_POINT ( 'NONE',  ( 8.100000000000292744, 28.59999999999991971, 31.00000000000000000 ) ) ;
#3833 = CIRCLE ( 'NONE', #5070, 14.59666057699502240 ) ;
#3834 = DIRECTION ( 'NONE',  ( 0.000000000000000000, 1.000000000000000000, -0.000000000000000000 ) ) ;
#3835 = VECTOR ( 'NONE', #3603, 1000.000000000000000 ) ;
#3836 = VERTEX_POINT ( 'NONE', #4787 ) ;
#3837 = FACE_OUTER_BOUND ( 'NONE', #4588, .T. ) ;
#3838 = CIRCLE ( 'NONE', #904, 5.750000000000002665 ) ;
#3839 = VECTOR ( 'NONE', #5767, 1000.000000000000000 ) ;
#3840 = VERTEX_POINT ( 'NONE', #4882 ) ;
#3841 = EDGE_CURVE ( 'NONE', #7695, #1624, #7845, .T. ) ;
#3842 = FACE_OUTER_BOUND ( 'NONE', #2768, .T. ) ;
#3843 = DIRECTION ( 'NONE',  ( 0.000000000000000000, 0.000000000000000000, 1.000000000000000000 ) ) ;
#3844 = EDGE_CURVE ( 'NONE', #9450, #4322, #7679, .T. ) ;
#3845 = DIRECTION ( 'NONE',  ( 0.000000000000000000, 0.000000000000000000, -1.000000000000000000 ) ) ;
#3846 = CARTESIAN_POINT ( 'NONE',  ( 22.99999999999999289, 6.700000000000000178, 18.99999999999999645 ) ) ;
#3847 = AXIS2_PLACEMENT_3D ( 'NONE', #8612, #4693, #7637 ) ;
#3848 = EDGE_LOOP ( 'NONE', ( #7735, #7347 ) ) ;
#3849 = CARTESIAN_POINT ( 'NONE',  ( -1.816668578551834344E-13, 26.00000000000000355, 1.299999999999997824 ) ) ;
#3850 = LINE ( 'NONE', #4569, #5872 ) ;
#3851 = CARTESIAN_POINT ( 'NONE',  ( 6.400000000000293454, 28.59999999999991971, -32.50000000000000000 ) ) ;
#3852 = CARTESIAN_POINT ( 'NONE',  ( -1.816668578551834344E-13, 26.00000000000000355, -2.051038353574630974E-29 ) ) ;
#3853 = ORIENTED_EDGE ( 'NONE', *, *, #1400, .F. ) ;
#3854 = MECHANICAL_DESIGN_GEOMETRIC_PRESENTATION_REPRESENTATION (  '', ( #7555 ), #2160 ) ;
#3855 = CARTESIAN_POINT ( 'NONE',  ( -2.793185071074506684E-13, 43.00000000000000000, -32.50000000000000000 ) ) ;
#3856 = CARTESIAN_POINT ( 'NONE',  ( -6.502183067440221009, 113.0181803158005209, -19.00000000000001421 ) ) ;
#3857 = EDGE_CURVE ( 'NONE', #617, #3407, #41, .T. ) ;
#3858 = ORIENTED_EDGE ( 'NONE', *, *, #7502, .T. ) ;
#3859 = VERTEX_POINT ( 'NONE', #4732 ) ;
#3860 = VECTOR ( 'NONE', #4523, 999.9999999999998863 ) ;
#3861 = DIRECTION ( 'NONE',  ( 0.000000000000000000, 0.000000000000000000, 1.000000000000000000 ) ) ;
#3862 = VECTOR ( 'NONE', #321, 1000.000000000000000 ) ;
#3863 = CARTESIAN_POINT ( 'NONE',  ( -73.14687499999979536, 2.999999999999492850, -4.812450283834122544 ) ) ;
#3864 = CARTESIAN_POINT ( 'NONE',  ( -11.27017349682976644, 25.99999999999992539, -34.00000000000000000 ) ) ;
#3865 = VECTOR ( 'NONE', #7328, 1000.000000000000000 ) ;
#3866 = ORIENTED_EDGE ( 'NONE', *, *, #8432, .F. ) ;
#3867 = DIRECTION ( 'NONE',  ( 0.000000000000000000, 0.000000000000000000, -1.000000000000000000 ) ) ;
#3868 = SURFACE_STYLE_USAGE ( .BOTH. , #7542 ) ;
#3869 = ORIENTED_EDGE ( 'NONE', *, *, #2182, .T. ) ;
#3870 = CARTESIAN_POINT ( 'NONE',  ( 15.00000000000023270, 1.075528555105620399E-13, 39.00000000000002132 ) ) ;
#3871 = EDGE_CURVE ( 'NONE', #2745, #1778, #1390, .T. ) ;
#3872 = AXIS2_PLACEMENT_3D ( 'NONE', #233, #7493, #51 ) ;
#3873 = CARTESIAN_POINT ( 'NONE',  ( -11.27017349682976466, 25.99999999999992184, -32.50000000000000000 ) ) ;
#3874 = CARTESIAN_POINT ( 'NONE',  ( -60.00000000000000000, 4.000000000000000000, 11.75000000000010658 ) ) ;
#3875 = DIRECTION ( 'NONE',  ( 1.000000000000000000, 0.000000000000000000, 0.000000000000000000 ) ) ;
#3876 = ORIENTED_EDGE ( 'NONE', *, *, #2589, .T. ) ;
#3877 = EDGE_CURVE ( 'NONE', #841, #839, #3607, .T. ) ;
#3878 = DIRECTION ( 'NONE',  ( 0.8923787451257834125, 6.231447471573851243E-15, -0.4512872425049613834 ) ) ;
#3879 = AXIS2_PLACEMENT_3D ( 'NONE', #11, #8676, #7218 ) ;
#3880 = AXIS2_PLACEMENT_3D ( 'NONE', #1990, #7829, #281 ) ;
#3881 = DIRECTION ( 'NONE',  ( -6.982962677686266711E-15, 1.000000000000000000, 0.000000000000000000 ) ) ;
#3882 = ORIENTED_EDGE ( 'NONE', *, *, #2204, .T. ) ;
#3883 = LINE ( 'NONE', #202, #5970 ) ;
#3884 = ORIENTED_EDGE ( 'NONE', *, *, #9454, .T. ) ;
#3885 = VECTOR ( 'NONE', #1749, 1000.000000000000000 ) ;
#3886 = LINE ( 'NONE', #7646, #6561 ) ;
#3887 = CARTESIAN_POINT ( 'NONE',  ( -21.49999999999999289, 48.80255095400651300, 34.00000000000000000 ) ) ;
#3888 = FACE_OUTER_BOUND ( 'NONE', #4209, .T. ) ;
#3889 = FACE_OUTER_BOUND ( 'NONE', #993, .T. ) ;
#3890 = EDGE_LOOP ( 'NONE', ( #9424, #3551, #6291, #8645 ) ) ;
#3891 = DIRECTION ( 'NONE',  ( -1.000000000000000000, -6.802837160693364202E-15, 0.000000000000000000 ) ) ;
#3892 = EDGE_CURVE ( 'NONE', #9569, #3424, #6959, .T. ) ;
#3893 = DIRECTION ( 'NONE',  ( -1.000000000000000000, -6.982962677686267499E-15, 0.000000000000000000 ) ) ;
#3894 = CARTESIAN_POINT ( 'NONE',  ( -69.99999999999977263, -4.857225732735060874E-13, 1.749999999999979572 ) ) ;
#3895 = CARTESIAN_POINT ( 'NONE',  ( 25.20000000000003482, 9.899999999999993250, 19.00000000000000355 ) ) ;
#3896 = EDGE_LOOP ( 'NONE', ( #7274, #2072, #8658, #7624 ) ) ;
#3897 = DIRECTION ( 'NONE',  ( 0.000000000000000000, 0.000000000000000000, 1.000000000000000000 ) ) ;
#3898 = CARTESIAN_POINT ( 'NONE',  ( 25.00000000000023093, 1.769417945496343236E-13, 39.00000000000002132 ) ) ;
#3899 = ORIENTED_EDGE ( 'NONE', *, *, #9406, .F. ) ;
#3900 = ORIENTED_EDGE ( 'NONE', *, *, #1953, .F. ) ;
#3901 = LINE ( 'NONE', #6261, #8191 ) ;
#3902 = ADVANCED_FACE ( 'NONE', ( #7737 ), #1940, .F. ) ;
#3903 = EDGE_CURVE ( 'NONE', #3997, #3457, #1671, .T. ) ;
#3904 = CARTESIAN_POINT ( 'NONE',  ( -25.19999999999997797, 9.900000000000000355, 18.99999999999991118 ) ) ;
#3905 = CARTESIAN_POINT ( 'NONE',  ( -59.99999999999976552, -4.163336342344337027E-13, -5.000000000000015099 ) ) ;
#3906 = ORIENTED_EDGE ( 'NONE', *, *, #6428, .F. ) ;
#3907 = DIRECTION ( 'NONE',  ( -0.000000000000000000, -1.000000000000000000, -0.000000000000000000 ) ) ;
#3908 = ORIENTED_EDGE ( 'NONE', *, *, #1097, .F. ) ;
#3909 = DIRECTION ( 'NONE',  ( -5.508586259044130096E-45, 7.888609052210118054E-31, 1.000000000000000000 ) ) ;
#3910 = VERTEX_POINT ( 'NONE', #2116 ) ;
#3911 = CARTESIAN_POINT ( 'NONE',  ( -69.99999999999998579, 3.000000000000000000, -1.749999999999996891 ) ) ;
#3912 = EDGE_CURVE ( 'NONE', #6259, #8852, #7380, .T. ) ;
#3913 = DIRECTION ( 'NONE',  ( -0.000000000000000000, -1.000000000000000000, -0.000000000000000000 ) ) ;
#3914 = CARTESIAN_POINT ( 'NONE',  ( 58.45845530899437392, -14.21836078075890875, 5.458336687847006097 ) ) ;
#3915 = CARTESIAN_POINT ( 'NONE',  ( 30.00000000000000000, -33.00000000000000000, 0.000000000000000000 ) ) ;
#3916 = ORIENTED_EDGE ( 'NONE', *, *, #4327, .T. ) ;
#3917 = CARTESIAN_POINT ( 'NONE',  ( -8.100000000000289191, 28.59999999999991616, 34.00000000000000000 ) ) ;
#3918 = FACE_OUTER_BOUND ( 'NONE', #4365, .T. ) ;
#3919 = VERTEX_POINT ( 'NONE', #2556 ) ;
#3920 = CARTESIAN_POINT ( 'NONE',  ( -2.897929511239801316E-13, 44.50000000000000711, -32.50000000000000000 ) ) ;
#3921 = EDGE_CURVE ( 'NONE', #7179, #7160, #6328, .T. ) ;
#3922 = ORIENTED_EDGE ( 'NONE', *, *, #8152, .T. ) ;
#3923 = CARTESIAN_POINT ( 'NONE',  ( 60.00000000000000000, 4.000000000000000000, 9.999999999999984013 ) ) ;
#3924 = DIRECTION ( 'NONE',  ( 0.000000000000000000, 0.000000000000000000, 1.000000000000000000 ) ) ;
#3925 = DIRECTION ( 'NONE',  ( 0.000000000000000000, 0.000000000000000000, 1.000000000000000000 ) ) ;
#3926 = DIRECTION ( 'NONE',  ( -0.000000000000000000, 1.000000000000000000, -0.000000000000000000 ) ) ;
#3927 = ADVANCED_FACE ( 'NONE', ( #3284 ), #3437, .F. ) ;
#3928 = EDGE_CURVE ( 'NONE', #1976, #5056, #2743, .T. ) ;
#3929 = ORIENTED_EDGE ( 'NONE', *, *, #7046, .F. ) ;
#3930 = AXIS2_PLACEMENT_3D ( 'NONE', #4613, #4702, #2478 ) ;
#3931 = LINE ( 'NONE', #2577, #117 ) ;
#3932 = DIRECTION ( 'NONE',  ( 0.000000000000000000, 0.000000000000000000, 1.000000000000000000 ) ) ;
#3933 = DIRECTION ( 'NONE',  ( 6.982962677686266711E-15, -1.000000000000000000, 0.000000000000000000 ) ) ;
#3934 = CARTESIAN_POINT ( 'NONE',  ( 30.00000000000000000, -33.00000000000000000, 1.000000000000001554 ) ) ;
#3935 = VERTEX_POINT ( 'NONE', #9284 ) ;
#3936 = AXIS2_PLACEMENT_3D ( 'NONE', #4379, #5917, #1473 ) ;
#3937 = CARTESIAN_POINT ( 'NONE',  ( -59.99999999999976552, -4.163336342344337027E-13, 9.999999999999984013 ) ) ;
#3938 = DIRECTION ( 'NONE',  ( 0.000000000000000000, -0.000000000000000000, 1.000000000000000000 ) ) ;
#3939 = DIRECTION ( 'NONE',  ( -0.000000000000000000, 1.000000000000000000, -0.000000000000000000 ) ) ;
#3940 = ORIENTED_EDGE ( 'NONE', *, *, #7775, .T. ) ;
#3941 = ORIENTED_EDGE ( 'NONE', *, *, #5156, .F. ) ;
#3942 = DIRECTION ( 'NONE',  ( 6.982962677686266711E-15, -1.000000000000000000, 0.000000000000000000 ) ) ;
#3943 = ORIENTED_EDGE ( 'NONE', *, *, #4287, .F. ) ;
#3944 = EDGE_CURVE ( 'NONE', #5956, #3272, #8302, .T. ) ;
#3945 = ADVANCED_FACE ( 'NONE', ( #1156 ), #6227, .T. ) ;
#3946 = AXIS2_PLACEMENT_3D ( 'NONE', #7193, #4050, #7148 ) ;
#3947 = DIRECTION ( 'NONE',  ( 0.000000000000000000, 0.000000000000000000, -1.000000000000000000 ) ) ;
#3948 = DIRECTION ( 'NONE',  ( -1.000000000000000000, -6.982962677686266711E-15, -2.041375437649193008E-15 ) ) ;
#3949 = VERTEX_POINT ( 'NONE', #9508 ) ;
#3950 = VECTOR ( 'NONE', #8860, 1000.000000000000000 ) ;
#3951 = LINE ( 'NONE', #1200, #5372 ) ;
#3952 = VERTEX_POINT ( 'NONE', #5782 ) ;
#3953 = EDGE_CURVE ( 'NONE', #8712, #6214, #8734, .T. ) ;
#3954 = FACE_OUTER_BOUND ( 'NONE', #3489, .T. ) ;
#3955 = ORIENTED_EDGE ( 'NONE', *, *, #7192, .F. ) ;
#3956 = EDGE_CURVE ( 'NONE', #2010, #9129, #6552, .T. ) ;
#3957 = VECTOR ( 'NONE', #1506, 1000.000000000000000 ) ;
#3958 = ORIENTED_EDGE ( 'NONE', *, *, #2352, .F. ) ;
#3959 = DIRECTION ( 'NONE',  ( 3.435095992033280975E-16, 1.000000000000000000, -0.000000000000000000 ) ) ;
#3960 = CARTESIAN_POINT ( 'NONE',  ( -8.100000000000289191, 28.59999999999991616, 34.00000000000000000 ) ) ;
#3961 = PLANE ( 'NONE',  #2039 ) ;
#3962 = EDGE_LOOP ( 'NONE', ( #5350, #8341, #7157, #4314, #7246 ) ) ;
#3963 = PLANE ( 'NONE',  #3356 ) ;
#3964 = EDGE_CURVE ( 'NONE', #413, #5007, #6797, .T. ) ;
#3965 = PLANE ( 'NONE',  #8465 ) ;
#3966 = ORIENTED_EDGE ( 'NONE', *, *, #6224, .F. ) ;
#3967 = CIRCLE ( 'NONE', #5357, 1.750000000000003331 ) ;
#3968 = AXIS2_PLACEMENT_3D ( 'NONE', #8270, #6721, #8313 ) ;
#3969 = EDGE_CURVE ( 'NONE', #2218, #3840, #2259, .T. ) ;
#3970 = VERTEX_POINT ( 'NONE', #7520 ) ;
#3971 = ORIENTED_EDGE ( 'NONE', *, *, #3956, .T. ) ;
#3972 = DIRECTION ( 'NONE',  ( 0.000000000000000000, 0.000000000000000000, 1.000000000000000000 ) ) ;
#3973 = DIRECTION ( 'NONE',  ( -1.000000000000000000, -6.938893903907226800E-15, 0.000000000000000000 ) ) ;
#3974 = CIRCLE ( 'NONE', #6285, 4.100000000000002309 ) ;
#3975 = PLANE ( 'NONE',  #3476 ) ;
#3976 = CARTESIAN_POINT ( 'NONE',  ( 6.400000000000292566, 28.59999999999991971, -32.50000000000000000 ) ) ;
#3977 = VECTOR ( 'NONE', #6937, 1000.000000000000000 ) ;
#3978 = CIRCLE ( 'NONE', #9388, 6.099999999999999645 ) ;
#3979 = FACE_BOUND ( 'NONE', #2847, .T. ) ;
#3980 = ORIENTED_EDGE ( 'NONE', *, *, #8906, .T. ) ;
#3981 = DIRECTION ( 'NONE',  ( 1.000000000000000000, 6.987186840583977580E-15, 0.000000000000000000 ) ) ;
#3983 = VECTOR ( 'NONE', #7402, 1000.000000000000000 ) ;
#3982 = CARTESIAN_POINT ( 'NONE',  ( 15.00000000000023270, 1.075528555105620399E-13, 49.00000000000001421 ) ) ;
#3984 = ORIENTED_EDGE ( 'NONE', *, *, #2468, .F. ) ;
#3985 = EDGE_CURVE ( 'NONE', #1778, #2161, #8158, .T. ) ;
#3986 = PLANE ( 'NONE',  #6912 ) ;
#3987 = DIRECTION ( 'NONE',  ( -6.938893903907228378E-16, -4.845403715540893213E-30, -1.000000000000000000 ) ) ;
#3988 = ORIENTED_EDGE ( 'NONE', *, *, #6068, .T. ) ;
#3989 = DIRECTION ( 'NONE',  ( 6.987186840583977580E-15, -1.000000000000000000, 7.888609052210118054E-31 ) ) ;
#3990 = AXIS2_PLACEMENT_3D ( 'NONE', #6583, #2198, #5145 ) ;
#3991 = CARTESIAN_POINT ( 'NONE',  ( -6.999999999999995559, 3.500000000000001332, 50.40000000000001279 ) ) ;
#3992 = DIRECTION ( 'NONE',  ( -6.987186840583977580E-15, 1.000000000000000000, 0.000000000000000000 ) ) ;
#3993 = EDGE_CURVE ( 'NONE', #5956, #412, #2983, .T. ) ;
#3994 = ORIENTED_EDGE ( 'NONE', *, *, #5940, .F. ) ;
#3995 = VERTEX_POINT ( 'NONE', #3851 ) ;
#3996 = FACE_BOUND ( 'NONE', #1684, .T. ) ;
#3997 = VERTEX_POINT ( 'NONE', #1588 ) ;
#3998 = DIRECTION ( 'NONE',  ( 1.000000000000000000, -1.376764663473655970E-16, 1.789794062515752663E-15 ) ) ;
#3999 = AXIS2_PLACEMENT_3D ( 'NONE', #6196, #3251, #3973 ) ;
#4000 = DIRECTION ( 'NONE',  ( 6.982962677686266711E-15, -1.000000000000000000, 0.000000000000000000 ) ) ;
#4001 = ORIENTED_EDGE ( 'NONE', *, *, #6673, .F. ) ;
#4002 = DIRECTION ( 'NONE',  ( -6.982962677686266711E-15, 1.000000000000000000, 0.000000000000000000 ) ) ;
#4003 = ORIENTED_EDGE ( 'NONE', *, *, #7631, .T. ) ;
#4004 = AXIS2_PLACEMENT_3D ( 'NONE', #823, #8947, #3040 ) ;
#4005 = EDGE_CURVE ( 'NONE', #7848, #9008, #8252, .T. ) ;
#4006 = EDGE_CURVE ( 'NONE', #2802, #7105, #7329, .T. ) ;
#4007 = EDGE_LOOP ( 'NONE', ( #6703, #7896, #2285, #804 ) ) ;
#4008 = DIRECTION ( 'NONE',  ( -6.938893903907228378E-16, -4.845403715540893213E-30, 1.000000000000000000 ) ) ;
#4009 = DIRECTION ( 'NONE',  ( 0.000000000000000000, 0.000000000000000000, -1.000000000000000000 ) ) ;
#4010 = CARTESIAN_POINT ( 'NONE',  ( -59.54154469100571845, -4.128641872824800885E-13, 3.316627699545110275 ) ) ;
#4011 = CIRCLE ( 'NONE', #9427, 1.700000000000000178 ) ;
#4012 = ORIENTED_EDGE ( 'NONE', *, *, #6477, .T. ) ;
#4013 = CARTESIAN_POINT ( 'NONE',  ( 3.599999999999836220, 26.00000000000002487, 32.50000000000000000 ) ) ;
#4014 = CYLINDRICAL_SURFACE ( 'NONE', #5572, 1.000000000000000222 ) ;
#4015 = VERTEX_POINT ( 'NONE', #3655 ) ;
#4016 = DIRECTION ( 'NONE',  ( 6.982962677686266711E-15, -1.000000000000000000, 0.000000000000000000 ) ) ;
#4017 = AXIS2_PLACEMENT_3D ( 'NONE', #6883, #9258, #258 ) ;
#4018 = ORIENTED_EDGE ( 'NONE', *, *, #2182, .F. ) ;
#4019 = VERTEX_POINT ( 'NONE', #9559 ) ;
#4020 = ADVANCED_FACE ( 'NONE', ( #1628, #905, #8204 ), #171, .F. ) ;
#4021 = DIRECTION ( 'NONE',  ( -0.000000000000000000, -0.000000000000000000, -1.000000000000000000 ) ) ;
#4022 = CARTESIAN_POINT ( 'NONE',  ( 9.713392816107106142, 24.50000000000007105, -1.299999999999997824 ) ) ;
#4023 = VECTOR ( 'NONE', #254, 1000.000000000000000 ) ;
#4024 = VECTOR ( 'NONE', #2232, 1000.000000000000000 ) ;
#4025 = CARTESIAN_POINT ( 'NONE',  ( 60.00000000000000000, 25.00000000000000000, -1.387778780781445676E-14 ) ) ;
#4026 = CARTESIAN_POINT ( 'NONE',  ( 6.502183067439107234, 113.0181803158006062, 18.99999999999999645 ) ) ;
#4027 = CARTESIAN_POINT ( 'NONE',  ( 11.27017349682989611, 26.00000000000007816, -34.00000000000000000 ) ) ;
#4028 = ORIENTED_EDGE ( 'NONE', *, *, #3871, .F. ) ;
#4029 = LINE ( 'NONE', #4616, #4449 ) ;
#4030 = DIRECTION ( 'NONE',  ( 6.982962677686266711E-15, -1.000000000000000000, -0.000000000000000000 ) ) ;
#4031 = AXIS2_PLACEMENT_3D ( 'NONE', #6297, #4127, #4269 ) ;
#4032 = AXIS2_PLACEMENT_3D ( 'NONE', #7057, #1158, #9286 ) ;
#4033 = ORIENTED_EDGE ( 'NONE', *, *, #6834, .T. ) ;
#4034 = CIRCLE ( 'NONE', #1103, 14.00000000000000178 ) ;
#4035 = EDGE_CURVE ( 'NONE', #5606, #8132, #3515, .T. ) ;
#4036 = LINE ( 'NONE', #1037, #8157 ) ;
#4037 = LINE ( 'NONE', #7912, #9548 ) ;
#4038 = ORIENTED_EDGE ( 'NONE', *, *, #1563, .F. ) ;
#4039 = CARTESIAN_POINT ( 'NONE',  ( -69.99999999999975842, -4.857225732735059864E-13, 1.749999999999979572 ) ) ;
#4040 = LINE ( 'NONE', #6992, #1902 ) ;
#4041 = DIRECTION ( 'NONE',  ( -1.000000000000000000, -6.938893903907226800E-15, 0.000000000000000000 ) ) ;
#4042 = VECTOR ( 'NONE', #1207, 1000.000000000000000 ) ;
#4043 = VECTOR ( 'NONE', #1922, 1000.000000000000000 ) ;
#4044 = ORIENTED_EDGE ( 'NONE', *, *, #2850, .F. ) ;
#4045 = ORIENTED_EDGE ( 'NONE', *, *, #1954, .F. ) ;
#4046 = ADVANCED_FACE ( 'NONE', ( #5925 ), #8878, .F. ) ;
#4047 = DIRECTION ( 'NONE',  ( -5.508586259044130096E-45, 7.888609052210118054E-31, 1.000000000000000000 ) ) ;
#4048 = CIRCLE ( 'NONE', #342, 1.749999999999996891 ) ;
#4049 = EDGE_CURVE ( 'NONE', #1293, #1458, #4435, .T. ) ;
#4050 = DIRECTION ( 'NONE',  ( 6.982962677686266711E-15, -1.000000000000000000, 0.000000000000000000 ) ) ;
#4051 = ORIENTED_EDGE ( 'NONE', *, *, #662, .F. ) ;
#4052 = DIRECTION ( 'NONE',  ( -6.982962677686266711E-15, 1.000000000000000000, 0.000000000000000000 ) ) ;
#4053 = PLANE ( 'NONE',  #7710 ) ;
#4054 = ORIENTED_EDGE ( 'NONE', *, *, #3964, .T. ) ;
#4055 = CARTESIAN_POINT ( 'NONE',  ( -70.44103962761744242, -4.891920202254596006E-13, 8.828640442460647719 ) ) ;
#4056 = ORIENTED_EDGE ( 'NONE', *, *, #5846, .T. ) ;
#4057 = ADVANCED_FACE ( 'NONE', ( #2213 ), #5200, .T. ) ;
#4058 = EDGE_CURVE ( 'NONE', #6852, #839, #3801, .T. ) ;
#4059 = VECTOR ( 'NONE', #7719, 1000.000000000000000 ) ;
#4060 = DIRECTION ( 'NONE',  ( -1.501203008056852198E-16, -1.000000000000000000, -2.604172100283218727E-31 ) ) ;
#4061 = ORIENTED_EDGE ( 'NONE', *, *, #2381, .T. ) ;
#4062 = CARTESIAN_POINT ( 'NONE',  ( -23.00000000000000000, 6.700000000000000178, 18.99999999999999645 ) ) ;
#4063 = DIRECTION ( 'NONE',  ( 0.000000000000000000, 1.000000000000000000, -0.000000000000000000 ) ) ;
#4064 = FACE_OUTER_BOUND ( 'NONE', #4394, .T. ) ;
#4065 = ORIENTED_EDGE ( 'NONE', *, *, #3719, .F. ) ;
#4066 = EDGE_CURVE ( 'NONE', #5056, #5197, #2585, .T. ) ;
#4067 = DIRECTION ( 'NONE',  ( 6.982962677686266711E-15, -1.000000000000000000, 0.000000000000000000 ) ) ;
#4068 = FACE_OUTER_BOUND ( 'NONE', #8467, .T. ) ;
#4069 = ORIENTED_EDGE ( 'NONE', *, *, #4873, .T. ) ;
#4070 = CARTESIAN_POINT ( 'NONE',  ( 26.00000000000003908, 10.69999999999999396, 19.00000000000000355 ) ) ;
#4071 = ORIENTED_EDGE ( 'NONE', *, *, #4617, .T. ) ;
#4072 = ORIENTED_EDGE ( 'NONE', *, *, #8764, .T. ) ;
#4073 = CARTESIAN_POINT ( 'NONE',  ( -4.929826503170777308, 25.99999999999996803, -31.00000000000000000 ) ) ;
#4074 = DIRECTION ( 'NONE',  ( 1.000000000000000000, 0.000000000000000000, 0.000000000000000000 ) ) ;
#4075 = EDGE_CURVE ( 'NONE', #3432, #1562, #1522, .T. ) ;
#4076 = DIRECTION ( 'NONE',  ( 1.000000000000000000, 6.982962677686266711E-15, 6.209932073980642799E-17 ) ) ;
#4077 = DIRECTION ( 'NONE',  ( 6.982962677686266711E-15, -1.000000000000000000, 0.000000000000000000 ) ) ;
#4078 = DIRECTION ( 'NONE',  ( 1.000000000000000000, 6.982962677686266711E-15, -1.040834085586083665E-15 ) ) ;
#4079 = EDGE_LOOP ( 'NONE', ( #8045, #2210, #6192, #6529 ) ) ;
#4080 = CARTESIAN_POINT ( 'NONE',  ( -23.00000000000000000, 6.899999999999999467, 18.99999999999999645 ) ) ;
#4081 = EDGE_CURVE ( 'NONE', #110, #4859, #1351, .T. ) ;
#4082 = CARTESIAN_POINT ( 'NONE',  ( 7.470345474798854293E-16, -20.99999999999999645, 6.099999999999999645 ) ) ;
#4083 = B_SPLINE_CURVE_WITH_KNOTS ( 'NONE', 3,
 ( #5632, #8585, #1970, #4189 ),
 .UNSPECIFIED., .F., .F.,
 ( 4, 4 ),
 ( 0.000000000000000000, 0.0006881903657639145810 ),
 .UNSPECIFIED. ) ;
#4084 = EDGE_CURVE ( 'NONE', #579, #7667, #8455, .T. ) ;
#4085 = ORIENTED_EDGE ( 'NONE', *, *, #5846, .F. ) ;
#4086 = DIRECTION ( 'NONE',  ( 0.000000000000000000, 0.000000000000000000, 1.000000000000000000 ) ) ;
#4087 = DIRECTION ( 'NONE',  ( 0.000000000000000000, 0.000000000000000000, 1.000000000000000000 ) ) ;
#4088 = ORIENTED_EDGE ( 'NONE', *, *, #3621, .T. ) ;
#4089 = DIRECTION ( 'NONE',  ( 1.000000000000000000, 0.000000000000000000, 0.000000000000000000 ) ) ;
#4090 = DIRECTION ( 'NONE',  ( 0.000000000000000000, 0.000000000000000000, 1.000000000000000000 ) ) ;
#4091 = CYLINDRICAL_SURFACE ( 'NONE', #3435, 5.500000000000003553 ) ;
#4092 = EDGE_LOOP ( 'NONE', ( #3324, #1949, #6893, #2489 ) ) ;
#4093 = EDGE_LOOP ( 'NONE', ( #3548, #3669, #2544, #7188 ) ) ;
#4094 = EDGE_CURVE ( 'NONE', #218, #6174, #4036, .T. ) ;
#4095 = CARTESIAN_POINT ( 'NONE',  ( -29.99999999999979039, 2.999999999999794387, 1.000000000000001554 ) ) ;
#4096 = AXIS2_PLACEMENT_3D ( 'NONE', #7953, #4959, #7911 ) ;
#4097 = UNCERTAINTY_MEASURE_WITH_UNIT (LENGTH_MEASURE( 1.000000000000000082E-05 ), #3322, 'distance_accuracy_value', 'NONE');
#4098 = CARTESIAN_POINT ( 'NONE',  ( -8.100000000000289191, 28.59999999999991616, 34.00000000000000000 ) ) ;
#4099 = ORIENTED_EDGE ( 'NONE', *, *, #2255, .T. ) ;
#4100 = CARTESIAN_POINT ( 'NONE',  ( -5.100000000000287415, 44.49999999999997158, -32.50000000000000000 ) ) ;
#4101 = LINE ( 'NONE', #2655, #3389 ) ;
#4102 = AXIS2_PLACEMENT_3D ( 'NONE', #2861, #1462, #2910 ) ;
#4103 = VERTEX_POINT ( 'NONE', #8378 ) ;
#4104 = DIRECTION ( 'NONE',  ( 0.000000000000000000, 0.000000000000000000, -1.000000000000000000 ) ) ;
#4105 = ORIENTED_EDGE ( 'NONE', *, *, #4469, .T. ) ;
#4106 = EDGE_CURVE ( 'NONE', #841, #1458, #126, .T. ) ;
#4107 = CARTESIAN_POINT ( 'NONE',  ( 6.999999999999993783, 0.000000000000000000, 49.20000000000001705 ) ) ;
#4108 = EDGE_LOOP ( 'NONE', ( #7311, #4230, #5272, #3073, #8605 ) ) ;
#4109 = VECTOR ( 'NONE', #6117, 1000.000000000000000 ) ;
#4110 = DIRECTION ( 'NONE',  ( 0.000000000000000000, 0.000000000000000000, 1.000000000000000000 ) ) ;
#4111 = EDGE_CURVE ( 'NONE', #8869, #8035, #4710, .T. ) ;
#4112 = EDGE_CURVE ( 'NONE', #8751, #6214, #5682, .T. ) ;
#4113 = CARTESIAN_POINT ( 'NONE',  ( 4.874423042781412363, 26.06906078835168472, 31.00000000000000000 ) ) ;
#4114 = CARTESIAN_POINT ( 'NONE',  ( 6.502183067439896824, 4.857225732735059864E-14, -14.00000000000000888 ) ) ;
#4115 = ORIENTED_EDGE ( 'NONE', *, *, #284, .T. ) ;
#4116 = CARTESIAN_POINT ( 'NONE',  ( -6.502183067439429642, -4.163336342344337027E-14, -14.00000000000000888 ) ) ;
#4117 = AXIS2_PLACEMENT_3D ( 'NONE', #7847, #1218, #7121 ) ;
#4118 = FACE_OUTER_BOUND ( 'NONE', #5779, .T. ) ;
#4119 = EDGE_LOOP ( 'NONE', ( #5613, #2043 ) ) ;
#4120 = AXIS2_PLACEMENT_3D ( 'NONE', #6783, #2425, #6191 ) ;
#4121 = CARTESIAN_POINT ( 'NONE',  ( 69.99999999999998579, 4.000000000000000000, -1.713039432527097006E-14 ) ) ;
#4122 = ORIENTED_EDGE ( 'NONE', *, *, #9488, .F. ) ;
#4123 = VERTEX_POINT ( 'NONE', #1724 ) ;
#4124 = DIRECTION ( 'NONE',  ( 0.000000000000000000, -0.000000000000000000, 1.000000000000000000 ) ) ;
#4125 = CARTESIAN_POINT ( 'NONE',  ( -1.000000000000279554, 43.00000000000000000, -32.50000000000000000 ) ) ;
#4126 = CARTESIAN_POINT ( 'NONE',  ( -3.295974604355922751E-14, 6.899999999999999467, 18.99999999999995737 ) ) ;
#4127 = DIRECTION ( 'NONE',  ( 0.000000000000000000, 0.000000000000000000, -1.000000000000000000 ) ) ;
#4128 = AXIS2_PLACEMENT_3D ( 'NONE', #4957, #1963, #6350 ) ;
#4129 = CARTESIAN_POINT ( 'NONE',  ( 21.50000000000000000, -1.000000000000007105, 34.00000000000000000 ) ) ;
#4130 = VERTEX_POINT ( 'NONE', #3894 ) ;
#4131 = CYLINDRICAL_SURFACE ( 'NONE', #4908, 1.000000000000001554 ) ;
#4132 = DIRECTION ( 'NONE',  ( -0.000000000000000000, -1.000000000000000000, -0.000000000000000000 ) ) ;
#4133 = ADVANCED_FACE ( 'NONE', ( #9204 ), #3986, .F. ) ;
#4134 = EDGE_CURVE ( 'NONE', #4416, #4193, #9020, .T. ) ;
#4135 = AXIS2_PLACEMENT_3D ( 'NONE', #9183, #2615, #6186 ) ;
#4136 = ORIENTED_EDGE ( 'NONE', *, *, #9403, .F. ) ;
#4137 = CIRCLE ( 'NONE', #5214, 5.099999999999997868 ) ;
#4138 = DIRECTION ( 'NONE',  ( 1.000000000000000000, 6.987186840583977580E-15, 0.000000000000000000 ) ) ;
#4139 = DIRECTION ( 'NONE',  ( 0.000000000000000000, 0.000000000000000000, 1.000000000000000000 ) ) ;
#4140 = EDGE_LOOP ( 'NONE', ( #4974, #2913 ) ) ;
#4141 = LINE ( 'NONE', #4817, #6828 ) ;
#4142 = VECTOR ( 'NONE', #711, 1000.000000000000000 ) ;
#4143 = CIRCLE ( 'NONE', #4914, 10.00000000000000178 ) ;
#4144 = FACE_OUTER_BOUND ( 'NONE', #5731, .T. ) ;
#4145 = DIRECTION ( 'NONE',  ( -1.000000000000000000, -7.061706185392312380E-15, 0.000000000000000000 ) ) ;
#4146 = VECTOR ( 'NONE', #4876, 1000.000000000000000 ) ;
#4147 = VERTEX_POINT ( 'NONE', #4814 ) ;
#4148 = VERTEX_POINT ( 'NONE', #5481 ) ;
#4149 = DIRECTION ( 'NONE',  ( 0.000000000000000000, 0.000000000000000000, 1.000000000000000000 ) ) ;
#4150 = EDGE_CURVE ( 'NONE', #1617, #1215, #9158, .T. ) ;
#4151 = DIRECTION ( 'NONE',  ( 6.982962677686266711E-15, -1.000000000000000000, 0.000000000000000000 ) ) ;
#4152 = VECTOR ( 'NONE', #7271, 1000.000000000000114 ) ;
#4153 = ORIENTED_EDGE ( 'NONE', *, *, #4094, .T. ) ;
#4154 = EDGE_CURVE ( 'NONE', #3034, #7039, #8929, .T. ) ;
#4155 = CARTESIAN_POINT ( 'NONE',  ( -1.711924138386540470E-13, 24.50000000000000000, 32.50000000000000000 ) ) ;
#4156 = ORIENTED_EDGE ( 'NONE', *, *, #4035, .T. ) ;
#4157 = FACE_OUTER_BOUND ( 'NONE', #4640, .T. ) ;
#4158 = ORIENTED_EDGE ( 'NONE', *, *, #7066, .F. ) ;
#4159 = FACE_BOUND ( 'NONE', #5704, .T. ) ;
#4160 = EDGE_LOOP ( 'NONE', ( #2385, #8520, #6190, #422 ) ) ;
#4161 = DIRECTION ( 'NONE',  ( -1.000000000000000000, -6.982962677686266711E-15, -8.102884476381694471E-61 ) ) ;
#4162 = CARTESIAN_POINT ( 'NONE',  ( -25.20000000000003482, -0.2000000000000000111, 49.20000000000001705 ) ) ;
#4163 = CARTESIAN_POINT ( 'NONE',  ( -25.19999999999997797, 9.900000000000000355, 18.99999999999991118 ) ) ;
#4164 = VERTEX_POINT ( 'NONE', #1678 ) ;
#4165 = EDGE_LOOP ( 'NONE', ( #33, #4939, #3239, #2058 ) ) ;
#4166 = DIRECTION ( 'NONE',  ( -0.000000000000000000, 1.000000000000000000, -0.000000000000000000 ) ) ;
#4167 = CARTESIAN_POINT ( 'NONE',  ( 60.00000000000000000, 3.000000000000000000, 9.999999999999984013 ) ) ;
#4168 = ORIENTED_EDGE ( 'NONE', *, *, #184, .F. ) ;
#4169 = EDGE_CURVE ( 'NONE', #2079, #6176, #7764, .T. ) ;
#4170 = VECTOR ( 'NONE', #3115, 1000.000000000000000 ) ;
#4171 = CYLINDRICAL_SURFACE ( 'NONE', #1026, 4.099999999999997868 ) ;
#4172 = VERTEX_POINT ( 'NONE', #1817 ) ;
#4173 = EDGE_LOOP ( 'NONE', ( #178, #7639, #6417, #4233, #2860, #4686, #3594, #1870 ) ) ;
#4174 = DIRECTION ( 'NONE',  ( 1.000000000000000000, 6.802837160693364202E-15, 0.000000000000000000 ) ) ;
#4175 = CARTESIAN_POINT ( 'NONE',  ( -6.400000000000289013, 28.59999999999991616, -32.50000000000000000 ) ) ;
#4176 = ADVANCED_FACE ( 'NONE', ( #8424 ), #5534, .F. ) ;
#4177 = CARTESIAN_POINT ( 'NONE',  ( 25.19999999999998863, 3.000000000000000000, -2.914335439641033158E-15 ) ) ;
#4178 = CARTESIAN_POINT ( 'NONE',  ( 60.00000000000020606, 4.232725281383408301E-13, -15.75000000000000355 ) ) ;
#4179 = CIRCLE ( 'NONE', #6173, 8.500000000000000000 ) ;
#4180 = FACE_OUTER_BOUND ( 'NONE', #2033, .T. ) ;
#4181 = ORIENTED_EDGE ( 'NONE', *, *, #1739, .F. ) ;
#4182 = CARTESIAN_POINT ( 'NONE',  ( 5.080129500197919867, 31.37374796064650795, 31.98345829306468957 ) ) ;
#4183 = LINE ( 'NONE', #3456, #5984 ) ;
#4184 = ORIENTED_EDGE ( 'NONE', *, *, #1928, .T. ) ;
#4185 = DIRECTION ( 'NONE',  ( 0.000000000000000000, 0.000000000000000000, 1.000000000000000000 ) ) ;
#4186 = DIRECTION ( 'NONE',  ( 0.000000000000000000, 1.000000000000000000, -7.888609052210118054E-31 ) ) ;
#4187 = CIRCLE ( 'NONE', #7575, 4.500000000000004441 ) ;
#4188 = EDGE_LOOP ( 'NONE', ( #1300, #1825 ) ) ;
#4189 = CARTESIAN_POINT ( 'NONE',  ( -11.19999999999993712, 25.91671842699976480, -34.00000000000000000 ) ) ;
#4190 = LINE ( 'NONE', #4915, #4059 ) ;
#4191 = LINE ( 'NONE', #558, #2971 ) ;
#4192 = EDGE_CURVE ( 'NONE', #4406, #2233, #5075, .T. ) ;
#4193 = VERTEX_POINT ( 'NONE', #4620 ) ;
#4194 = EDGE_LOOP ( 'NONE', ( #880, #8858, #649, #7771 ) ) ;
#4195 = CARTESIAN_POINT ( 'NONE',  ( -60.00000000000000000, 4.000000000000000000, 8.249999999999895195 ) ) ;
#4196 = CIRCLE ( 'NONE', #23, 1.749999999999996891 ) ;
#4197 = LINE ( 'NONE', #7725, #5041 ) ;
#4198 = ORIENTED_EDGE ( 'NONE', *, *, #8547, .F. ) ;
#4199 = CIRCLE ( 'NONE', #27, 4.100000000000002309 ) ;
#4200 = VECTOR ( 'NONE', #4400, 1000.000000000000000 ) ;
#4201 = FACE_OUTER_BOUND ( 'NONE', #4907, .T. ) ;
#4202 = ORIENTED_EDGE ( 'NONE', *, *, #8153, .T. ) ;
#4203 = CARTESIAN_POINT ( 'NONE',  ( 30.00000000000021672, 2.081668171172167756E-13, -1.000000000000001554 ) ) ;
#4204 = EDGE_LOOP ( 'NONE', ( #4212, #6332, #282, #623, #5840, #6165, #4061, #1461, #5344, #3882, #7826, #156 ) ) ;
#4205 = DIRECTION ( 'NONE',  ( 0.000000000000000000, 0.000000000000000000, -1.000000000000000000 ) ) ;
#4206 = ADVANCED_FACE ( 'NONE', ( #2441 ), #2533, .T. ) ;
#4207 = AXIS2_PLACEMENT_3D ( 'NONE', #6547, #8008, #25 ) ;
#4208 = EDGE_CURVE ( 'NONE', #4130, #4812, #3205, .T. ) ;
#4209 = EDGE_LOOP ( 'NONE', ( #9203, #483, #6688, #1341 ) ) ;
#4210 = PLANE ( 'NONE',  #7588 ) ;
#4211 = CARTESIAN_POINT ( 'NONE',  ( -69.99999999999998579, 4.000000000000000000, 1.749999999999996891 ) ) ;
#4212 = ORIENTED_EDGE ( 'NONE', *, *, #8168, .F. ) ;
#4213 = VERTEX_POINT ( 'NONE', #8292 ) ;
#4214 = CARTESIAN_POINT ( 'NONE',  ( -5.100000000000196820, 31.39463772249624540, 32.76066172189990056 ) ) ;
#4215 = CARTESIAN_POINT ( 'NONE',  ( 13.00000000000022560, 9.367506770274758310E-14, 34.00000000000000000 ) ) ;
#4216 = VERTEX_POINT ( 'NONE', #3306 ) ;
#4217 = ADVANCED_FACE ( 'NONE', ( #2487 ), #6885, .T. ) ;
#4218 = CARTESIAN_POINT ( 'NONE',  ( -11.27017349682976644, 25.99999999999992539, 34.00000000000000000 ) ) ;
#4219 = ORIENTED_EDGE ( 'NONE', *, *, #5939, .F. ) ;
#4220 = ORIENTED_EDGE ( 'NONE', *, *, #8599, .F. ) ;
#4221 = DIRECTION ( 'NONE',  ( 6.982962677686266711E-15, -1.000000000000000000, 0.000000000000000000 ) ) ;
#4222 = DIRECTION ( 'NONE',  ( 1.000000000000000000, 6.987186840583977580E-15, 0.000000000000000000 ) ) ;
#4223 = DIRECTION ( 'NONE',  ( 0.000000000000000000, 0.000000000000000000, -1.000000000000000000 ) ) ;
#4224 = CARTESIAN_POINT ( 'NONE',  ( -60.99999999999971578, -8.000000000000422773, -5.000000000000014211 ) ) ;
#4225 = PLANE ( 'NONE',  #8935 ) ;
#4226 = ORIENTED_EDGE ( 'NONE', *, *, #8666, .T. ) ;
#4227 = DIRECTION ( 'NONE',  ( 1.000000000000000000, 6.982962677686266711E-15, 0.000000000000000000 ) ) ;
#4228 = EDGE_CURVE ( 'NONE', #7942, #1938, #3298, .T. ) ;
#4229 = DIRECTION ( 'NONE',  ( 6.982962677686265922E-15, -1.000000000000000000, 0.000000000000000000 ) ) ;
#4230 = ORIENTED_EDGE ( 'NONE', *, *, #7460, .T. ) ;
#4231 = CARTESIAN_POINT ( 'NONE',  ( -4.874423042781734772, 26.06906078835126550, 31.00000000000000000 ) ) ;
#4232 = LINE ( 'NONE', #7715, #5834 ) ;
#4233 = ORIENTED_EDGE ( 'NONE', *, *, #7619, .F. ) ;
#4234 = EDGE_CURVE ( 'NONE', #6081, #6852, #991, .T. ) ;
#4235 = CARTESIAN_POINT ( 'NONE',  ( 60.00000000000000000, 26.00000000000000355, -1.387778780781445676E-14 ) ) ;
#4236 = EDGE_CURVE ( 'NONE', #744, #2651, #5527, .T. ) ;
#4237 = DIRECTION ( 'NONE',  ( 0.000000000000000000, 0.000000000000000000, -1.000000000000000000 ) ) ;
#4238 = DIRECTION ( 'NONE',  ( 6.982962677686266711E-15, -1.000000000000000000, -0.000000000000000000 ) ) ;
#4239 = ORIENTED_EDGE ( 'NONE', *, *, #3903, .T. ) ;
#4240 = ORIENTED_EDGE ( 'NONE', *, *, #2351, .F. ) ;
#4241 = DIRECTION ( 'NONE',  ( 0.000000000000000000, 0.000000000000000000, -1.000000000000000000 ) ) ;
#4242 = CARTESIAN_POINT ( 'NONE',  ( -2.500000000000179412, 25.99999999999998579, -31.25000000000000000 ) ) ;
#4243 = VERTEX_POINT ( 'NONE', #9456 ) ;
#4244 = CARTESIAN_POINT ( 'NONE',  ( -1.000000000000279554, 43.00000000000000000, 32.50000000000000000 ) ) ;
#4245 = ORIENTED_EDGE ( 'NONE', *, *, #9275, .T. ) ;
#4246 = FACE_OUTER_BOUND ( 'NONE', #7442, .T. ) ;
#4247 = ORIENTED_EDGE ( 'NONE', *, *, #4716, .F. ) ;
#4248 =( LENGTH_UNIT ( ) NAMED_UNIT ( * ) SI_UNIT ( .MILLI., .METRE. ) );
#4249 = AXIS2_PLACEMENT_3D ( 'NONE', #6838, #1717, #4659 ) ;
#4250 = ORIENTED_EDGE ( 'NONE', *, *, #9314, .T. ) ;
#4251 = ADVANCED_FACE ( 'NONE', ( #8536 ), #7810, .F. ) ;
#4252 = ADVANCED_FACE ( 'NONE', ( #7084 ), #6305, .T. ) ;
#4253 = AXIS2_PLACEMENT_3D ( 'NONE', #497, #6977, #4223 ) ;
#4254 = CARTESIAN_POINT ( 'NONE',  ( -73.14687499999976694, -5.065392549852276716E-13, 4.812450283834089682 ) ) ;
#4255 = CARTESIAN_POINT ( 'NONE',  ( -69.99999999999975842, -4.857225732735059864E-13, -1.713039432527097006E-14 ) ) ;
#4256 = STYLED_ITEM ( 'NONE', ( #6588 ), #4424 ) ;
#4257 = ORIENTED_EDGE ( 'NONE', *, *, #1120, .T. ) ;
#4258 = ORIENTED_EDGE ( 'NONE', *, *, #6586, .F. ) ;
#4259 = CARTESIAN_POINT ( 'NONE',  ( 13.00000000000021316, 9.367506770274749475E-14, 25.50000000000000355 ) ) ;
#4260 = DIRECTION ( 'NONE',  ( -1.000000000000000000, -6.982962677686266711E-15, -6.209932073980663753E-17 ) ) ;
#4261 = ORIENTED_EDGE ( 'NONE', *, *, #7389, .F. ) ;
#4262 =( NAMED_UNIT ( * ) SI_UNIT ( $, .STERADIAN. ) SOLID_ANGLE_UNIT ( ) );
#4263 = CARTESIAN_POINT ( 'NONE',  ( 61.00000000000020606, 3.000000000000429434, -5.000000000000000000 ) ) ;
#4264 = VERTEX_POINT ( 'NONE', #3459 ) ;
#4265 = CARTESIAN_POINT ( 'NONE',  ( -11.27017349682976644, 25.99999999999992539, 31.00000000000000000 ) ) ;
#4266 = ADVANCED_FACE ( 'NONE', ( #2686, #7138, #1918, #4328, #9353 ), #2731, .F. ) ;
#4267 = VECTOR ( 'NONE', #3423, 1000.000000000000000 ) ;
#4268 = DIRECTION ( 'NONE',  ( 0.000000000000000000, 0.000000000000000000, -1.000000000000000000 ) ) ;
#4269 = DIRECTION ( 'NONE',  ( -1.000000000000000000, 0.000000000000000000, 0.000000000000000000 ) ) ;
#4270 = ORIENTED_EDGE ( 'NONE', *, *, #7332, .T. ) ;
#4271 = DIRECTION ( 'NONE',  ( 1.000000000000000000, 0.000000000000000000, 0.000000000000000000 ) ) ;
#4272 = ORIENTED_EDGE ( 'NONE', *, *, #4689, .F. ) ;
#4273 = DIRECTION ( 'NONE',  ( 6.982962677686266711E-15, -1.000000000000000000, 0.000000000000000000 ) ) ;
#4274 = EDGE_CURVE ( 'NONE', #5616, #222, #3838, .T. ) ;
#4275 = ORIENTED_EDGE ( 'NONE', *, *, #8984, .F. ) ;
#4276 = CARTESIAN_POINT ( 'NONE',  ( 0.000000000000000000, 3.000000000000000000, 0.000000000000000000 ) ) ;
#4277 = DIRECTION ( 'NONE',  ( -1.000000000000000000, -6.987186840583977580E-15, 0.000000000000000000 ) ) ;
#4278 = VERTEX_POINT ( 'NONE', #1180 ) ;
#4279 = CARTESIAN_POINT ( 'NONE',  ( 58.45845530899427445, 4.128641872824800885E-13, 5.458336687847006097 ) ) ;
#4280 = AXIS2_PLACEMENT_3D ( 'NONE', #3304, #2578, #5531 ) ;
#4281 = CARTESIAN_POINT ( 'NONE',  ( 0.9999999999997210010, 43.00000000000000711, 32.50000000000000000 ) ) ;
#4282 = DIRECTION ( 'NONE',  ( -5.473822126268816683E-45, 7.888609052210118054E-31, -1.000000000000000000 ) ) ;
#4283 = ORIENTED_EDGE ( 'NONE', *, *, #3378, .F. ) ;
#4284 = VERTEX_POINT ( 'NONE', #8685 ) ;
#4286 = AXIS2_PLACEMENT_3D ( 'NONE', #5031, #6481, #1262 ) ;
#4285 = CARTESIAN_POINT ( 'NONE',  ( -5.100000000000287415, 44.49999999999997158, -32.50000000000000000 ) ) ;
#4287 = EDGE_CURVE ( 'NONE', #2001, #7299, #6298, .T. ) ;
#4288 = VECTOR ( 'NONE', #2060, 1000.000000000000227 ) ;
#4289 = AXIS2_PLACEMENT_3D ( 'NONE', #5065, #6275, #2610 ) ;
#4290 = CIRCLE ( 'NONE', #5514, 11.29999999999977689 ) ;
#4291 = PLANE ( 'NONE',  #6266 ) ;
#4292 = ORIENTED_EDGE ( 'NONE', *, *, #3776, .F. ) ;
#4293 = EDGE_CURVE ( 'NONE', #9450, #7007, #8724, .T. ) ;
#4294 = VECTOR ( 'NONE', #2503, 1000.000000000000000 ) ;
#4295 = FACE_OUTER_BOUND ( 'NONE', #3524, .T. ) ;
#4296 = AXIS2_PLACEMENT_3D ( 'NONE', #4856, #9350, #7079 ) ;
#4297 = AXIS2_PLACEMENT_3D ( 'NONE', #4331, #2924, #7960 ) ;
#4298 = ORIENTED_EDGE ( 'NONE', *, *, #4369, .F. ) ;
#4299 = CARTESIAN_POINT ( 'NONE',  ( 55.86932208953547274, 3.000000000000391243, 13.99999999999999112 ) ) ;
#4300 = ORIENTED_EDGE ( 'NONE', *, *, #1777, .F. ) ;
#4301 = AXIS2_PLACEMENT_3D ( 'NONE', #6743, #3076, #4086 ) ;
#4302 = PLANE ( 'NONE',  #4324 ) ;
#4303 = CIRCLE ( 'NONE', #6769, 1.000000000000001554 ) ;
#4304 = ORIENTED_EDGE ( 'NONE', *, *, #5428, .T. ) ;
#4305 = CARTESIAN_POINT ( 'NONE',  ( 24.99999999999944222, 113.0181803158007483, -29.00000000000000711 ) ) ;
#4306 = CARTESIAN_POINT ( 'NONE',  ( -2.897929511239801316E-13, 44.50000000000000711, -32.50000000000000000 ) ) ;
#4307 = VERTEX_POINT ( 'NONE', #4909 ) ;
#4308 = ORIENTED_EDGE ( 'NONE', *, *, #4879, .T. ) ;
#4309 = CARTESIAN_POINT ( 'NONE',  ( -59.54154469100573976, 2.999999999999586109, 3.316627699545110275 ) ) ;
#4310 = EDGE_CURVE ( 'NONE', #6434, #8316, #2708, .T. ) ;
#4311 = CARTESIAN_POINT ( 'NONE',  ( -59.99999999999999289, 4.000000000000000000, -15.75000000000000355 ) ) ;
#4312 = ORIENTED_EDGE ( 'NONE', *, *, #8415, .F. ) ;
#4313 = FACE_OUTER_BOUND ( 'NONE', #3848, .T. ) ;
#4314 = ORIENTED_EDGE ( 'NONE', *, *, #9419, .F. ) ;
#4315 = DIRECTION ( 'NONE',  ( 0.000000000000000000, 0.000000000000000000, 1.000000000000000000 ) ) ;
#4316 = DIRECTION ( 'NONE',  ( -0.000000000000000000, -0.000000000000000000, -1.000000000000000000 ) ) ;
#4317 = AXIS2_PLACEMENT_3D ( 'NONE', #3677, #8262, #2949 ) ;
#4318 = DIRECTION ( 'NONE',  ( 1.000000000000000000, 6.982962677686266711E-15, 0.000000000000000000 ) ) ;
#4319 = ORIENTED_EDGE ( 'NONE', *, *, #8513, .T. ) ;
#4320 = CIRCLE ( 'NONE', #148, 1.000000000000001554 ) ;
#4321 = DIRECTION ( 'NONE',  ( 6.982962677686265922E-15, -1.000000000000000000, 0.000000000000000000 ) ) ;
#4322 = VERTEX_POINT ( 'NONE', #4860 ) ;
#4323 = CARTESIAN_POINT ( 'NONE',  ( -14.99999999999977085, -1.040834085586084257E-13, 39.00000000000001421 ) ) ;
#4324 = AXIS2_PLACEMENT_3D ( 'NONE', #9376, #625, #5699 ) ;
#4325 = ADVANCED_FACE ( 'NONE', ( #1283 ), #3505, .T. ) ;
#4326 = ORIENTED_EDGE ( 'NONE', *, *, #6550, .F. ) ;
#4327 = EDGE_CURVE ( 'NONE', #3142, #8589, #3554, .T. ) ;
#4328 = FACE_BOUND ( 'NONE', #1136, .T. ) ;
#4329 = DIRECTION ( 'NONE',  ( 0.000000000000000000, 0.000000000000000000, -1.000000000000000000 ) ) ;
#4330 = VECTOR ( 'NONE', #613, 1000.000000000000000 ) ;
#4331 = CARTESIAN_POINT ( 'NONE',  ( 8.100000000000292744, 28.59999999999991971, 34.00000000000000000 ) ) ;
#4332 = DIRECTION ( 'NONE',  ( 0.000000000000000000, 0.000000000000000000, 1.000000000000000000 ) ) ;
#4333 = ORIENTED_EDGE ( 'NONE', *, *, #8564, .T. ) ;
#4334 = VERTEX_POINT ( 'NONE', #7862 ) ;
#4335 = FACE_BOUND ( 'NONE', #9529, .T. ) ;
#4336 = CARTESIAN_POINT ( 'NONE',  ( 55.86932208953549406, 3.920475055707584033E-13, 13.99999999999999112 ) ) ;
#4337 = LINE ( 'NONE', #5926, #4881 ) ;
#4338 = ORIENTED_EDGE ( 'NONE', *, *, #64, .T. ) ;
#4339 = CARTESIAN_POINT ( 'NONE',  ( -58.99999999999976552, -4.093947403305264743E-13, -5.000000000000014211 ) ) ;
#4340 = LINE ( 'NONE', #2987, #3201 ) ;
#4341 = EDGE_CURVE ( 'NONE', #1518, #530, #5628, .T. ) ;
#4342 = CIRCLE ( 'NONE', #4031, 1.699999999999999289 ) ;
#4343 = AXIS2_PLACEMENT_3D ( 'NONE', #1502, #1, #8662 ) ;
#4344 = VERTEX_POINT ( 'NONE', #8581 ) ;
#4345 = DIRECTION ( 'NONE',  ( -1.000000000000000000, -6.987186840583977580E-15, 0.000000000000000000 ) ) ;
#4346 = ORIENTED_EDGE ( 'NONE', *, *, #9570, .F. ) ;
#4347 = CARTESIAN_POINT ( 'NONE',  ( -64.81245028383403906, -4.510281037539698445E-13, 13.14687499999992681 ) ) ;
#4348 = EDGE_CURVE ( 'NONE', #1403, #1100, #7227, .T. ) ;
#4349 = VERTEX_POINT ( 'NONE', #5050 ) ;
#4350 = AXIS2_PLACEMENT_3D ( 'NONE', #6913, #7498, #2334 ) ;
#4351 = VECTOR ( 'NONE', #4354, 1000.000000000000000 ) ;
#4352 = AXIS2_PLACEMENT_3D ( 'NONE', #569, #8598, #5644 ) ;
#4353 = DIRECTION ( 'NONE',  ( 0.000000000000000000, 1.000000000000000000, 0.000000000000000000 ) ) ;
#4354 = DIRECTION ( 'NONE',  ( -0.000000000000000000, -0.000000000000000000, 1.000000000000000000 ) ) ;
#4355 = ORIENTED_EDGE ( 'NONE', *, *, #2269, .T. ) ;
#4356 = EDGE_CURVE ( 'NONE', #4842, #1282, #8003, .T. ) ;
#4357 = ADVANCED_FACE ( 'NONE', ( #8051 ), #700, .F. ) ;
#4358 = ORIENTED_EDGE ( 'NONE', *, *, #4310, .T. ) ;
#4359 = CARTESIAN_POINT ( 'NONE',  ( -5.003653915625616122, 31.28811021175562956, 33.51881233131191351 ) ) ;
#4360 = AXIS2_PLACEMENT_3D ( 'NONE', #2110, #3022, #7280 ) ;
#4361 = AXIS2_PLACEMENT_3D ( 'NONE', #8872, #2207, #8726 ) ;
#4362 = DIRECTION ( 'NONE',  ( -1.000000000000000000, 0.000000000000000000, 0.000000000000000000 ) ) ;
#4363 = ORIENTED_EDGE ( 'NONE', *, *, #920, .F. ) ;
#4364 = CARTESIAN_POINT ( 'NONE',  ( 26.00000000000003197, -1.000000000000007772, 19.00000000000000355 ) ) ;
#4365 = EDGE_LOOP ( 'NONE', ( #4635, #1147, #322, #2037 ) ) ;
#4366 = AXIS2_PLACEMENT_3D ( 'NONE', #8197, #6067, #3797 ) ;
#4367 = DIRECTION ( 'NONE',  ( -1.000000000000000000, -6.802837160693364202E-15, 0.000000000000000000 ) ) ;
#4368 = DIRECTION ( 'NONE',  ( 6.982962677686266711E-15, -1.000000000000000000, 0.000000000000000000 ) ) ;
#4369 = EDGE_CURVE ( 'NONE', #4406, #1072, #8919, .T. ) ;
#4370 = ORIENTED_EDGE ( 'NONE', *, *, #7238, .T. ) ;
#4371 = CARTESIAN_POINT ( 'NONE',  ( 59.00000000000028422, -7.999999999999583444, -5.000000000000000000 ) ) ;
#4372 = ORIENTED_EDGE ( 'NONE', *, *, #7556, .T. ) ;
#4373 = CARTESIAN_POINT ( 'NONE',  ( 60.00000000000000000, 25.00000000000000000, 5.499999999999989342 ) ) ;
#4374 = ORIENTED_EDGE ( 'NONE', *, *, #4081, .F. ) ;
#4375 = CARTESIAN_POINT ( 'NONE',  ( -8.100000000000289191, 28.59999999999991616, 32.50000000000000000 ) ) ;
#4376 = AXIS2_PLACEMENT_3D ( 'NONE', #7570, #957, #3897 ) ;
#4377 = ORIENTED_EDGE ( 'NONE', *, *, #3719, .T. ) ;
#4378 = ADVANCED_FACE ( 'NONE', ( #5101 ), #8145, .F. ) ;
#4379 = CARTESIAN_POINT ( 'NONE',  ( -11.29999999999993854, 24.48999999999976396, 32.50000000000000000 ) ) ;
#4380 = DIRECTION ( 'NONE',  ( 0.000000000000000000, 0.000000000000000000, 1.000000000000000000 ) ) ;
#4381 = EDGE_CURVE ( 'NONE', #2730, #1081, #7510, .T. ) ;
#4382 = CARTESIAN_POINT ( 'NONE',  ( 4.799936326822310032E-14, 26.00000000000000355, 0.000000000000000000 ) ) ;
#4383 = CARTESIAN_POINT ( 'NONE',  ( -24.99999999999976907, -1.734723475976807094E-13, -39.00000000000001421 ) ) ;
#4384 = CARTESIAN_POINT ( 'NONE',  ( 0.9999999999997210010, 43.00000000000000711, 32.50000000000000000 ) ) ;
#4385 = EDGE_CURVE ( 'NONE', #4396, #3314, #6017, .T. ) ;
#4386 = VERTEX_POINT ( 'NONE', #8825 ) ;
#4387 = ADVANCED_FACE ( 'NONE', ( #843, #9499 ), #5870, .F. ) ;
#4388 = CARTESIAN_POINT ( 'NONE',  ( 11.27017349682989611, 26.00000000000007816, 34.00000000000000000 ) ) ;
#4389 = DIRECTION ( 'NONE',  ( -6.987186840583977580E-15, 1.000000000000000000, -7.888609052210118054E-31 ) ) ;
#4390 = CARTESIAN_POINT ( 'NONE',  ( -24.99999999999979394, 2.999999999999829026, 39.00000000000001421 ) ) ;
#4391 = ORIENTED_EDGE ( 'NONE', *, *, #2338, .F. ) ;
#4392 = DIRECTION ( 'NONE',  ( -6.987186840583977580E-15, 1.000000000000000000, -7.888609052210118054E-31 ) ) ;
#4393 = DIRECTION ( 'NONE',  ( 6.982962677686266711E-15, -1.000000000000000000, 0.000000000000000000 ) ) ;
#4394 = EDGE_LOOP ( 'NONE', ( #4304, #6985, #7549, #1875 ) ) ;
#4395 = CARTESIAN_POINT ( 'NONE',  ( 4.874423042781412363, 26.06906078835168472, -31.00000000000000000 ) ) ;
#4396 = VERTEX_POINT ( 'NONE', #753 ) ;
#4397 = CARTESIAN_POINT ( 'NONE',  ( -73.14687499999976694, -5.065392549852276716E-13, -4.812450283834122544 ) ) ;
#4398 = VERTEX_POINT ( 'NONE', #5192 ) ;
#4399 = DIRECTION ( 'NONE',  ( 0.000000000000000000, -0.000000000000000000, -1.000000000000000000 ) ) ;
#4400 = DIRECTION ( 'NONE',  ( -0.000000000000000000, -1.000000000000000000, -0.000000000000000000 ) ) ;
#4401 = DIRECTION ( 'NONE',  ( 6.982962677686265922E-15, -1.000000000000000000, 0.000000000000000000 ) ) ;
#4402 = EDGE_CURVE ( 'NONE', #7888, #8426, #2974, .T. ) ;
#4403 = ORIENTED_EDGE ( 'NONE', *, *, #1849, .T. ) ;
#4404 = DIRECTION ( 'NONE',  ( 0.000000000000000000, 0.000000000000000000, 1.000000000000000000 ) ) ;
#4405 = LINE ( 'NONE', #7349, #4024 ) ;
#4406 = VERTEX_POINT ( 'NONE', #1620 ) ;
#4407 = DIRECTION ( 'NONE',  ( 1.000000000000000000, 6.982962677686266711E-15, -0.000000000000000000 ) ) ;
#4408 = EDGE_CURVE ( 'NONE', #4015, #1751, #4422, .T. ) ;
#4409 = CARTESIAN_POINT ( 'NONE',  ( -11.27017349682976644, 25.99999999999992539, 31.00000000000000000 ) ) ;
#4410 = AXIS2_PLACEMENT_3D ( 'NONE', #1907, #6488, #9443 ) ;
#4411 = ORIENTED_EDGE ( 'NONE', *, *, #1993, .F. ) ;
#4412 = FACE_OUTER_BOUND ( 'NONE', #7167, .T. ) ;
#4413 = CARTESIAN_POINT ( 'NONE',  ( -12.99999999999977440, -8.673617379884035472E-14, 34.00000000000000000 ) ) ;
#4414 = ORIENTED_EDGE ( 'NONE', *, *, #8694, .T. ) ;
#4415 = CARTESIAN_POINT ( 'NONE',  ( -8.100000000000289191, 28.59999999999991616, 34.00000000000000000 ) ) ;
#4416 = VERTEX_POINT ( 'NONE', #7421 ) ;
#4417 = CARTESIAN_POINT ( 'NONE',  ( 8.100000000000292744, 28.59999999999991971, -32.50000000000000000 ) ) ;
#4418 = VECTOR ( 'NONE', #7214, 1000.000000000000000 ) ;
#4419 = EDGE_LOOP ( 'NONE', ( #6059, #1674 ) ) ;
#4420 = CYLINDRICAL_SURFACE ( 'NONE', #9208, 10.00000000000000178 ) ;
#4421 = VERTEX_POINT ( 'NONE', #2205 ) ;
#4422 = LINE ( 'NONE', #3698, #547 ) ;
#4423 = AXIS2_PLACEMENT_3D ( 'NONE', #6737, #5245, #116 ) ;
#4424 = MANIFOLD_SOLID_BREP ( 'S\X2\00f3\X0\lido-Mover/Copiar5', #203 ) ;
#4425 = CARTESIAN_POINT ( 'NONE',  ( 25.00000000000022737, 1.769417945496343236E-13, 29.00000000000001066 ) ) ;
#4426 = CYLINDRICAL_SURFACE ( 'NONE', #3061, 1.750000000000105693 ) ;
#4427 = AXIS2_PLACEMENT_3D ( 'NONE', #4512, #5907, #8135 ) ;
#4428 = CARTESIAN_POINT ( 'NONE',  ( -59.99999999999976552, -4.163336342344337027E-13, -10.00000000000001243 ) ) ;
#4429 = ORIENTED_EDGE ( 'NONE', *, *, #7473, .F. ) ;
#4430 = EDGE_CURVE ( 'NONE', #8330, #8880, #6102, .T. ) ;
#4431 = ADVANCED_FACE ( 'NONE', ( #2248 ), #1526, .F. ) ;
#4432 = CIRCLE ( 'NONE', #4117, 8.500000000000001776 ) ;
#4433 = DIRECTION ( 'NONE',  ( 1.000000000000000000, 0.000000000000000000, 0.000000000000000000 ) ) ;
#4434 = AXIS2_PLACEMENT_3D ( 'NONE', #5189, #3788, #795 ) ;
#4435 = LINE ( 'NONE', #6024, #4743 ) ;
#4436 = DIRECTION ( 'NONE',  ( 1.000000000000000000, 6.982962677686266711E-15, 6.209932073980642799E-17 ) ) ;
#4437 = ORIENTED_EDGE ( 'NONE', *, *, #6336, .F. ) ;
#4438 = CYLINDRICAL_SURFACE ( 'NONE', #4971, 5.099999999999997868 ) ;
#4439 = CYLINDRICAL_SURFACE ( 'NONE', #6591, 5.750000000000001776 ) ;
#4440 = ORIENTED_EDGE ( 'NONE', *, *, #3404, .T. ) ;
#4441 = PLANE ( 'NONE',  #6759 ) ;
#4442 = ORIENTED_EDGE ( 'NONE', *, *, #2228, .T. ) ;
#4443 = AXIS2_PLACEMENT_3D ( 'NONE', #6772, #4507, #5319 ) ;
#4444 = CARTESIAN_POINT ( 'NONE',  ( -25.00000000000055422, 113.0181803158003788, 39.00000000000001421 ) ) ;
#4445 = AXIS2_PLACEMENT_3D ( 'NONE', #1061, #1843, #669 ) ;
#4446 = ORIENTED_EDGE ( 'NONE', *, *, #1260, .F. ) ;
#4447 = EDGE_CURVE ( 'NONE', #1414, #9381, #5473, .T. ) ;
#4448 = CIRCLE ( 'NONE', #1688, 1.699999999999999289 ) ;
#4449 = VECTOR ( 'NONE', #9059, 1000.000000000000000 ) ;
#4450 = CARTESIAN_POINT ( 'NONE',  ( -60.00000000000000000, 4.000000000000000000, 0.000000000000000000 ) ) ;
#4451 = DIRECTION ( 'NONE',  ( 0.000000000000000000, 1.000000000000000000, 0.000000000000000000 ) ) ;
#4452 = DIRECTION ( 'NONE',  ( 1.000000000000000000, -0.000000000000000000, 0.000000000000000000 ) ) ;
#4453 = AXIS2_PLACEMENT_3D ( 'NONE', #6399, #1967, #5773 ) ;
#4454 = AXIS2_PLACEMENT_3D ( 'NONE', #9205, #2534, #4139 ) ;
#4455 = FACE_OUTER_BOUND ( 'NONE', #212, .T. ) ;
#4456 = ORIENTED_EDGE ( 'NONE', *, *, #9469, .F. ) ;
#4457 = FACE_OUTER_BOUND ( 'NONE', #454, .T. ) ;
#4458 = CIRCLE ( 'NONE', #9394, 4.099999999999999645 ) ;
#4459 = DIRECTION ( 'NONE',  ( -6.982962677686266711E-15, 1.000000000000000000, -0.000000000000000000 ) ) ;
#4460 = ORIENTED_EDGE ( 'NONE', *, *, #688, .T. ) ;
#4461 = CARTESIAN_POINT ( 'NONE',  ( 11.29999999999960458, 26.00000000000008171, 32.50000000000000000 ) ) ;
#4462 = FACE_BOUND ( 'NONE', #5946, .T. ) ;
#4463 = ORIENTED_EDGE ( 'NONE', *, *, #541, .F. ) ;
#4464 = CARTESIAN_POINT ( 'NONE',  ( -59.99999999999999289, 3.000000000000000000, -10.00000000000000000 ) ) ;
#4465 = DIRECTION ( 'NONE',  ( -6.982962677686266711E-15, 1.000000000000000000, 0.000000000000000000 ) ) ;
#4466 = VECTOR ( 'NONE', #2866, 1000.000000000000000 ) ;
#4467 = VERTEX_POINT ( 'NONE', #3250 ) ;
#4468 = DIRECTION ( 'NONE',  ( 0.000000000000000000, 0.000000000000000000, -1.000000000000000000 ) ) ;
#4469 = EDGE_CURVE ( 'NONE', #12, #6401, #1476, .T. ) ;
#4470 = VERTEX_POINT ( 'NONE', #349 ) ;
#4471 = FACE_OUTER_BOUND ( 'NONE', #9352, .T. ) ;
#4472 = VERTEX_POINT ( 'NONE', #6239 ) ;
#4473 = DIRECTION ( 'NONE',  ( 6.982962677686266711E-15, -1.000000000000000000, 0.000000000000000000 ) ) ;
#4474 = EDGE_CURVE ( 'NONE', #9088, #3500, #1311, .T. ) ;
#4475 = VERTEX_POINT ( 'NONE', #8282 ) ;
#4476 = DIRECTION ( 'NONE',  ( -0.000000000000000000, 1.000000000000000000, -0.000000000000000000 ) ) ;
#4477 = CARTESIAN_POINT ( 'NONE',  ( -6.502183067439431419, -4.163336342344337027E-14, 19.00000000000001421 ) ) ;
#4478 = DIRECTION ( 'NONE',  ( -1.000000000000000000, -6.987186840583977580E-15, 0.000000000000000000 ) ) ;
#4479 = LINE ( 'NONE', #7373, #6762 ) ;
#4480 = DIRECTION ( 'NONE',  ( 0.000000000000000000, 0.000000000000000000, 1.000000000000000000 ) ) ;
#4481 = AXIS2_PLACEMENT_3D ( 'NONE', #8222, #7346, #7399 ) ;
#4482 = ORIENTED_EDGE ( 'NONE', *, *, #3340, .F. ) ;
#4483 = CARTESIAN_POINT ( 'NONE',  ( -2.793185071074507189E-13, 43.00000000000000000, 32.50000000000000000 ) ) ;
#4484 = DIRECTION ( 'NONE',  ( -1.000000000000000000, -6.847592668329496333E-15, 0.000000000000000000 ) ) ;
#4485 = LINE ( 'NONE', #7659, #5651 ) ;
#4486 = AXIS2_PLACEMENT_3D ( 'NONE', #5310, #964, #3861 ) ;
#4487 = VERTEX_POINT ( 'NONE', #1804 ) ;
#4488 = EDGE_CURVE ( 'NONE', #6335, #1245, #6195, .T. ) ;
#4489 = DIRECTION ( 'NONE',  ( 0.000000000000000000, 0.000000000000000000, -1.000000000000000000 ) ) ;
#4490 = CARTESIAN_POINT ( 'NONE',  ( 4.929826503170722241, 26.00000000000003553, 31.19355036506035717 ) ) ;
#4491 = VERTEX_POINT ( 'NONE', #1758 ) ;
#4492 = CARTESIAN_POINT ( 'NONE',  ( 4.946304452941681973, 31.22254908485186675, -33.76641306531131193 ) ) ;
#4493 = ORIENTED_EDGE ( 'NONE', *, *, #380, .T. ) ;
#4494 = VECTOR ( 'NONE', #7430, 1000.000000000000000 ) ;
#4495 = CARTESIAN_POINT ( 'NONE',  ( 6.502183067439896824, 4.857225732735059864E-14, -14.00000000000000888 ) ) ;
#4496 = EDGE_LOOP ( 'NONE', ( #8189, #699, #911, #9426 ) ) ;
#4497 = DIRECTION ( 'NONE',  ( 0.000000000000000000, 0.000000000000000000, 1.000000000000000000 ) ) ;
#4498 = CARTESIAN_POINT ( 'NONE',  ( -1.606081415867841343E-13, 26.00000000000000355, 32.50000000000000000 ) ) ;
#4499 = VECTOR ( 'NONE', #781, 1000.000000000000000 ) ;
#4500 = DIRECTION ( 'NONE',  ( 0.000000000000000000, 0.000000000000000000, 1.000000000000000000 ) ) ;
#4501 = FILL_AREA_STYLE_COLOUR ( '', #4777 ) ;
#4502 = ORIENTED_EDGE ( 'NONE', *, *, #2870, .T. ) ;
#4503 = PLANE ( 'NONE',  #6135 ) ;
#4504 = EDGE_CURVE ( 'NONE', #7552, #6218, #3886, .T. ) ;
#4505 = CARTESIAN_POINT ( 'NONE',  ( -59.99999999999999289, 4.000000000000000000, -10.00000000000000000 ) ) ;
#4506 = EDGE_LOOP ( 'NONE', ( #1269, #3900, #179, #292 ) ) ;
#4507 = DIRECTION ( 'NONE',  ( 0.000000000000000000, -1.000000000000000000, 0.000000000000000000 ) ) ;
#4508 = VECTOR ( 'NONE', #2132, 1000.000000000000000 ) ;
#4509 = DIRECTION ( 'NONE',  ( -1.000000000000000000, 0.000000000000000000, 0.000000000000000000 ) ) ;
#4510 = ORIENTED_EDGE ( 'NONE', *, *, #7698, .F. ) ;
#4511 = DIRECTION ( 'NONE',  ( -1.000000000000000000, -6.847592668329496333E-15, 0.000000000000000000 ) ) ;
#4512 = CARTESIAN_POINT ( 'NONE',  ( 69.99999999999998579, 4.000000000000000000, -1.713039432527097006E-14 ) ) ;
#4513 = EDGE_LOOP ( 'NONE', ( #1996, #3016, #517, #7189, #4414, #1053, #7793, #5680 ) ) ;
#4514 = VECTOR ( 'NONE', #7957, 1000.000000000000000 ) ;
#4515 = CARTESIAN_POINT ( 'NONE',  ( 15.00000000000021139, 3.000000000000106581, 39.00000000000002132 ) ) ;
#4516 = ADVANCED_FACE ( 'NONE', ( #1856 ), #3114, .T. ) ;
#4517 = DIRECTION ( 'NONE',  ( -0.000000000000000000, -1.000000000000000000, -0.000000000000000000 ) ) ;
#4518 = ORIENTED_EDGE ( 'NONE', *, *, #8317, .T. ) ;
#4519 = FACE_OUTER_BOUND ( 'NONE', #6921, .T. ) ;
#4520 = VECTOR ( 'NONE', #3672, 1000.000000000000000 ) ;
#4521 = VERTEX_POINT ( 'NONE', #4656 ) ;
#4522 = DIRECTION ( 'NONE',  ( 0.000000000000000000, -0.000000000000000000, -1.000000000000000000 ) ) ;
#4523 = DIRECTION ( 'NONE',  ( -0.01683330778632510447, -1.176881028455780274E-19, -0.9998583098364343114 ) ) ;
#4524 = CYLINDRICAL_SURFACE ( 'NONE', #4423, 5.099999999999997868 ) ;
#4525 = DIRECTION ( 'NONE',  ( -6.982962677686266711E-15, 1.000000000000000000, 0.000000000000000000 ) ) ;
#4526 = DIRECTION ( 'NONE',  ( -0.000000000000000000, -1.000000000000000000, -0.000000000000000000 ) ) ;
#4527 = ADVANCED_FACE ( 'NONE', ( #3842 ), #4800, .F. ) ;
#4528 = ORIENTED_EDGE ( 'NONE', *, *, #1217, .T. ) ;
#4529 = CARTESIAN_POINT ( 'NONE',  ( 4.799936326822310663E-14, 26.00000000000000355, 0.000000000000000000 ) ) ;
#4530 = EDGE_CURVE ( 'NONE', #5910, #8758, #3295, .T. ) ;
#4531 = ADVANCED_FACE ( 'NONE', ( #160 ), #6064, .F. ) ;
#4532 = CARTESIAN_POINT ( 'NONE',  ( 11.19999999999962448, 24.50000000000008171, 34.00000000000000000 ) ) ;
#4533 = DIRECTION ( 'NONE',  ( 1.000000000000000000, 0.000000000000000000, 0.000000000000000000 ) ) ;
#4534 = ORIENTED_EDGE ( 'NONE', *, *, #6727, .F. ) ;
#4535 = CARTESIAN_POINT ( 'NONE',  ( 11.29999999999960458, 26.00000000000008171, 32.50000000000000000 ) ) ;
#4536 = CARTESIAN_POINT ( 'NONE',  ( -73.14687499999999432, 4.000000000000000000, -4.812450283834104781 ) ) ;
#4537 = EDGE_LOOP ( 'NONE', ( #6419, #7456, #2096, #7955 ) ) ;
#4538 = FACE_OUTER_BOUND ( 'NONE', #9256, .T. ) ;
#4539 = ORIENTED_EDGE ( 'NONE', *, *, #3756, .T. ) ;
#4540 = DIRECTION ( 'NONE',  ( -0.000000000000000000, -1.000000000000000000, 0.000000000000000000 ) ) ;
#4541 = EDGE_LOOP ( 'NONE', ( #8844, #6860 ) ) ;
#4542 = FACE_OUTER_BOUND ( 'NONE', #6858, .T. ) ;
#4543 = ORIENTED_EDGE ( 'NONE', *, *, #3969, .T. ) ;
#4544 = LINE ( 'NONE', #868, #144 ) ;
#4545 = VERTEX_POINT ( 'NONE', #8413 ) ;
#4546 = CYLINDRICAL_SURFACE ( 'NONE', #3670, 4.100000000000002309 ) ;
#4547 = DIRECTION ( 'NONE',  ( 0.000000000000000000, 0.000000000000000000, -1.000000000000000000 ) ) ;
#4548 = ORIENTED_EDGE ( 'NONE', *, *, #639, .F. ) ;
#4549 = EDGE_CURVE ( 'NONE', #3278, #110, #6713, .T. ) ;
#4550 = CARTESIAN_POINT ( 'NONE',  ( 25.19999999999998153, 9.899999999999993250, 49.20000000000001705 ) ) ;
#4551 = EDGE_CURVE ( 'NONE', #269, #6658, #1943, .T. ) ;
#4552 = CARTESIAN_POINT ( 'NONE',  ( 5.847380728475250038E-14, 24.50000000000000000, 0.000000000000000000 ) ) ;
#4553 = DIRECTION ( 'NONE',  ( -0.8923787451257837455, -6.231447471573853610E-15, -0.4512872425049608283 ) ) ;
#4554 = CARTESIAN_POINT ( 'NONE',  ( -59.99999999999999289, 4.000000000000000000, -10.00000000000000000 ) ) ;
#4555 = EDGE_LOOP ( 'NONE', ( #2809, #552, #2176, #9306 ) ) ;
#4556 = CARTESIAN_POINT ( 'NONE',  ( -4.912478887370430591, 26.02115190455513982, -31.12808994940142426 ) ) ;
#4557 = CARTESIAN_POINT ( 'NONE',  ( -59.99999999999999289, 3.000000000000000000, -10.00000000000000000 ) ) ;
#4558 = ORIENTED_EDGE ( 'NONE', *, *, #7956, .F. ) ;
#4559 = DIRECTION ( 'NONE',  ( 0.000000000000000000, 0.000000000000000000, -1.000000000000000000 ) ) ;
#4560 = AXIS2_PLACEMENT_3D ( 'NONE', #66, #5149, #8870 ) ;
#4561 = ORIENTED_EDGE ( 'NONE', *, *, #9216, .T. ) ;
#4562 = ADVANCED_FACE ( 'NONE', ( #4746 ), #6836, .T. ) ;
#4563 = DIRECTION ( 'NONE',  ( -1.501203008056852198E-16, -1.000000000000000000, -2.604172100283218727E-31 ) ) ;
#4564 = VECTOR ( 'NONE', #7797, 1000.000000000000000 ) ;
#4565 = CARTESIAN_POINT ( 'NONE',  ( -12.99999999999999645, -1.000000000000001998, 34.00000000000000000 ) ) ;
#4566 = DIRECTION ( 'NONE',  ( -6.982962677686266711E-15, 1.000000000000000000, -0.000000000000000000 ) ) ;
#4567 = EDGE_LOOP ( 'NONE', ( #5095, #5687, #9118, #4377, #560, #1175, #5756, #4202 ) ) ;
#4568 = DIRECTION ( 'NONE',  ( 0.000000000000000000, -1.000000000000000000, 0.000000000000000000 ) ) ;
#4569 = CARTESIAN_POINT ( 'NONE',  ( -6.400000000000289901, 28.59999999999991616, -34.00000000000000000 ) ) ;
#4570 = VECTOR ( 'NONE', #2303, 1000.000000000000000 ) ;
#4571 = CARTESIAN_POINT ( 'NONE',  ( -25.00000000000056133, 113.0181803158003788, 29.00000000000001066 ) ) ;
#4572 = CARTESIAN_POINT ( 'NONE',  ( 2.499999999999820588, 26.00000000000002132, 31.25000000000000000 ) ) ;
#4573 = ORIENTED_EDGE ( 'NONE', *, *, #2352, .T. ) ;
#4574 = AXIS2_PLACEMENT_3D ( 'NONE', #6867, #4465, #197 ) ;
#4575 = DIRECTION ( 'NONE',  ( 6.982962677686266711E-15, -1.000000000000000000, 0.000000000000000000 ) ) ;
#4576 = CARTESIAN_POINT ( 'NONE',  ( -25.99999999999998224, -1.000000000000000000, 18.99999999999991118 ) ) ;
#4577 = VECTOR ( 'NONE', #5201, 1000.000000000000000 ) ;
#4578 = ORIENTED_EDGE ( 'NONE', *, *, #7020, .T. ) ;
#4579 = EDGE_LOOP ( 'NONE', ( #1498, #4510, #3633, #9310 ) ) ;
#4580 = ADVANCED_FACE ( 'NONE', ( #2429 ), #6150, .T. ) ;
#4581 = SURFACE_STYLE_USAGE ( .BOTH. , #8216 ) ;
#4582 = CIRCLE ( 'NONE', #409, 5.099999999999997868 ) ;
#4583 = EDGE_LOOP ( 'NONE', ( #5089, #1698, #4044, #8797 ) ) ;
#4584 = ADVANCED_FACE ( 'NONE', ( #2475 ), #5425, .T. ) ;
#4585 = CARTESIAN_POINT ( 'NONE',  ( 60.00000000000000000, -33.00000000000000000, -60.00000000000000000 ) ) ;
#4586 = CIRCLE ( 'NONE', #8606, 1.750000000000105693 ) ;
#4587 = CARTESIAN_POINT ( 'NONE',  ( -3.600000000000276756, 42.99999999999997868, 32.50000000000000000 ) ) ;
#4588 = EDGE_LOOP ( 'NONE', ( #6476, #2830, #6782, #4045, #9224, #4705, #6032, #5780, #4965, #7971, #2630 ) ) ;
#4589 = CARTESIAN_POINT ( 'NONE',  ( 6.502183067439896824, 4.857225732735059864E-14, -19.00000000000001421 ) ) ;
#4590 = SURFACE_STYLE_FILL_AREA ( #1648 ) ;
#4591 = VERTEX_POINT ( 'NONE', #2521 ) ;
#4592 = DIRECTION ( 'NONE',  ( 6.982962677686266711E-15, -1.000000000000000000, 0.000000000000000000 ) ) ;
#4593 = CIRCLE ( 'NONE', #8155, 0.7499999999999986677 ) ;
#4594 = MANIFOLD_SOLID_BREP ( 'Saliente-Extruir4[1]', #294 ) ;
#4595 = AXIS2_PLACEMENT_3D ( 'NONE', #501, #6348, #3455 ) ;
#4596 = PLANE ( 'NONE',  #1979 ) ;
#4597 = VECTOR ( 'NONE', #5088, 1000.000000000000000 ) ;
#4598 = CIRCLE ( 'NONE', #5832, 5.750000000000105693 ) ;
#4599 = LINE ( 'NONE', #8272, #5287 ) ;
#4600 = CARTESIAN_POINT ( 'NONE',  ( -59.99999999999978684, 2.999999999999583000, -1.387778780781445676E-14 ) ) ;
#4601 = ORIENTED_EDGE ( 'NONE', *, *, #6675, .F. ) ;
#4602 = ADVANCED_FACE ( 'NONE', ( #539 ), #6974, .F. ) ;
#4603 = VECTOR ( 'NONE', #6669, 1000.000000000000000 ) ;
#4604 = CARTESIAN_POINT ( 'NONE',  ( -1.606081415867841343E-13, 26.00000000000000355, -32.50000000000000000 ) ) ;
#4605 = DIRECTION ( 'NONE',  ( 0.000000000000000000, 0.000000000000000000, -1.000000000000000000 ) ) ;
#4606 = VERTEX_POINT ( 'NONE', #4073 ) ;
#4607 = DIRECTION ( 'NONE',  ( -1.000000000000000000, -6.802837160693364202E-15, 0.000000000000000000 ) ) ;
#4608 = CIRCLE ( 'NONE', #1997, 5.750000000000002665 ) ;
#4609 = VERTEX_POINT ( 'NONE', #7943 ) ;
#4610 = DIRECTION ( 'NONE',  ( -1.000000000000000000, 0.000000000000000000, 0.000000000000000000 ) ) ;
#4611 = FACE_OUTER_BOUND ( 'NONE', #5544, .T. ) ;
#4612 = B_SPLINE_CURVE_WITH_KNOTS ( 'NONE', 3,
 ( #8007, #2977, #7279, #5920, #8873, #1529 ),
 .UNSPECIFIED., .F., .F.,
 ( 4, 2, 4 ),
 ( 0.000000000000000000, 0.0007714355372924393836, 0.001542871074584878767 ),
 .UNSPECIFIED. ) ;
#4613 = CARTESIAN_POINT ( 'NONE',  ( 30.00000000000022737, 2.081668171172168513E-13, 0.000000000000000000 ) ) ;
#4614 = CARTESIAN_POINT ( 'NONE',  ( 60.00000000000022027, 4.232725281383409310E-13, -10.00000000000000000 ) ) ;
#4615 = ORIENTED_EDGE ( 'NONE', *, *, #8737, .F. ) ;
#4616 = CARTESIAN_POINT ( 'NONE',  ( 9.713392816107106142, 24.50000000000007105, 1.299999999999997824 ) ) ;
#4617 = EDGE_CURVE ( 'NONE', #3467, #5516, #6411, .T. ) ;
#4618 = LINE ( 'NONE', #3124, #311 ) ;
#4619 = ADVANCED_FACE ( 'NONE', ( #5569 ), #9298, .F. ) ;
#4620 = CARTESIAN_POINT ( 'NONE',  ( 5.099999999999708322, 44.50000000000004263, 32.50000000000000000 ) ) ;
#4621 = FACE_OUTER_BOUND ( 'NONE', #1466, .T. ) ;
#4622 = VERTEX_POINT ( 'NONE', #8525 ) ;
#4623 = AXIS2_PLACEMENT_3D ( 'NONE', #5358, #9223, #9078 ) ;
#4624 = DIRECTION ( 'NONE',  ( 0.000000000000000000, 0.000000000000000000, 1.000000000000000000 ) ) ;
#4625 = FACE_OUTER_BOUND ( 'NONE', #2700, .T. ) ;
#4626 = ORIENTED_EDGE ( 'NONE', *, *, #6169, .T. ) ;
#4627 = ORIENTED_EDGE ( 'NONE', *, *, #10, .F. ) ;
#4628 = AXIS2_PLACEMENT_3D ( 'NONE', #299, #5619, #6240 ) ;
#4629 = EDGE_CURVE ( 'NONE', #6468, #8781, #3345, .T. ) ;
#4630 = CARTESIAN_POINT ( 'NONE',  ( -12.20000000000028706, 28.59999999999991616, -34.00000000000000000 ) ) ;
#4631 = CIRCLE ( 'NONE', #460, 14.00000000000000178 ) ;
#4632 = CARTESIAN_POINT ( 'NONE',  ( 4.788953503288261930E-14, 26.00000000000000355, 2.051038353574630974E-29 ) ) ;
#4633 = LINE ( 'NONE', #2548, #7874 ) ;
#4634 = CIRCLE ( 'NONE', #4017, 1.750000000000105693 ) ;
#4635 = ORIENTED_EDGE ( 'NONE', *, *, #5203, .F. ) ;
#4636 = DIRECTION ( 'NONE',  ( 0.000000000000000000, 0.000000000000000000, 1.000000000000000000 ) ) ;
#4637 = ORIENTED_EDGE ( 'NONE', *, *, #7531, .F. ) ;
#4638 = EDGE_CURVE ( 'NONE', #5083, #7930, #2719, .T. ) ;
#4639 = LINE ( 'NONE', #4685, #2032 ) ;
#4640 = EDGE_LOOP ( 'NONE', ( #4247, #3244, #9442, #6562, #7494, #6290, #3929, #8609 ) ) ;
#4641 = DIRECTION ( 'NONE',  ( -1.000000000000000000, 1.501203008056851952E-16, -1.734723475976806700E-15 ) ) ;
#4642 = CIRCLE ( 'NONE', #942, 9.600000000000001421 ) ;
#4643 = LINE ( 'NONE', #8400, #9546 ) ;
#4644 = ADVANCED_FACE ( 'NONE', ( #1167, #3492 ), #7072, .T. ) ;
#4645 = EDGE_CURVE ( 'NONE', #5700, #5616, #444, .T. ) ;
#4646 = CARTESIAN_POINT ( 'NONE',  ( -4.929826503170777308, 25.99999999999996803, -31.19355036505935885 ) ) ;
#4647 = DIRECTION ( 'NONE',  ( -6.982962677686266711E-15, 1.000000000000000000, -0.000000000000000000 ) ) ;
#4648 = EDGE_LOOP ( 'NONE', ( #8068, #3007, #794, #2341 ) ) ;
#4649 = CARTESIAN_POINT ( 'NONE',  ( -23.00000000000000000, 3.000000000000000000, 18.99999999999999645 ) ) ;
#4650 = AXIS2_PLACEMENT_3D ( 'NONE', #5235, #1615, #3058 ) ;
#4651 = CARTESIAN_POINT ( 'NONE',  ( 60.00000000000000000, 25.00000000000000000, -1.387778780781445676E-14 ) ) ;
#4652 = EDGE_LOOP ( 'NONE', ( #7204, #6661, #5014, #9361 ) ) ;
#4653 = CARTESIAN_POINT ( 'NONE',  ( 6.502183067439896824, 4.857225732735059864E-14, 18.99999999999999645 ) ) ;
#4654 = ORIENTED_EDGE ( 'NONE', *, *, #6801, .F. ) ;
#4655 = VECTOR ( 'NONE', #5413, 1000.000000000000000 ) ;
#4656 = CARTESIAN_POINT ( 'NONE',  ( 11.27017349682989789, 26.00000000000008171, 32.50000000000000000 ) ) ;
#4657 = DIRECTION ( 'NONE',  ( -0.000000000000000000, -1.000000000000000000, -0.000000000000000000 ) ) ;
#4658 = AXIS2_PLACEMENT_3D ( 'NONE', #2946, #9207, #408 ) ;
#4659 = DIRECTION ( 'NONE',  ( -0.000000000000000000, 0.000000000000000000, -1.000000000000000000 ) ) ;
#4660 = LINE ( 'NONE', #3846, #4023 ) ;
#4661 = ORIENTED_EDGE ( 'NONE', *, *, #7320, .F. ) ;
#4662 = DIRECTION ( 'NONE',  ( 0.000000000000000000, 0.000000000000000000, 1.000000000000000000 ) ) ;
#4663 = AXIS2_PLACEMENT_3D ( 'NONE', #2925, #8830, #5154 ) ;
#4664 = DIRECTION ( 'NONE',  ( 6.982962677686266711E-15, -1.000000000000000000, 0.000000000000000000 ) ) ;
#4665 = EDGE_CURVE ( 'NONE', #4545, #4487, #8570, .T. ) ;
#4666 = ADVANCED_FACE ( 'NONE', ( #1951 ), #4896, .T. ) ;
#4667 = DIRECTION ( 'NONE',  ( 0.000000000000000000, 0.000000000000000000, 1.000000000000000000 ) ) ;
#4668 = CARTESIAN_POINT ( 'NONE',  ( -1.000000000000279554, 43.00000000000000000, 32.50000000000000000 ) ) ;
#4669 = ORIENTED_EDGE ( 'NONE', *, *, #4680, .T. ) ;
#4670 = DIRECTION ( 'NONE',  ( 0.000000000000000000, 0.000000000000000000, 1.000000000000000000 ) ) ;
#4671 = EDGE_CURVE ( 'NONE', #6969, #4739, #494, .T. ) ;
#4672 = CARTESIAN_POINT ( 'NONE',  ( 8.100000000000292744, 28.59999999999991971, 31.00000000000000000 ) ) ;
#4673 = DIRECTION ( 'NONE',  ( -6.982962677686266711E-15, 1.000000000000000000, 0.000000000000000000 ) ) ;
#4674 = EDGE_CURVE ( 'NONE', #7236, #1976, #3323, .T. ) ;
#4675 = VERTEX_POINT ( 'NONE', #8622 ) ;
#4676 = VERTEX_POINT ( 'NONE', #6435 ) ;
#4677 = FACE_BOUND ( 'NONE', #2602, .T. ) ;
#4678 = UNCERTAINTY_MEASURE_WITH_UNIT (LENGTH_MEASURE( 1.000000000000000082E-05 ), #7585, 'distance_accuracy_value', 'NONE');
#4679 = ORIENTED_EDGE ( 'NONE', *, *, #3993, .F. ) ;
#4680 = EDGE_CURVE ( 'NONE', #2733, #5119, #388, .T. ) ;
#4681 = LINE ( 'NONE', #3904, #6968 ) ;
#4682 = ORIENTED_EDGE ( 'NONE', *, *, #948, .T. ) ;
#4683 = DIRECTION ( 'NONE',  ( 0.000000000000000000, -0.000000000000000000, -1.000000000000000000 ) ) ;
#4684 = ORIENTED_EDGE ( 'NONE', *, *, #9115, .F. ) ;
#4685 = CARTESIAN_POINT ( 'NONE',  ( -24.99999999999999645, 6.899999999999999467, 18.99999999999999645 ) ) ;
#4686 = ORIENTED_EDGE ( 'NONE', *, *, #4474, .F. ) ;
#4687 = ORIENTED_EDGE ( 'NONE', *, *, #3844, .F. ) ;
#4688 = DIRECTION ( 'NONE',  ( 5.930678550348054136E-16, 1.000000000000000000, -0.000000000000000000 ) ) ;
#4689 = EDGE_CURVE ( 'NONE', #2576, #8861, #787, .T. ) ;
#4690 = DIRECTION ( 'NONE',  ( 0.000000000000000000, 0.000000000000000000, 1.000000000000000000 ) ) ;
#4691 = CARTESIAN_POINT ( 'NONE',  ( -11.29999999999996163, 27.49999999999992539, 1.383850883036488557E-15 ) ) ;
#4692 = EDGE_LOOP ( 'NONE', ( #2918, #4358, #5452, #4370 ) ) ;
#4693 = DIRECTION ( 'NONE',  ( 0.000000000000000000, 0.000000000000000000, 1.000000000000000000 ) ) ;
#4694 = DIRECTION ( 'NONE',  ( -0.000000000000000000, -1.000000000000000000, -0.000000000000000000 ) ) ;
#4695 = VERTEX_POINT ( 'NONE', #8859 ) ;
#4696 = DIRECTION ( 'NONE',  ( -6.982962677686266711E-15, 1.000000000000000000, -0.000000000000000000 ) ) ;
#4697 = EDGE_CURVE ( 'NONE', #7039, #3034, #2549, .T. ) ;
#4698 = ORIENTED_EDGE ( 'NONE', *, *, #7492, .T. ) ;
#4699 = ORIENTED_EDGE ( 'NONE', *, *, #3223, .T. ) ;
#4700 = DIRECTION ( 'NONE',  ( 6.982962677686266711E-15, -1.000000000000000000, 0.000000000000000000 ) ) ;
#4701 = DIRECTION ( 'NONE',  ( 6.982962677686265922E-15, -1.000000000000000000, -0.000000000000000000 ) ) ;
#4702 = DIRECTION ( 'NONE',  ( 6.982962677686266711E-15, -1.000000000000000000, 0.000000000000000000 ) ) ;
#4703 = CARTESIAN_POINT ( 'NONE',  ( -59.99999999999976552, -4.163336342344337027E-13, -8.249999999999978684 ) ) ;
#4704 = PLANE ( 'NONE',  #3210 ) ;
#4705 = ORIENTED_EDGE ( 'NONE', *, *, #9275, .F. ) ;
#4706 = AXIS2_PLACEMENT_3D ( 'NONE', #4565, #6107, #9055 ) ;
#4707 = CARTESIAN_POINT ( 'NONE',  ( -1.000000000000279554, 43.00000000000000000, -32.50000000000000000 ) ) ;
#4708 = CARTESIAN_POINT ( 'NONE',  ( -70.44103962761747084, 2.999999999999510170, 8.828640442460647719 ) ) ;
#4709 = AXIS2_PLACEMENT_3D ( 'NONE', #4999, #6616, #8223 ) ;
#4710 = LINE ( 'NONE', #2396, #2753 ) ;
#4711 = LINE ( 'NONE', #7475, #6113 ) ;
#4712 = ORIENTED_EDGE ( 'NONE', *, *, #1809, .F. ) ;
#4713 = DIRECTION ( 'NONE',  ( 1.000000000000000000, 6.982962677686266711E-15, 0.000000000000000000 ) ) ;
#4714 = FACE_OUTER_BOUND ( 'NONE', #6304, .T. ) ;
#4715 = DIRECTION ( 'NONE',  ( 0.000000000000000000, 0.000000000000000000, -1.000000000000000000 ) ) ;
#4716 = EDGE_CURVE ( 'NONE', #3840, #4213, #3591, .T. ) ;
#4717 = EDGE_CURVE ( 'NONE', #1422, #4833, #3637, .T. ) ;
#4718 = VERTEX_POINT ( 'NONE', #5091 ) ;
#4719 = VERTEX_POINT ( 'NONE', #8039 ) ;
#4720 = CARTESIAN_POINT ( 'NONE',  ( -2.500000000000168754, 24.48999999999982791, -32.50000000000000000 ) ) ;
#4721 = ORIENTED_EDGE ( 'NONE', *, *, #9175, .T. ) ;
#4722 = VECTOR ( 'NONE', #7611, 1000.000000000000000 ) ;
#4723 = CARTESIAN_POINT ( 'NONE',  ( -59.99999999999976552, -4.163336342344337027E-13, -1.387778780781445676E-14 ) ) ;
#4724 = DIRECTION ( 'NONE',  ( 1.000000000000000000, 6.377659838150025765E-18, 0.000000000000000000 ) ) ;
#4725 = ORIENTED_EDGE ( 'NONE', *, *, #8072, .T. ) ;
#4726 = CIRCLE ( 'NONE', #8279, 5.750000000000002665 ) ;
#4727 = CARTESIAN_POINT ( 'NONE',  ( 2.499999999999830358, 24.48999999999986343, 32.50000000000000000 ) ) ;
#4728 = ORIENTED_EDGE ( 'NONE', *, *, #2810, .F. ) ;
#4729 = DIRECTION ( 'NONE',  ( -6.982962677686265922E-15, 1.000000000000000000, -0.000000000000000000 ) ) ;
#4730 = EDGE_CURVE ( 'NONE', #7746, #4264, #8134, .T. ) ;
#4731 = VERTEX_POINT ( 'NONE', #9536 ) ;
#4732 = CARTESIAN_POINT ( 'NONE',  ( 60.00000000000020606, 4.232725281383408301E-13, -11.75000000000000355 ) ) ;
#4733 = AXIS2_PLACEMENT_3D ( 'NONE', #7600, #6872, #6146 ) ;
#4734 = FACE_BOUND ( 'NONE', #4419, .T. ) ;
#4735 = CARTESIAN_POINT ( 'NONE',  ( -2.897929511239801316E-13, 44.50000000000000711, -32.50000000000000000 ) ) ;
#4736 = ORIENTED_EDGE ( 'NONE', *, *, #3131, .T. ) ;
#4737 = CARTESIAN_POINT ( 'NONE',  ( 0.000000000000000000, -31.00000000000000000, 0.000000000000000000 ) ) ;
#4738 = DIRECTION ( 'NONE',  ( 0.000000000000000000, 0.000000000000000000, 1.000000000000000000 ) ) ;
#4739 = VERTEX_POINT ( 'NONE', #6006 ) ;
#4740 = DIRECTION ( 'NONE',  ( -1.000000000000000000, 0.000000000000000000, 0.000000000000000000 ) ) ;
#4741 = VECTOR ( 'NONE', #8954, 1000.000000000000000 ) ;
#4742 = EDGE_CURVE ( 'NONE', #3153, #1112, #864, .T. ) ;
#4743 = VECTOR ( 'NONE', #8062, 1000.000000000000000 ) ;
#4744 = ORIENTED_EDGE ( 'NONE', *, *, #5582, .T. ) ;
#4745 = ORIENTED_EDGE ( 'NONE', *, *, #4058, .T. ) ;
#4746 = FACE_OUTER_BOUND ( 'NONE', #234, .T. ) ;
#4747 = LINE ( 'NONE', #4022, #2776 ) ;
#4748 = VECTOR ( 'NONE', #9225, 1000.000000000000000 ) ;
#4749 = EDGE_CURVE ( 'NONE', #6385, #722, #1415, .T. ) ;
#4750 = AXIS2_PLACEMENT_3D ( 'NONE', #6121, #3939, #267 ) ;
#4751 = CARTESIAN_POINT ( 'NONE',  ( 60.00000000000022027, 4.232725281383409310E-13, -8.249999999999996447 ) ) ;
#4752 = CARTESIAN_POINT ( 'NONE',  ( 4.874423042781377724, 31.13093921164811562, 31.00000000000000000 ) ) ;
#4753 = AXIS2_PLACEMENT_3D ( 'NONE', #8482, #4761, #1867 ) ;
#4754 = CIRCLE ( 'NONE', #4454, 0.7499999999999986677 ) ;
#4755 = DIRECTION ( 'NONE',  ( -0.000000000000000000, -1.000000000000000000, -0.000000000000000000 ) ) ;
#4756 = ORIENTED_EDGE ( 'NONE', *, *, #8382, .T. ) ;
#4757 = DIRECTION ( 'NONE',  ( -0.000000000000000000, -1.000000000000000000, -0.000000000000000000 ) ) ;
#4759 = VECTOR ( 'NONE', #9543, 1000.000000000000000 ) ;
#4758 = LINE ( 'NONE', #3355, #7834 ) ;
#4760 = ORIENTED_EDGE ( 'NONE', *, *, #4310, .F. ) ;
#4761 = DIRECTION ( 'NONE',  ( -0.000000000000000000, -1.000000000000000000, -0.000000000000000000 ) ) ;
#4762 = DIRECTION ( 'NONE',  ( 0.000000000000000000, 0.000000000000000000, -1.000000000000000000 ) ) ;
#4763 = EDGE_LOOP ( 'NONE', ( #2373, #7975, #6071, #1152 ) ) ;
#4764 = EDGE_CURVE ( 'NONE', #6622, #1132, #2286, .T. ) ;
#4765 = DIRECTION ( 'NONE',  ( 0.000000000000000000, 0.000000000000000000, 1.000000000000000000 ) ) ;
#4766 = EDGE_CURVE ( 'NONE', #8938, #9407, #710, .T. ) ;
#4767 = VECTOR ( 'NONE', #9184, 1000.000000000000000 ) ;
#4768 = LINE ( 'NONE', #7769, #2829 ) ;
#4769 = DIRECTION ( 'NONE',  ( -0.000000000000000000, -1.000000000000000000, 0.000000000000000000 ) ) ;
#4770 = EDGE_LOOP ( 'NONE', ( #887, #7465, #8274, #7817, #3651, #8438, #1786, #6602 ) ) ;
#4771 = EDGE_LOOP ( 'NONE', ( #2004, #3705, #4071, #2762 ) ) ;
#4772 = CARTESIAN_POINT ( 'NONE',  ( 59.00000000000020606, 3.000000000000415668, -5.000000000000000000 ) ) ;
#4773 = UNCERTAINTY_MEASURE_WITH_UNIT (LENGTH_MEASURE( 1.000000000000000082E-05 ), #8990, 'distance_accuracy_value', 'NONE');
#4774 = FACE_OUTER_BOUND ( 'NONE', #6487, .T. ) ;
#4775 = ADVANCED_FACE ( 'NONE', ( #9489, #3736 ), #8813, .F. ) ;
#4776 = ORIENTED_EDGE ( 'NONE', *, *, #3696, .T. ) ;
#4777 = COLOUR_RGB ( '',0.7921568627450980005, 0.8196078431372548767, 0.9333333333333333481 ) ;
#4778 = CARTESIAN_POINT ( 'NONE',  ( 15.00000000000023093, 1.075528555105620399E-13, -19.00000000000001421 ) ) ;
#4779 = AXIS2_PLACEMENT_3D ( 'NONE', #6735, #8571, #1222 ) ;
#4780 = DIRECTION ( 'NONE',  ( 0.8923787451257838566, 6.231447471573853610E-15, 0.4512872425049608838 ) ) ;
#4781 = ORIENTED_EDGE ( 'NONE', *, *, #708, .T. ) ;
#4782 = CYLINDRICAL_SURFACE ( 'NONE', #5213, 14.00000000000000178 ) ;
#4783 = ORIENTED_EDGE ( 'NONE', *, *, #1348, .T. ) ;
#4784 = CARTESIAN_POINT ( 'NONE',  ( -12.99999999999998934, 48.80255095400651300, 42.50000000000000000 ) ) ;
#4785 = ORIENTED_EDGE ( 'NONE', *, *, #1599, .F. ) ;
#4786 = ADVANCED_FACE ( 'NONE', ( #4412 ), #2191, .T. ) ;
#4787 = CARTESIAN_POINT ( 'NONE',  ( -60.00000000000000000, -31.00000000000000000, -60.00000000000000000 ) ) ;
#4788 = LINE ( 'NONE', #1994, #5579 ) ;
#4789 = CARTESIAN_POINT ( 'NONE',  ( 60.00000000000000000, 4.000000000000000000, -8.249999999999978684 ) ) ;
#4790 = AXIS2_PLACEMENT_3D ( 'NONE', #9071, #4540, #1544 ) ;
#4791 = ORIENTED_EDGE ( 'NONE', *, *, #3756, .F. ) ;
#4792 = ADVANCED_FACE ( 'NONE', ( #3005 ), #7989, .T. ) ;
#4793 = LINE ( 'NONE', #5561, #890 ) ;
#4794 = LINE ( 'NONE', #8406, #4767 ) ;
#4795 = VERTEX_POINT ( 'NONE', #8088 ) ;
#4796 = AXIS2_PLACEMENT_3D ( 'NONE', #6742, #3706, #8976 ) ;
#4797 = DIRECTION ( 'NONE',  ( -0.000000000000000000, -1.000000000000000000, -0.000000000000000000 ) ) ;
#4798 = VERTEX_POINT ( 'NONE', #8182 ) ;
#4799 = ORIENTED_EDGE ( 'NONE', *, *, #4208, .F. ) ;
#4800 = PLANE ( 'NONE',  #3317 ) ;
#4801 = CARTESIAN_POINT ( 'NONE',  ( -73.14687499999976694, -5.065392549852276716E-13, -4.812450283834122544 ) ) ;
#4802 = AXIS2_PLACEMENT_3D ( 'NONE', #543, #7361, #8864 ) ;
#4803 = EDGE_CURVE ( 'NONE', #8161, #7140, #6106, .T. ) ;
#4804 = AXIS2_PLACEMENT_3D ( 'NONE', #5225, #4547, #8997 ) ;
#4805 = CARTESIAN_POINT ( 'NONE',  ( -8.100000000000289191, 28.59999999999991616, 32.50000000000000000 ) ) ;
#4806 = DIRECTION ( 'NONE',  ( 6.982962677686266711E-15, -1.000000000000000000, 0.000000000000000000 ) ) ;
#4807 = DIRECTION ( 'NONE',  ( -0.4512872425049614944, -3.151321971328097563E-15, -0.8923787451257835235 ) ) ;
#4808 = ORIENTED_EDGE ( 'NONE', *, *, #243, .T. ) ;
#4809 = FACE_OUTER_BOUND ( 'NONE', #4079, .T. ) ;
#4810 = CARTESIAN_POINT ( 'NONE',  ( -1.711924138386540470E-13, 24.50000000000000000, 1.299999999999997824 ) ) ;
#4811 = VECTOR ( 'NONE', #4713, 1000.000000000000000 ) ;
#4812 = VERTEX_POINT ( 'NONE', #7457 ) ;
#4813 = CIRCLE ( 'NONE', #325, 14.00000000000000000 ) ;
#4814 = CARTESIAN_POINT ( 'NONE',  ( -9.800000000000290257, 28.59999999999991616, -32.50000000000000000 ) ) ;
#4815 = FACE_OUTER_BOUND ( 'NONE', #8127, .T. ) ;
#4816 = EDGE_LOOP ( 'NONE', ( #8912, #6369, #8016, #6584 ) ) ;
#4817 = CARTESIAN_POINT ( 'NONE',  ( -25.19999999999998153, -0.2000000000000000111, 18.99999999999991118 ) ) ;
#4818 = EDGE_CURVE ( 'NONE', #3935, #9058, #7357, .T. ) ;
#4819 = DIRECTION ( 'NONE',  ( 0.000000000000000000, 0.000000000000000000, 1.000000000000000000 ) ) ;
#4820 = FACE_OUTER_BOUND ( 'NONE', #3896, .T. ) ;
#4821 = AXIS2_PLACEMENT_3D ( 'NONE', #150, #9139, #6139 ) ;
#4822 = AXIS2_PLACEMENT_3D ( 'NONE', #8776, #8054, #21 ) ;
#4823 = ORIENTED_EDGE ( 'NONE', *, *, #5258, .T. ) ;
#4824 = EDGE_LOOP ( 'NONE', ( #3013, #1905, #7711, #7459 ) ) ;
#4825 = FACE_BOUND ( 'NONE', #8550, .T. ) ;
#4826 = ADVANCED_FACE ( 'NONE', ( #737 ), #6724, .T. ) ;
#4827 = EDGE_CURVE ( 'NONE', #2481, #5932, #7345, .T. ) ;
#4828 = AXIS2_PLACEMENT_3D ( 'NONE', #8543, #7770, #6457 ) ;
#4829 = CARTESIAN_POINT ( 'NONE',  ( 3.740875477200665096E-14, 27.50000000000000355, -2.169367489357782745E-29 ) ) ;
#4830 = ORIENTED_EDGE ( 'NONE', *, *, #5671, .T. ) ;
#4831 = DIRECTION ( 'NONE',  ( 0.000000000000000000, 0.000000000000000000, 1.000000000000000000 ) ) ;
#4832 =( NAMED_UNIT ( * ) SI_UNIT ( $, .STERADIAN. ) SOLID_ANGLE_UNIT ( ) );
#4833 = VERTEX_POINT ( 'NONE', #4646 ) ;
#4834 = CARTESIAN_POINT ( 'NONE',  ( -69.99999999999975842, -4.857225732735059864E-13, -1.750000000000013989 ) ) ;
#4835 = ORIENTED_EDGE ( 'NONE', *, *, #5674, .F. ) ;
#4836 = CIRCLE ( 'NONE', #668, 1.000000000000001554 ) ;
#4837 =( NAMED_UNIT ( * ) PLANE_ANGLE_UNIT ( ) SI_UNIT ( $, .RADIAN. ) );
#4838 = ORIENTED_EDGE ( 'NONE', *, *, #5087, .F. ) ;
#4839 = DIRECTION ( 'NONE',  ( 0.000000000000000000, 0.000000000000000000, 1.000000000000000000 ) ) ;
#4840 = DIRECTION ( 'NONE',  ( 6.982962677686265922E-15, -1.000000000000000000, -0.000000000000000000 ) ) ;
#4841 = DIRECTION ( 'NONE',  ( -5.508586259044130096E-45, 7.888609052210118054E-31, 1.000000000000000000 ) ) ;
#4842 = VERTEX_POINT ( 'NONE', #6050 ) ;
#4843 = CARTESIAN_POINT ( 'NONE',  ( 8.100000000000292744, 28.59999999999991971, -34.00000000000000000 ) ) ;
#4844 = EDGE_CURVE ( 'NONE', #4278, #6874, #6053, .T. ) ;
#4845 = ADVANCED_FACE ( 'NONE', ( #8359 ), #2419, .T. ) ;
#4846 = CARTESIAN_POINT ( 'NONE',  ( 6.502183067439107234, 113.0181803158006062, -19.00000000000001421 ) ) ;
#4847 = EDGE_LOOP ( 'NONE', ( #1593, #6013, #9026, #854 ) ) ;
#4848 = DIRECTION ( 'NONE',  ( 0.000000000000000000, 0.000000000000000000, 1.000000000000000000 ) ) ;
#4849 = EDGE_LOOP ( 'NONE', ( #7149, #5818, #8184, #6666, #1233, #1901, #3697, #6164, #7842, #7305 ) ) ;
#4850 = EDGE_LOOP ( 'NONE', ( #3440, #3096, #52, #9025 ) ) ;
#4851 = DIRECTION ( 'NONE',  ( 6.982962677686266711E-15, -1.000000000000000000, 0.000000000000000000 ) ) ;
#4852 = DIRECTION ( 'NONE',  ( 1.000000000000000000, 6.938893903907228378E-15, 0.000000000000000000 ) ) ;
#4853 = DIRECTION ( 'NONE',  ( -6.982962677686266711E-15, 1.000000000000000000, 0.000000000000000000 ) ) ;
#4854 = DIRECTION ( 'NONE',  ( 0.000000000000000000, 0.000000000000000000, -1.000000000000000000 ) ) ;
#4855 = EDGE_LOOP ( 'NONE', ( #2506, #5576, #9434, #6638, #7573, #7183, #4654, #4283, #6726, #2193, #6460, #7174, #8669, #7078, #5915, #9198, #789, #2715, #4990, #2167, #465, #4756, #3504, #5309, #3622, #1925, #1737, #8001, #3474, #3120, #7864, #3984, #7359, #6364, #7716, #3319, #5766, #1144, #488, #7855, #3290, #7244, #1084, #5960, #5650, #2150, #6044, #2402, #7200, #7822, #6731, #312, #1837, #7925 ) ) ;
#4856 = CARTESIAN_POINT ( 'NONE',  ( 8.100000000000292744, 28.59999999999991971, 32.50000000000000000 ) ) ;
#4857 = PLANE ( 'NONE',  #7055 ) ;
#4858 = EDGE_CURVE ( 'NONE', #7160, #5505, #7592, .T. ) ;
#4859 = VERTEX_POINT ( 'NONE', #8234 ) ;
#4860 = CARTESIAN_POINT ( 'NONE',  ( 9.713392816107106142, 24.50000000000007105, 1.299999999999997824 ) ) ;
#4861 = CARTESIAN_POINT ( 'NONE',  ( 11.29999999999961346, 24.50000000000008171, -32.50000000000000000 ) ) ;
#4862 = ORIENTED_EDGE ( 'NONE', *, *, #6877, .T. ) ;
#4863 = CYLINDRICAL_SURFACE ( 'NONE', #5288, 1.700000000000000178 ) ;
#4864 = CARTESIAN_POINT ( 'NONE',  ( 30.00000000000020606, 3.000000000000210942, 0.000000000000000000 ) ) ;
#4865 = LINE ( 'NONE', #6361, #8362 ) ;
#4866 = ORIENTED_EDGE ( 'NONE', *, *, #1399, .T. ) ;
#4867 = ORIENTED_EDGE ( 'NONE', *, *, #4356, .F. ) ;
#4868 = DIRECTION ( 'NONE',  ( 0.000000000000000000, 0.000000000000000000, 1.000000000000000000 ) ) ;
#4869 = VECTOR ( 'NONE', #2103, 1000.000000000000000 ) ;
#4870 = CARTESIAN_POINT ( 'NONE',  ( -9.800000000000290257, 28.59999999999991616, 34.00000000000000000 ) ) ;
#4871 = VERTEX_POINT ( 'NONE', #6095 ) ;
#4872 = CARTESIAN_POINT ( 'NONE',  ( -69.99999999999978684, 2.999999999999513278, -1.713039432527097006E-14 ) ) ;
#4873 = EDGE_CURVE ( 'NONE', #2502, #9407, #3236, .T. ) ;
#4874 = VECTOR ( 'NONE', #5182, 1000.000000000000000 ) ;
#4875 = ORIENTED_EDGE ( 'NONE', *, *, #3720, .T. ) ;
#4876 = DIRECTION ( 'NONE',  ( -6.982962677686266711E-15, 1.000000000000000000, -0.000000000000000000 ) ) ;
#4877 = EDGE_LOOP ( 'NONE', ( #1598, #7294, #1796, #2288, #3534, #8703 ) ) ;
#4878 = FACE_OUTER_BOUND ( 'NONE', #4648, .T. ) ;
#4879 = EDGE_CURVE ( 'NONE', #9390, #3344, #4599, .T. ) ;
#4880 = ORIENTED_EDGE ( 'NONE', *, *, #524, .T. ) ;
#4881 = VECTOR ( 'NONE', #8735, 1000.000000000000000 ) ;
#4882 = CARTESIAN_POINT ( 'NONE',  ( -6.999999999999995559, 10.70000000000000107, 50.40000000000001279 ) ) ;
#4883 = DIRECTION ( 'NONE',  ( -1.000000000000000000, 0.000000000000000000, 0.000000000000000000 ) ) ;
#4884 = CARTESIAN_POINT ( 'NONE',  ( 1.457608407558310110E-13, 24.00000000000000355, 7.599999999999999645 ) ) ;
#4885 = ORIENTED_EDGE ( 'NONE', *, *, #7572, .T. ) ;
#4886 = VECTOR ( 'NONE', #5809, 1000.000000000000000 ) ;
#4887 = EDGE_LOOP ( 'NONE', ( #5419, #3380, #2698, #3941 ) ) ;
#4888 = DIRECTION ( 'NONE',  ( -1.000000000000000000, 0.000000000000000000, 0.000000000000000000 ) ) ;
#4889 = AXIS2_PLACEMENT_3D ( 'NONE', #4893, #2674, #9245 ) ;
#4890 = CYLINDRICAL_SURFACE ( 'NONE', #1248, 1.000000000000000222 ) ;
#4891 = ORIENTED_EDGE ( 'NONE', *, *, #3329, .F. ) ;
#4892 = AXIS2_PLACEMENT_3D ( 'NONE', #109, #5959, #2244 ) ;
#4893 = CARTESIAN_POINT ( 'NONE',  ( -59.99999999999999289, 4.000000000000000000, -10.00000000000000000 ) ) ;
#4894 = ORIENTED_EDGE ( 'NONE', *, *, #8563, .T. ) ;
#4895 = EDGE_LOOP ( 'NONE', ( #4687, #7196, #3089, #3448 ) ) ;
#4896 = CYLINDRICAL_SURFACE ( 'NONE', #238, 5.099999999999997868 ) ;
#4897 = CARTESIAN_POINT ( 'NONE',  ( -4.912550490803702097, 26.02106459866804400, 33.87163985839704594 ) ) ;
#4898 = ADVANCED_FACE ( 'NONE', ( #7633 ), #5284, .F. ) ;
#4899 = CYLINDRICAL_SURFACE ( 'NONE', #3795, 1.750000000000032863 ) ;
#4900 = DIRECTION ( 'NONE',  ( 0.000000000000000000, 0.000000000000000000, 1.000000000000000000 ) ) ;
#4901 = VECTOR ( 'NONE', #8375, 1000.000000000000000 ) ;
#4902 = DIRECTION ( 'NONE',  ( -1.000000000000000000, -6.802837160693364202E-15, 0.000000000000000000 ) ) ;
#4903 = ORIENTED_EDGE ( 'NONE', *, *, #4674, .F. ) ;
#4904 = DIRECTION ( 'NONE',  ( -0.000000000000000000, 1.000000000000000000, -0.000000000000000000 ) ) ;
#4905 = CARTESIAN_POINT ( 'NONE',  ( -21.49999999999999289, 48.80255095400651300, 34.00000000000000000 ) ) ;
#4906 = AXIS2_PLACEMENT_3D ( 'NONE', #8804, #7935, #2181 ) ;
#4907 = EDGE_LOOP ( 'NONE', ( #6536, #1165, #3182, #8791, #1719, #6091, #6307, #7086 ) ) ;
#4908 = AXIS2_PLACEMENT_3D ( 'NONE', #8577, #4904, #3501 ) ;
#4909 = CARTESIAN_POINT ( 'NONE',  ( 73.14687499999999432, 3.000000000000000000, 4.812450283834088793 ) ) ;
#4910 = LINE ( 'NONE', #7863, #7846 ) ;
#4911 = ORIENTED_EDGE ( 'NONE', *, *, #5671, .F. ) ;
#4912 = DIRECTION ( 'NONE',  ( -6.209932073980642799E-17, -4.336372390357370473E-31, 1.000000000000000000 ) ) ;
#4913 = AXIS2_PLACEMENT_3D ( 'NONE', #379, #3330, #4839 ) ;
#4914 = AXIS2_PLACEMENT_3D ( 'NONE', #7323, #5150, #754 ) ;
#4915 = CARTESIAN_POINT ( 'NONE',  ( -30.00000000000000000, -33.00000000000000000, 1.000000000000001554 ) ) ;
#4916 = LINE ( 'NONE', #1142, #7761 ) ;
#4917 = EDGE_CURVE ( 'NONE', #5627, #8484, #239, .T. ) ;
#4918 = VECTOR ( 'NONE', #622, 1000.000000000000000 ) ;
#4919 = ADVANCED_FACE ( 'NONE', ( #929, #4734 ), #339, .F. ) ;
#4920 = ORIENTED_EDGE ( 'NONE', *, *, #6823, .F. ) ;
#4921 = ORIENTED_EDGE ( 'NONE', *, *, #5121, .F. ) ;
#4922 = DIRECTION ( 'NONE',  ( -1.000000000000000000, -7.116814260417670090E-15, 0.000000000000000000 ) ) ;
#4923 = CARTESIAN_POINT ( 'NONE',  ( -11.29999999999995097, 25.99999999999992184, -32.50000000000000000 ) ) ;
#4924 = VECTOR ( 'NONE', #5623, 1000.000000000000000 ) ;
#4925 = VERTEX_POINT ( 'NONE', #3874 ) ;
#4926 = DIRECTION ( 'NONE',  ( -1.000000000000000000, -6.982962677686266711E-15, 0.000000000000000000 ) ) ;
#4927 = ADVANCED_FACE ( 'NONE', ( #8401 ), #1702, .T. ) ;
#4928 = ORIENTED_EDGE ( 'NONE', *, *, #5464, .T. ) ;
#4929 = DIRECTION ( 'NONE',  ( -1.000000000000000000, -7.080503983578805401E-15, 0.000000000000000000 ) ) ;
#4930 = ORIENTED_EDGE ( 'NONE', *, *, #4274, .T. ) ;
#4931 = PLANE ( 'NONE',  #2187 ) ;
#4932 = ORIENTED_EDGE ( 'NONE', *, *, #9495, .T. ) ;
#4933 = LINE ( 'NONE', #382, #5891 ) ;
#4934 = DIRECTION ( 'NONE',  ( 6.982962677686266711E-15, -1.000000000000000000, 0.000000000000000000 ) ) ;
#4935 = EDGE_LOOP ( 'NONE', ( #2, #1443, #3062, #6154 ) ) ;
#4936 = AXIS2_PLACEMENT_3D ( 'NONE', #5895, #8171, #6711 ) ;
#4937 = EDGE_CURVE ( 'NONE', #5007, #3919, #6046, .T. ) ;
#4938 = AXIS2_PLACEMENT_3D ( 'NONE', #5896, #8851, #8948 ) ;
#4939 = ORIENTED_EDGE ( 'NONE', *, *, #297, .T. ) ;
#4940 = CARTESIAN_POINT ( 'NONE',  ( 8.100000000000292744, 28.59999999999991971, 31.00000000000000000 ) ) ;
#4941 = DIRECTION ( 'NONE',  ( -6.982962677686266711E-15, 1.000000000000000000, 0.000000000000000000 ) ) ;
#4942 = VERTEX_POINT ( 'NONE', #3828 ) ;
#4943 = EDGE_CURVE ( 'NONE', #2730, #5794, #4199, .T. ) ;
#4944 = EDGE_CURVE ( 'NONE', #6652, #2825, #6514, .T. ) ;
#4945 = VECTOR ( 'NONE', #7928, 1000.000000000000000 ) ;
#4946 = CARTESIAN_POINT ( 'NONE',  ( 60.00000000000000000, 4.000000000000000000, -1.387778780781445676E-14 ) ) ;
#4947 = ORIENTED_EDGE ( 'NONE', *, *, #1936, .F. ) ;
#4948 = EDGE_LOOP ( 'NONE', ( #2804, #3472 ) ) ;
#4949 = CARTESIAN_POINT ( 'NONE',  ( -69.99999999999975842, -4.857225732735059864E-13, -1.713039432527097006E-14 ) ) ;
#4950 = CARTESIAN_POINT ( 'NONE',  ( -1.711924138386540470E-13, 24.50000000000000000, -32.50000000000000000 ) ) ;
#4951 = DIRECTION ( 'NONE',  ( 1.211350928885223128E-30, -1.734723475976806848E-16, -1.000000000000000000 ) ) ;
#4952 = CYLINDRICAL_SURFACE ( 'NONE', #2186, 7.599999999999999645 ) ;
#4953 = VECTOR ( 'NONE', #5340, 1000.000000000000000 ) ;
#4954 = CARTESIAN_POINT ( 'NONE',  ( 30.00000000000000000, -33.00000000000000000, 0.000000000000000000 ) ) ;
#4955 = ORIENTED_EDGE ( 'NONE', *, *, #9437, .F. ) ;
#4956 = CARTESIAN_POINT ( 'NONE',  ( 5.003653915625222659, 31.28811021175518903, 31.48118766868808649 ) ) ;
#4957 = CARTESIAN_POINT ( 'NONE',  ( -60.00000000000000000, 25.00000000000000000, 0.000000000000000000 ) ) ;
#4958 = ORIENTED_EDGE ( 'NONE', *, *, #4049, .F. ) ;
#4959 = DIRECTION ( 'NONE',  ( -6.982962677686266711E-15, 1.000000000000000000, 0.000000000000000000 ) ) ;
#4960 = CARTESIAN_POINT ( 'NONE',  ( 60.00000000000000000, 4.000000000000000000, -1.387778780781445676E-14 ) ) ;
#4961 = ORIENTED_EDGE ( 'NONE', *, *, #3701, .F. ) ;
#4962 = CARTESIAN_POINT ( 'NONE',  ( 60.00000000000000000, 3.000000000000000000, 4.499999999999991118 ) ) ;
#4963 = FACE_BOUND ( 'NONE', #4188, .T. ) ;
#4964 = DIRECTION ( 'NONE',  ( 0.000000000000000000, 0.000000000000000000, -1.000000000000000000 ) ) ;
#4965 = ORIENTED_EDGE ( 'NONE', *, *, #2608, .F. ) ;
#4966 = EDGE_LOOP ( 'NONE', ( #3570, #3743, #559, #1155 ) ) ;
#4967 = EDGE_CURVE ( 'NONE', #1562, #3432, #1882, .T. ) ;
#4968 = VECTOR ( 'NONE', #8237, 1000.000000000000000 ) ;
#4969 = EDGE_CURVE ( 'NONE', #1986, #8176, #1110, .T. ) ;
#4970 = DIRECTION ( 'NONE',  ( 0.000000000000000000, 0.000000000000000000, -1.000000000000000000 ) ) ;
#4971 = AXIS2_PLACEMENT_3D ( 'NONE', #6701, #8882, #5204 ) ;
#4972 = EDGE_CURVE ( 'NONE', #3361, #4842, #9086, .T. ) ;
#4973 = DIRECTION ( 'NONE',  ( -6.982962677686266711E-15, 1.000000000000000000, -0.000000000000000000 ) ) ;
#4974 = ORIENTED_EDGE ( 'NONE', *, *, #7800, .F. ) ;
#4975 = EDGE_CURVE ( 'NONE', #1500, #5496, #287, .T. ) ;
#4976 = CIRCLE ( 'NONE', #334, 5.500000000000003553 ) ;
#4977 = AXIS2_PLACEMENT_3D ( 'NONE', #2020, #9264, #7865 ) ;
#4978 = DIRECTION ( 'NONE',  ( -6.982962677686266711E-15, 1.000000000000000000, -0.000000000000000000 ) ) ;
#4979 = ORIENTED_EDGE ( 'NONE', *, *, #2850, .T. ) ;
#4980 = PLANE ( 'NONE',  #3057 ) ;
#4981 = VERTEX_POINT ( 'NONE', #6277 ) ;
#4982 = FACE_OUTER_BOUND ( 'NONE', #3193, .T. ) ;
#4983 = AXIS2_PLACEMENT_3D ( 'NONE', #7514, #209, #164 ) ;
#4984 = ORIENTED_EDGE ( 'NONE', *, *, #2331, .F. ) ;
#4985 = ADVANCED_FACE ( 'NONE', ( #2706 ), #3480, .F. ) ;
#4986 = FACE_OUTER_BOUND ( 'NONE', #8988, .T. ) ;
#4987 = FACE_OUTER_BOUND ( 'NONE', #9320, .T. ) ;
#4988 = VERTEX_POINT ( 'NONE', #8655 ) ;
#4989 = EDGE_CURVE ( 'NONE', #3056, #7701, #4788, .T. ) ;
#4990 = ORIENTED_EDGE ( 'NONE', *, *, #8100, .T. ) ;
#4991 = CARTESIAN_POINT ( 'NONE',  ( 4.929826503170722241, 26.00000000000003553, -31.19355036506035717 ) ) ;
#4992 = CARTESIAN_POINT ( 'NONE',  ( 8.100000000000292744, 28.59999999999991971, 34.00000000000000000 ) ) ;
#4993 = ORIENTED_EDGE ( 'NONE', *, *, #7037, .F. ) ;
#4994 = LINE ( 'NONE', #54, #7360 ) ;
#4995 = VERTEX_POINT ( 'NONE', #7738 ) ;
#4996 = ORIENTED_EDGE ( 'NONE', *, *, #803, .T. ) ;
#4997 = DIRECTION ( 'NONE',  ( 0.000000000000000000, -0.000000000000000000, 1.000000000000000000 ) ) ;
#4998 = CARTESIAN_POINT ( 'NONE',  ( 60.00000000000000000, 25.00000000000000000, -1.387778780781445676E-14 ) ) ;
#4999 = CARTESIAN_POINT ( 'NONE',  ( -15.00000000000055955, 113.0181803158004641, -39.00000000000001421 ) ) ;
#5000 = LINE ( 'NONE', #1421, #1101 ) ;
#5001 = EDGE_CURVE ( 'NONE', #2203, #9273, #960, .T. ) ;
#5002 = ORIENTED_EDGE ( 'NONE', *, *, #6728, .T. ) ;
#5003 = DIRECTION ( 'NONE',  ( 0.000000000000000000, 0.000000000000000000, 1.000000000000000000 ) ) ;
#5004 = ORIENTED_EDGE ( 'NONE', *, *, #8432, .T. ) ;
#5005 = DIRECTION ( 'NONE',  ( -6.982962677686266711E-15, 1.000000000000000000, 0.000000000000000000 ) ) ;
#5006 = EDGE_CURVE ( 'NONE', #5318, #8105, #6820, .T. ) ;
#5007 = VERTEX_POINT ( 'NONE', #8607 ) ;
#5008 = CARTESIAN_POINT ( 'NONE',  ( -69.89949493661148949, -4.857225732735059864E-13, 9.899494936611587192 ) ) ;
#5009 =( NAMED_UNIT ( * ) SI_UNIT ( $, .STERADIAN. ) SOLID_ANGLE_UNIT ( ) );
#5010 = VERTEX_POINT ( 'NONE', #9329 ) ;
#5011 = CYLINDRICAL_SURFACE ( 'NONE', #4361, 5.099999999999997868 ) ;
#5012 = CARTESIAN_POINT ( 'NONE',  ( -2.897929511239801316E-13, 44.50000000000000711, 32.50000000000000000 ) ) ;
#5013 = FACE_OUTER_BOUND ( 'NONE', #2280, .T. ) ;
#5014 = ORIENTED_EDGE ( 'NONE', *, *, #1939, .F. ) ;
#5015 = ORIENTED_EDGE ( 'NONE', *, *, #8079, .F. ) ;
#5016 = DIRECTION ( 'NONE',  ( -0.000000000000000000, -1.000000000000000000, 0.000000000000000000 ) ) ;
#5017 = CARTESIAN_POINT ( 'NONE',  ( -59.99999999999977263, -4.163336342344337531E-13, -11.75000000000004441 ) ) ;
#5018 = ORIENTED_EDGE ( 'NONE', *, *, #1808, .F. ) ;
#5019 = EDGE_CURVE ( 'NONE', #6176, #5505, #4933, .T. ) ;
#5020 = DIRECTION ( 'NONE',  ( 0.000000000000000000, -0.000000000000000000, -1.000000000000000000 ) ) ;
#5021 = VERTEX_POINT ( 'NONE', #4113 ) ;
#5022 = FACE_OUTER_BOUND ( 'NONE', #4895, .T. ) ;
#5023 = ORIENTED_EDGE ( 'NONE', *, *, #7619, .T. ) ;
#5024 = DIRECTION ( 'NONE',  ( 0.000000000000000000, 1.000000000000000000, 0.000000000000000000 ) ) ;
#5025 = ORIENTED_EDGE ( 'NONE', *, *, #6325, .T. ) ;
#5026 = CARTESIAN_POINT ( 'NONE',  ( 70.44103962761788296, 3.000000000000495159, 8.828640442460654825 ) ) ;
#5027 = CARTESIAN_POINT ( 'NONE',  ( 7.470345474798854293E-16, -20.99999999999999645, 6.099999999999999645 ) ) ;
#5028 = AXIS2_PLACEMENT_3D ( 'NONE', #5231, #7264, #1564 ) ;
#5029 = VERTEX_POINT ( 'NONE', #8559 ) ;
#5030 = ORIENTED_EDGE ( 'NONE', *, *, #2371, .F. ) ;
#5031 = CARTESIAN_POINT ( 'NONE',  ( 70.00000000000022737, 4.926614671774132148E-13, 0.000000000000000000 ) ) ;
#5032 = EDGE_CURVE ( 'NONE', #9463, #417, #9237, .T. ) ;
#5033 = CARTESIAN_POINT ( 'NONE',  ( 2.499999999999830802, 24.50000000000001776, -32.50000000000000000 ) ) ;
#5034 = ADVANCED_FACE ( 'NONE', ( #6421 ), #3331, .F. ) ;
#5035 = EDGE_LOOP ( 'NONE', ( #1205, #8064, #5155, #8569 ) ) ;
#5036 = DIRECTION ( 'NONE',  ( 0.000000000000000000, 0.000000000000000000, 1.000000000000000000 ) ) ;
#5037 = ORIENTED_EDGE ( 'NONE', *, *, #6357, .F. ) ;
#5038 = AXIS2_PLACEMENT_3D ( 'NONE', #3915, #5322, #9040 ) ;
#5039 = DIRECTION ( 'NONE',  ( 0.000000000000000000, 1.000000000000000000, -0.000000000000000000 ) ) ;
#5040 = CARTESIAN_POINT ( 'NONE',  ( 8.100000000000292744, 28.59999999999991971, -34.00000000000000000 ) ) ;
#5041 = VECTOR ( 'NONE', #6463, 1000.000000000000000 ) ;
#5042 = PLANE ( 'NONE',  #8977 ) ;
#5043 = ORIENTED_EDGE ( 'NONE', *, *, #5019, .F. ) ;
#5044 = CARTESIAN_POINT ( 'NONE',  ( 11.29999999999961346, 24.50000000000008171, 32.50000000000000000 ) ) ;
#5045 = EDGE_LOOP ( 'NONE', ( #3765, #5255, #5983, #2738, #7785, #3807 ) ) ;
#5046 = LINE ( 'NONE', #8095, #124 ) ;
#5047 = EDGE_CURVE ( 'NONE', #1839, #2662, #7885, .T. ) ;
#5048 = ORIENTED_EDGE ( 'NONE', *, *, #7698, .T. ) ;
#5049 = EDGE_CURVE ( 'NONE', #1454, #4307, #2194, .T. ) ;
#5050 = CARTESIAN_POINT ( 'NONE',  ( -12.20000000000028706, 28.59999999999991616, -34.00000000000000000 ) ) ;
#5051 = CARTESIAN_POINT ( 'NONE',  ( -2.500000000000179412, 25.99999999999998579, 31.25000000000000000 ) ) ;
#5052 = DIRECTION ( 'NONE',  ( -1.000000000000000000, 0.000000000000000000, -1.734723475976806700E-15 ) ) ;
#5053 = DIRECTION ( 'NONE',  ( 0.000000000000000000, 0.000000000000000000, 1.000000000000000000 ) ) ;
#5054 = LINE ( 'NONE', #9555, #2821 ) ;
#5055 = ADVANCED_FACE ( 'NONE', ( #4986 ), #4210, .F. ) ;
#5056 = VERTEX_POINT ( 'NONE', #7158 ) ;
#5057 = ORIENTED_EDGE ( 'NONE', *, *, #4665, .T. ) ;
#5059 = CIRCLE ( 'NONE', #419, 4.099999999999999645 ) ;
#5058 = FACE_BOUND ( 'NONE', #9435, .T. ) ;
#5060 = AXIS2_PLACEMENT_3D ( 'NONE', #8384, #6849, #996 ) ;
#5061 = EDGE_CURVE ( 'NONE', #4213, #1143, #1301, .T. ) ;
#5062 = ADVANCED_FACE ( 'NONE', ( #2666 ), #7835, .F. ) ;
#5063 = AXIS2_PLACEMENT_3D ( 'NONE', #9138, #7632, #1014 ) ;
#5064 = AXIS2_PLACEMENT_3D ( 'NONE', #3320, #6267, #4831 ) ;
#5065 = CARTESIAN_POINT ( 'NONE',  ( -12.99999999999979394, 2.999999999999912514, 34.00000000000000000 ) ) ;
#5066 = CARTESIAN_POINT ( 'NONE',  ( -59.99999999999999289, 3.000000000000000000, -10.00000000000000000 ) ) ;
#5067 = VERTEX_POINT ( 'NONE', #2557 ) ;
#5068 = CYLINDRICAL_SURFACE ( 'NONE', #3422, 4.099999999999999645 ) ;
#5069 = DIRECTION ( 'NONE',  ( 0.4512872425049601621, 3.151321971328088097E-15, 0.8923787451257841896 ) ) ;
#5070 = AXIS2_PLACEMENT_3D ( 'NONE', #16, #3597, #2919 ) ;
#5071 = AXIS2_PLACEMENT_3D ( 'NONE', #69, #5776, #5053 ) ;
#5072 = ORIENTED_EDGE ( 'NONE', *, *, #1586, .T. ) ;
#5073 = CARTESIAN_POINT ( 'NONE',  ( 0.000000000000000000, -31.00000000000000000, 0.000000000000000000 ) ) ;
#5074 = ORIENTED_EDGE ( 'NONE', *, *, #1417, .F. ) ;
#5075 = CIRCLE ( 'NONE', #2596, 7.799999999999999822 ) ;
#5076 = EDGE_CURVE ( 'NONE', #7236, #7038, #5557, .T. ) ;
#5077 = AXIS2_PLACEMENT_3D ( 'NONE', #4417, #3693, #6634 ) ;
#5078 = VERTEX_POINT ( 'NONE', #1895 ) ;
#5079 = FACE_OUTER_BOUND ( 'NONE', #8365, .T. ) ;
#5080 = CARTESIAN_POINT ( 'NONE',  ( 64.81245028383426643, 4.000000000000000000, 13.14687499999992681 ) ) ;
#5081 = FACE_OUTER_BOUND ( 'NONE', #2016, .T. ) ;
#5082 = VECTOR ( 'NONE', #5801, 1000.000000000000000 ) ;
#5083 = VERTEX_POINT ( 'NONE', #4162 ) ;
#5084 = DIRECTION ( 'NONE',  ( -6.982962677686266711E-15, 1.000000000000000000, -0.000000000000000000 ) ) ;
#5085 = DIRECTION ( 'NONE',  ( -6.987186840583977580E-15, 1.000000000000000000, 0.000000000000000000 ) ) ;
#5086 = ORIENTED_EDGE ( 'NONE', *, *, #2954, .T. ) ;
#5087 = EDGE_CURVE ( 'NONE', #4812, #4130, #5424, .T. ) ;
#5088 = DIRECTION ( 'NONE',  ( 6.982962677686265922E-15, -1.000000000000000000, -0.000000000000000000 ) ) ;
#5089 = ORIENTED_EDGE ( 'NONE', *, *, #401, .F. ) ;
#5090 = EDGE_CURVE ( 'NONE', #6898, #8167, #2493, .T. ) ;
#5091 = CARTESIAN_POINT ( 'NONE',  ( 25.19999999999998153, 3.000000000000002665, 49.20000000000001705 ) ) ;
#5092 = CARTESIAN_POINT ( 'NONE',  ( -1.711924138386540470E-13, 24.50000000000000000, -1.299999999999997824 ) ) ;
#5093 = ADVANCED_FACE ( 'NONE', ( #5079 ), #7979, .F. ) ;
#5094 = LINE ( 'NONE', #2291, #6655 ) ;
#5095 = ORIENTED_EDGE ( 'NONE', *, *, #332, .F. ) ;
#5096 = AXIS2_PLACEMENT_3D ( 'NONE', #3346, #1128, #9299 ) ;
#5097 = FACE_BOUND ( 'NONE', #1366, .T. ) ;
#5098 = ORIENTED_EDGE ( 'NONE', *, *, #633, .F. ) ;
#5099 = CARTESIAN_POINT ( 'NONE',  ( -6.502183067439431419, -4.163336342344337027E-14, -19.00000000000001421 ) ) ;
#5100 = ORIENTED_EDGE ( 'NONE', *, *, #8304, .F. ) ;
#5101 = FACE_OUTER_BOUND ( 'NONE', #3388, .T. ) ;
#5102 = DIRECTION ( 'NONE',  ( 5.511918536011418060E-45, -7.888609052210118054E-31, 1.000000000000000000 ) ) ;
#5103 = CARTESIAN_POINT ( 'NONE',  ( 2.499999999999830802, 24.50000000000001776, -31.25000000000000000 ) ) ;
#5104 = CIRCLE ( 'NONE', #6033, 1.750000000000003331 ) ;
#5105 = CARTESIAN_POINT ( 'NONE',  ( 60.00000000000000000, 4.000000000000000000, -4.500000000000018652 ) ) ;
#5106 = CARTESIAN_POINT ( 'NONE',  ( -4.929826503170779084, 25.99999999999996803, -33.80644963494063404 ) ) ;
#5107 = ORIENTED_EDGE ( 'NONE', *, *, #1788, .F. ) ;
#5108 = CARTESIAN_POINT ( 'NONE',  ( 8.100000000000292744, 28.59999999999991971, -31.00000000000000000 ) ) ;
#5109 = AXIS2_PLACEMENT_3D ( 'NONE', #9242, #8518, #1900 ) ;
#5110 = EDGE_CURVE ( 'NONE', #2220, #5305, #7751, .T. ) ;
#5111 = DIRECTION ( 'NONE',  ( 0.000000000000000000, -1.000000000000000000, 7.888609052210118054E-31 ) ) ;
#5112 = CARTESIAN_POINT ( 'NONE',  ( 11.19999999999961560, 25.91671842699938466, -34.00000000000000000 ) ) ;
#5113 = EDGE_LOOP ( 'NONE', ( #8503, #5735, #8480, #3397 ) ) ;
#5114 = CARTESIAN_POINT ( 'NONE',  ( 3.815756805667828822, 26.00000000000002842, -1.500000000000003553 ) ) ;
#5115 = CARTESIAN_POINT ( 'NONE',  ( 25.20000000000003482, 9.899999999999993250, 19.00000000000000355 ) ) ;
#5116 =( GEOMETRIC_REPRESENTATION_CONTEXT ( 3 ) GLOBAL_UNCERTAINTY_ASSIGNED_CONTEXT ( ( #4678 ) ) GLOBAL_UNIT_ASSIGNED_CONTEXT ( ( #7585, #4837, #6225 ) ) REPRESENTATION_CONTEXT ( 'NONE', 'WORKASPACE' ) );
#5117 = ORIENTED_EDGE ( 'NONE', *, *, #7951, .F. ) ;
#5118 = DIRECTION ( 'NONE',  ( 1.000000000000000000, 0.000000000000000000, 0.000000000000000000 ) ) ;
#5119 = VERTEX_POINT ( 'NONE', #2082 ) ;
#5120 = ADVANCED_FACE ( 'NONE', ( #6664 ), #7342, .T. ) ;
#5121 = EDGE_CURVE ( 'NONE', #6269, #2383, #3740, .T. ) ;
#5122 = VECTOR ( 'NONE', #5978, 1000.000000000000000 ) ;
#5123 = DIRECTION ( 'NONE',  ( 1.000000000000000000, 6.982962677686266711E-15, 0.000000000000000000 ) ) ;
#5124 = EDGE_LOOP ( 'NONE', ( #1887, #4275, #778, #7927 ) ) ;
#5125 = AXIS2_PLACEMENT_3D ( 'NONE', #3146, #5368, #8314 ) ;
#5126 = VECTOR ( 'NONE', #8656, 1000.000000000000000 ) ;
#5127 = LINE ( 'NONE', #8074, #4520 ) ;
#5128 = CYLINDRICAL_SURFACE ( 'NONE', #28, 14.00000000000000178 ) ;
#5129 = FACE_OUTER_BOUND ( 'NONE', #7795, .T. ) ;
#5130 = EDGE_LOOP ( 'NONE', ( #7115, #6559, #1434, #695 ) ) ;
#5131 = DIRECTION ( 'NONE',  ( -1.000000000000000000, -7.061706185392451219E-15, 0.000000000000000000 ) ) ;
#5132 = VECTOR ( 'NONE', #5685, 1000.000000000000000 ) ;
#5133 = CARTESIAN_POINT ( 'NONE',  ( 60.00000000000000000, 26.00000000000000355, -1.387778780781445676E-14 ) ) ;
#5134 = ORIENTED_EDGE ( 'NONE', *, *, #9571, .T. ) ;
#5135 = DIRECTION ( 'NONE',  ( 0.000000000000000000, 1.000000000000000000, -0.000000000000000000 ) ) ;
#5136 = CARTESIAN_POINT ( 'NONE',  ( 30.00000000000020606, 3.000000000000210942, 1.000000000000001554 ) ) ;
#5137 = ORIENTED_EDGE ( 'NONE', *, *, #7559, .F. ) ;
#5138 = DIRECTION ( 'NONE',  ( 0.000000000000000000, 0.000000000000000000, 1.000000000000000000 ) ) ;
#5139 = CARTESIAN_POINT ( 'NONE',  ( -60.00000000000000000, 4.000000000000000000, 11.75000000000010658 ) ) ;
#5140 = ORIENTED_EDGE ( 'NONE', *, *, #6057, .T. ) ;
#5141 = EDGE_CURVE ( 'NONE', #1624, #7695, #4976, .T. ) ;
#5142 = EDGE_CURVE ( 'NONE', #9079, #358, #5169, .T. ) ;
#5143 = DIRECTION ( 'NONE',  ( 1.000000000000000000, 0.000000000000000000, 0.000000000000000000 ) ) ;
#5144 = ORIENTED_EDGE ( 'NONE', *, *, #723, .F. ) ;
#5145 = DIRECTION ( 'NONE',  ( 0.000000000000000000, 0.000000000000000000, -1.000000000000000000 ) ) ;
#5146 = ORIENTED_EDGE ( 'NONE', *, *, #4967, .T. ) ;
#5147 = CARTESIAN_POINT ( 'NONE',  ( -60.00000000000000000, 4.000000000000000000, 10.00000000000000000 ) ) ;
#5148 = ORIENTED_EDGE ( 'NONE', *, *, #3526, .T. ) ;
#5149 = DIRECTION ( 'NONE',  ( -6.987186840583977580E-15, 1.000000000000000000, 7.888609052210118054E-31 ) ) ;
#5150 = DIRECTION ( 'NONE',  ( -6.982962677686266711E-15, 1.000000000000000000, -0.000000000000000000 ) ) ;
#5151 = PLANE ( 'NONE',  #6054 ) ;
#5152 = CARTESIAN_POINT ( 'NONE',  ( -2.500000000000169198, 24.49999999999998224, -31.25000000000000000 ) ) ;
#5153 = CLOSED_SHELL ( 'NONE', ( #750, #8267, #6549, #22, #6706, #8449, #7755, #2790, #3347, #4644, #5725, #3037, #381, #4562, #5375, #7893, #3814, #3902, #632, #7734, #3282, #2620, #8351, #6149, #6089, #3661, #4775, #4792, #502, #2394, #7394, #133, #5934, #8753, #2015, #4251, #9514, #7712, #2618, #74, #974, #7365, #50, #2979, #2257, #343, #2886, #9164, #6427, #2289, #9485, #7065, #9513, #1267, #1558, #6708 ) ) ;
#5154 = DIRECTION ( 'NONE',  ( -1.000000000000000000, 0.000000000000000000, 0.000000000000000000 ) ) ;
#5155 = ORIENTED_EDGE ( 'NONE', *, *, #4134, .F. ) ;
#5156 = EDGE_CURVE ( 'NONE', #4609, #2634, #2851, .T. ) ;
#5157 = DIRECTION ( 'NONE',  ( 0.000000000000000000, 0.000000000000000000, -1.000000000000000000 ) ) ;
#5158 = CARTESIAN_POINT ( 'NONE',  ( 60.00000000000000000, 25.00000000000000000, -1.387778780781445676E-14 ) ) ;
#5159 = CARTESIAN_POINT ( 'NONE',  ( 55.86932208953562906, 3.000000000000391243, -14.00000000000000533 ) ) ;
#5160 = VERTEX_POINT ( 'NONE', #5026 ) ;
#5161 = FACE_OUTER_BOUND ( 'NONE', #1108, .T. ) ;
#5162 = PLANE ( 'NONE',  #743 ) ;
#5163 = ORIENTED_EDGE ( 'NONE', *, *, #3545, .T. ) ;
#5164 = FACE_OUTER_BOUND ( 'NONE', #8386, .T. ) ;
#5165 = ORIENTED_EDGE ( 'NONE', *, *, #1657, .T. ) ;
#5166 = PRESENTATION_STYLE_ASSIGNMENT (( #4581 ) ) ;
#5167 = VERTEX_POINT ( 'NONE', #5936 ) ;
#5168 = ADVANCED_FACE ( 'NONE', ( #7301 ), #7446, .T. ) ;
#5169 = LINE ( 'NONE', #2807, #6194 ) ;
#5170 = DIRECTION ( 'NONE',  ( 6.987186840583977580E-15, -1.000000000000000000, 7.888609052210118054E-31 ) ) ;
#5171 = CARTESIAN_POINT ( 'NONE',  ( 0.000000000000000000, 0.000000000000000000, 49.20000000000001705 ) ) ;
#5172 = DIRECTION ( 'NONE',  ( -6.982962677686266711E-15, 1.000000000000000000, -0.000000000000000000 ) ) ;
#5173 = ORIENTED_EDGE ( 'NONE', *, *, #6380, .F. ) ;
#5174 = CARTESIAN_POINT ( 'NONE',  ( -8.100000000000289191, 28.59999999999991616, 34.00000000000000000 ) ) ;
#5175 = AXIS2_PLACEMENT_3D ( 'NONE', #6791, #7513, #9014 ) ;
#5176 = ADVANCED_FACE ( 'NONE', ( #2896 ), #5215, .T. ) ;
#5177 = CARTESIAN_POINT ( 'NONE',  ( 6.502183067439896824, 4.857225732735059864E-14, 13.99999999999998757 ) ) ;
#5178 = ORIENTED_EDGE ( 'NONE', *, *, #2903, .T. ) ;
#5179 = CARTESIAN_POINT ( 'NONE',  ( 60.00000000000000000, 26.00000000000000355, -1.387778780781445676E-14 ) ) ;
#5180 = LINE ( 'NONE', #8903, #403 ) ;
#5181 = ORIENTED_EDGE ( 'NONE', *, *, #8666, .F. ) ;
#5182 = DIRECTION ( 'NONE',  ( 1.000000000000000000, 6.982962677686266711E-15, 6.209932073980642799E-17 ) ) ;
#5183 = CARTESIAN_POINT ( 'NONE',  ( -2.897929511239801316E-13, 44.50000000000000711, 32.50000000000000000 ) ) ;
#5184 = ORIENTED_EDGE ( 'NONE', *, *, #8958, .T. ) ;
#5185 = CYLINDRICAL_SURFACE ( 'NONE', #5571, 1.749999999999996891 ) ;
#5186 = VERTEX_POINT ( 'NONE', #7252 ) ;
#5187 = DIRECTION ( 'NONE',  ( 6.982962677686265922E-15, -1.000000000000000000, -0.000000000000000000 ) ) ;
#5188 = ORIENTED_EDGE ( 'NONE', *, *, #2360, .T. ) ;
#5189 = CARTESIAN_POINT ( 'NONE',  ( -69.99999999999998579, 3.000000000000000000, 0.000000000000000000 ) ) ;
#5190 = EDGE_CURVE ( 'NONE', #8114, #3997, #8848, .T. ) ;
#5191 = ORIENTED_EDGE ( 'NONE', *, *, #5752, .F. ) ;
#5192 = CARTESIAN_POINT ( 'NONE',  ( 70.44103962761791138, 4.961309141293668290E-13, 8.828640442460654825 ) ) ;
#5193 = AXIS2_PLACEMENT_3D ( 'NONE', #8932, #8205, #217 ) ;
#5194 = LINE ( 'NONE', #9552, #7754 ) ;
#5195 = CARTESIAN_POINT ( 'NONE',  ( 8.100000000000292744, 28.59999999999991971, -31.00000000000000000 ) ) ;
#5196 = FACE_OUTER_BOUND ( 'NONE', #3484, .T. ) ;
#5197 = VERTEX_POINT ( 'NONE', #5848 ) ;
#5198 = AXIS2_PLACEMENT_3D ( 'NONE', #4121, #2002, #1124 ) ;
#5199 = FACE_OUTER_BOUND ( 'NONE', #3809, .T. ) ;
#5200 = CYLINDRICAL_SURFACE ( 'NONE', #6755, 5.500000000000003553 ) ;
#5201 = DIRECTION ( 'NONE',  ( -0.000000000000000000, -0.000000000000000000, -1.000000000000000000 ) ) ;
#5202 = EDGE_LOOP ( 'NONE', ( #4391, #8649, #4493, #384, #4018, #865 ) ) ;
#5203 = EDGE_CURVE ( 'NONE', #4718, #1060, #628, .T. ) ;
#5204 = DIRECTION ( 'NONE',  ( 1.000000000000000000, 6.802837160693364202E-15, 0.000000000000000000 ) ) ;
#5205 = LINE ( 'NONE', #7335, #3048 ) ;
#5206 = ORIENTED_EDGE ( 'NONE', *, *, #8717, .F. ) ;
#5207 = FACE_OUTER_BOUND ( 'NONE', #2656, .T. ) ;
#5208 = ORIENTED_EDGE ( 'NONE', *, *, #6062, .F. ) ;
#5209 = VECTOR ( 'NONE', #5388, 1000.000000000000000 ) ;
#5210 = CARTESIAN_POINT ( 'NONE',  ( -8.100000000000289191, 28.59999999999991616, 31.00000000000000000 ) ) ;
#5211 = CIRCLE ( 'NONE', #1508, 9.799999999999998934 ) ;
#5212 = EDGE_LOOP ( 'NONE', ( #430, #3572, #6862, #8025 ) ) ;
#5213 = AXIS2_PLACEMENT_3D ( 'NONE', #1151, #9173, #4104 ) ;
#5214 = AXIS2_PLACEMENT_3D ( 'NONE', #9199, #7607, #3891 ) ;
#5215 = PLANE ( 'NONE',  #5743 ) ;
#5216 = CARTESIAN_POINT ( 'NONE',  ( -6.502183067439452735, 2.999999999999957367, 19.00000000000001421 ) ) ;
#5217 = EDGE_CURVE ( 'NONE', #7759, #9377, #8218, .T. ) ;
#5218 = DIRECTION ( 'NONE',  ( 1.000000000000000000, 7.709882115452482111E-15, 0.000000000000000000 ) ) ;
#5219 = AXIS2_PLACEMENT_3D ( 'NONE', #7181, #7275, #1326 ) ;
#5220 = VECTOR ( 'NONE', #4277, 1000.000000000000000 ) ;
#5221 = CARTESIAN_POINT ( 'NONE',  ( -55.86932208953504642, -3.885780586188047891E-13, 13.99999999999998401 ) ) ;
#5222 = ORIENTED_EDGE ( 'NONE', *, *, #6851, .F. ) ;
#5223 = LINE ( 'NONE', #3094, #3368 ) ;
#5224 = AXIS2_PLACEMENT_3D ( 'NONE', #598, #5813, #6494 ) ;
#5225 = CARTESIAN_POINT ( 'NONE',  ( 14.99999999999944222, 113.0181803158006915, -49.00000000000001421 ) ) ;
#5226 = ORIENTED_EDGE ( 'NONE', *, *, #6753, .T. ) ;
#5227 = LINE ( 'NONE', #4905, #1036 ) ;
#5228 = CYLINDRICAL_SURFACE ( 'NONE', #1651, 7.599999999999999645 ) ;
#5229 = ORIENTED_EDGE ( 'NONE', *, *, #3921, .T. ) ;
#5230 = EDGE_CURVE ( 'NONE', #7146, #9390, #8748, .T. ) ;
#5231 = CARTESIAN_POINT ( 'NONE',  ( -29.99999999999979039, 2.999999999999794387, 0.000000000000000000 ) ) ;
#5232 = CYLINDRICAL_SURFACE ( 'NONE', #6119, 14.00000000000000178 ) ;
#5233 = AXIS2_PLACEMENT_3D ( 'NONE', #3301, #3453, #2057 ) ;
#5234 = ORIENTED_EDGE ( 'NONE', *, *, #2222, .T. ) ;
#5235 = CARTESIAN_POINT ( 'NONE',  ( -25.20000000000012719, -0.2000000000000000111, 102.6999999999999886 ) ) ;
#5236 = VERTEX_POINT ( 'NONE', #8119 ) ;
#5237 = DIRECTION ( 'NONE',  ( -0.000000000000000000, -1.000000000000000000, 0.000000000000000000 ) ) ;
#5238 = ORIENTED_EDGE ( 'NONE', *, *, #723, .T. ) ;
#5239 = EDGE_CURVE ( 'NONE', #2391, #5560, #5127, .T. ) ;
#5240 = CARTESIAN_POINT ( 'NONE',  ( 25.19999999999998153, 9.899999999999993250, 49.20000000000001705 ) ) ;
#5241 = EDGE_CURVE ( 'NONE', #1396, #6283, #2224, .T. ) ;
#5242 = ORIENTED_EDGE ( 'NONE', *, *, #7109, .T. ) ;
#5243 = FILL_AREA_STYLE ('',( #7322 ) ) ;
#5244 = LINE ( 'NONE', #2387, #3860 ) ;
#5245 = DIRECTION ( 'NONE',  ( 6.982962677686265922E-15, -1.000000000000000000, 0.000000000000000000 ) ) ;
#5246 = CIRCLE ( 'NONE', #8799, 9.999999999999998224 ) ;
#5247 = CARTESIAN_POINT ( 'NONE',  ( -11.29999999999994031, 24.49999999999992184, -32.50000000000000000 ) ) ;
#5248 = CARTESIAN_POINT ( 'NONE',  ( -69.99999999999998579, 4.000000000000000000, 0.000000000000000000 ) ) ;
#5249 = CIRCLE ( 'NONE', #2806, 0.7499999999999986677 ) ;
#5250 = ORIENTED_EDGE ( 'NONE', *, *, #7094, .F. ) ;
#5251 = LINE ( 'NONE', #8201, #5559 ) ;
#5252 = DIRECTION ( 'NONE',  ( 0.000000000000000000, 0.000000000000000000, -1.000000000000000000 ) ) ;
#5253 = CARTESIAN_POINT ( 'NONE',  ( -8.100000000000289191, 28.59999999999991616, 31.00000000000000000 ) ) ;
#5254 =( GEOMETRIC_REPRESENTATION_CONTEXT ( 3 ) GLOBAL_UNCERTAINTY_ASSIGNED_CONTEXT ( ( #6809 ) ) GLOBAL_UNIT_ASSIGNED_CONTEXT ( ( #4248, #9519, #6471 ) ) REPRESENTATION_CONTEXT ( 'NONE', 'WORKASPACE' ) );
#5255 = ORIENTED_EDGE ( 'NONE', *, *, #4234, .T. ) ;
#5256 = LINE ( 'NONE', #3761, #2135 ) ;
#5257 = CARTESIAN_POINT ( 'NONE',  ( -1.711924138386540470E-13, 24.50000000000000000, -32.50000000000000000 ) ) ;
#5258 = EDGE_CURVE ( 'NONE', #7441, #8462, #9297, .T. ) ;
#5259 = EDGE_CURVE ( 'NONE', #2137, #5167, #5990, .T. ) ;
#5260 = EDGE_LOOP ( 'NONE', ( #7937, #5030 ) ) ;
#5261 = CARTESIAN_POINT ( 'NONE',  ( 3.599999999999836220, 26.00000000000002487, 32.50000000000000000 ) ) ;
#5262 = ORIENTED_EDGE ( 'NONE', *, *, #1389, .F. ) ;
#5263 = AXIS2_PLACEMENT_3D ( 'NONE', #3209, #1915, #7609 ) ;
#5264 = DIRECTION ( 'NONE',  ( -6.982962677686266711E-15, 1.000000000000000000, 0.000000000000000000 ) ) ;
#5265 = ORIENTED_EDGE ( 'NONE', *, *, #8845, .T. ) ;
#5266 = AXIS2_PLACEMENT_3D ( 'NONE', #6930, #3204, #2479 ) ;
#5267 = CARTESIAN_POINT ( 'NONE',  ( -11.27017349682976644, 25.99999999999992184, 33.32048117062765868 ) ) ;
#5268 = CARTESIAN_POINT ( 'NONE',  ( -1.816668578551834344E-13, 26.00000000000000355, 2.051038353574630974E-29 ) ) ;
#5269 = VECTOR ( 'NONE', #3909, 1000.000000000000000 ) ;
#5270 = ORIENTED_EDGE ( 'NONE', *, *, #3903, .F. ) ;
#5271 = CARTESIAN_POINT ( 'NONE',  ( 60.00000000000000000, 4.000000000000000000, -5.500000000000016875 ) ) ;
#5272 = ORIENTED_EDGE ( 'NONE', *, *, #9254, .F. ) ;
#5273 = DIRECTION ( 'NONE',  ( 6.987186840583977580E-15, -1.000000000000000000, 7.888609052210118054E-31 ) ) ;
#5274 = FACE_OUTER_BOUND ( 'NONE', #8838, .T. ) ;
#5275 = VERTEX_POINT ( 'NONE', #5267 ) ;
#5276 = ADVANCED_FACE ( 'NONE', ( #4542 ), #7486, .F. ) ;
#5278 = CIRCLE ( 'NONE', #479, 1.699999999999999289 ) ;
#5277 = DIRECTION ( 'NONE',  ( 0.000000000000000000, 0.000000000000000000, 1.000000000000000000 ) ) ;
#5279 = VECTOR ( 'NONE', #1942, 1000.000000000000000 ) ;
#5280 = AXIS2_PLACEMENT_3D ( 'NONE', #1836, #7622, #2500 ) ;
#5281 = FACE_OUTER_BOUND ( 'NONE', #1934, .T. ) ;
#5282 = VERTEX_POINT ( 'NONE', #89 ) ;
#5283 = EDGE_CURVE ( 'NONE', #5236, #4147, #6709, .T. ) ;
#5284 = PLANE ( 'NONE',  #653 ) ;
#5285 = CARTESIAN_POINT ( 'NONE',  ( -64.81245028383428064, 4.000000000000000000, 13.14687499999993214 ) ) ;
#5286 = ORIENTED_EDGE ( 'NONE', *, *, #4066, .F. ) ;
#5287 = VECTOR ( 'NONE', #878, 1000.000000000000000 ) ;
#5288 = AXIS2_PLACEMENT_3D ( 'NONE', #1140, #6358, #4089 ) ;
#5289 = LINE ( 'NONE', #7550, #4968 ) ;
#5290 = PLANE ( 'NONE',  #601 ) ;
#5291 = ORIENTED_EDGE ( 'NONE', *, *, #2416, .F. ) ;
#5292 = FACE_BOUND ( 'NONE', #3151, .T. ) ;
#5293 = VECTOR ( 'NONE', #1478, 1000.000000000000000 ) ;
#5294 = ORIENTED_EDGE ( 'NONE', *, *, #6114, .T. ) ;
#5295 = CARTESIAN_POINT ( 'NONE',  ( -24.99999999999979394, 2.999999999999829026, -29.00000000000001066 ) ) ;
#5296 = EDGE_CURVE ( 'NONE', #5627, #1711, #4191, .T. ) ;
#5297 = DIRECTION ( 'NONE',  ( -0.000000000000000000, -1.000000000000000000, -0.000000000000000000 ) ) ;
#5298 = CARTESIAN_POINT ( 'NONE',  ( -6.999999999999922728, 9.899999999999998579, 102.6999999999999602 ) ) ;
#5299 = AXIS2_PLACEMENT_3D ( 'NONE', #995, #3938, #3217 ) ;
#5300 = VERTEX_POINT ( 'NONE', #7916 ) ;
#5301 = EDGE_CURVE ( 'NONE', #873, #4798, #5434, .T. ) ;
#5302 = DIRECTION ( 'NONE',  ( -6.987186840583977580E-15, 1.000000000000000000, -7.888609052210118054E-31 ) ) ;
#5303 = CARTESIAN_POINT ( 'NONE',  ( -12.99999999999996447, 27.04163056034252932, 25.50000000000000355 ) ) ;
#5304 = DIRECTION ( 'NONE',  ( -1.000000000000000000, -6.987186840583977580E-15, 0.000000000000000000 ) ) ;
#5305 = VERTEX_POINT ( 'NONE', #1873 ) ;
#5306 = DIRECTION ( 'NONE',  ( -0.000000000000000000, -1.000000000000000000, 0.000000000000000000 ) ) ;
#5307 = DIRECTION ( 'NONE',  ( -0.000000000000000000, -1.000000000000000000, -0.000000000000000000 ) ) ;
#5308 = ORIENTED_EDGE ( 'NONE', *, *, #620, .F. ) ;
#5309 = ORIENTED_EDGE ( 'NONE', *, *, #550, .T. ) ;
#5310 = CARTESIAN_POINT ( 'NONE',  ( -60.00000000000000000, 3.000000000000000000, 10.00000000000000000 ) ) ;
#5311 = ORIENTED_EDGE ( 'NONE', *, *, #5312, .F. ) ;
#5312 = EDGE_CURVE ( 'NONE', #5443, #5902, #6522, .T. ) ;
#5313 = DIRECTION ( 'NONE',  ( -0.000000000000000000, 1.000000000000000000, -0.000000000000000000 ) ) ;
#5314 = FACE_OUTER_BOUND ( 'NONE', #3483, .T. ) ;
#5315 = ORIENTED_EDGE ( 'NONE', *, *, #5324, .T. ) ;
#5316 = CARTESIAN_POINT ( 'NONE',  ( 11.19999999999961560, 25.91671842699938466, -34.00000000000000000 ) ) ;
#5317 = CARTESIAN_POINT ( 'NONE',  ( -60.00000000000000000, 4.000000000000000000, -5.500000000000003553 ) ) ;
#5318 = VERTEX_POINT ( 'NONE', #462 ) ;
#5319 = DIRECTION ( 'NONE',  ( 0.000000000000000000, -0.000000000000000000, -1.000000000000000000 ) ) ;
#5320 = CARTESIAN_POINT ( 'NONE',  ( 25.00000000000020961, 3.000000000000176303, 29.00000000000001066 ) ) ;
#5321 = DIRECTION ( 'NONE',  ( -6.987186840583977580E-15, 1.000000000000000000, -7.888609052210118054E-31 ) ) ;
#5322 = DIRECTION ( 'NONE',  ( 0.000000000000000000, 1.000000000000000000, -0.000000000000000000 ) ) ;
#5323 = ORIENTED_EDGE ( 'NONE', *, *, #204, .F. ) ;
#5324 = EDGE_CURVE ( 'NONE', #6408, #7155, #6362, .T. ) ;
#5325 = EDGE_CURVE ( 'NONE', #642, #3470, #3417, .T. ) ;
#5326 = CARTESIAN_POINT ( 'NONE',  ( 69.99999999999998579, 4.000000000000000000, -1.750000000000013989 ) ) ;
#5327 = FACE_OUTER_BOUND ( 'NONE', #2591, .T. ) ;
#5328 = ORIENTED_EDGE ( 'NONE', *, *, #4228, .F. ) ;
#5329 = DIRECTION ( 'NONE',  ( 0.000000000000000000, 0.000000000000000000, -1.000000000000000000 ) ) ;
#5330 = VECTOR ( 'NONE', #505, 1000.000000000000000 ) ;
#5331 = ORIENTED_EDGE ( 'NONE', *, *, #633, .T. ) ;
#5332 = CARTESIAN_POINT ( 'NONE',  ( 4.799936326822310032E-14, 26.00000000000000355, 0.000000000000000000 ) ) ;
#5333 = FACE_OUTER_BOUND ( 'NONE', #884, .T. ) ;
#5334 = EDGE_CURVE ( 'NONE', #5997, #3108, #4048, .T. ) ;
#5335 = AXIS2_PLACEMENT_3D ( 'NONE', #691, #6537, #5138 ) ;
#5336 = LINE ( 'NONE', #3157, #3015 ) ;
#5337 = CARTESIAN_POINT ( 'NONE',  ( -11.27017349682976466, 25.99999999999992184, 32.50000000000000000 ) ) ;
#5338 = ORIENTED_EDGE ( 'NONE', *, *, #8186, .T. ) ;
#5339 = CARTESIAN_POINT ( 'NONE',  ( 0.000000000000000000, -31.00000000000000000, 0.000000000000000000 ) ) ;
#5340 = DIRECTION ( 'NONE',  ( 1.000000000000000000, 0.000000000000000000, 0.000000000000000000 ) ) ;
#5341 = VECTOR ( 'NONE', #6159, 1000.000000000000000 ) ;
#5342 = DIRECTION ( 'NONE',  ( 1.000000000000000000, 6.982962677686266711E-15, 0.000000000000000000 ) ) ;
#5343 = CARTESIAN_POINT ( 'NONE',  ( 60.00000000000000000, 4.000000000000000000, -1.387778780781445676E-14 ) ) ;
#5344 = ORIENTED_EDGE ( 'NONE', *, *, #3641, .F. ) ;
#5345 = VECTOR ( 'NONE', #7990, 1000.000000000000000 ) ;
#5346 = EDGE_CURVE ( 'NONE', #4172, #7670, #8996, .T. ) ;
#5347 = CARTESIAN_POINT ( 'NONE',  ( 15.00000000000023093, 1.075528555105620399E-13, 29.00000000000001066 ) ) ;
#5348 = DIRECTION ( 'NONE',  ( 6.987186840583977580E-15, -1.000000000000000000, -7.888609052210118054E-31 ) ) ;
#5349 = CIRCLE ( 'NONE', #724, 1.750000000000003331 ) ;
#5350 = ORIENTED_EDGE ( 'NONE', *, *, #4005, .F. ) ;
#5351 = EDGE_LOOP ( 'NONE', ( #9177, #3664, #2267, #4947 ) ) ;
#5352 = CARTESIAN_POINT ( 'NONE',  ( 13.00000000000022560, 9.367506770274758310E-14, 42.50000000000000000 ) ) ;
#5353 = EDGE_CURVE ( 'NONE', #4470, #358, #5734, .T. ) ;
#5354 = ADVANCED_FACE ( 'NONE', ( #6993 ), #9210, .F. ) ;
#5355 = CIRCLE ( 'NONE', #4434, 1.749999999999996891 ) ;
#5356 = FACE_OUTER_BOUND ( 'NONE', #1003, .T. ) ;
#5357 = AXIS2_PLACEMENT_3D ( 'NONE', #5724, #3002, #7406 ) ;
#5358 = CARTESIAN_POINT ( 'NONE',  ( 0.000000000000000000, -20.99999999999999645, 0.000000000000000000 ) ) ;
#5359 = ORIENTED_EDGE ( 'NONE', *, *, #8238, .F. ) ;
#5360 = LINE ( 'NONE', #8309, #7089 ) ;
#5361 = CARTESIAN_POINT ( 'NONE',  ( 5.498232594590944907E-14, 26.00000000000000355, 4.099999999999999645 ) ) ;
#5362 = ORIENTED_EDGE ( 'NONE', *, *, #7590, .F. ) ;
#5363 = LINE ( 'NONE', #972, #6900 ) ;
#5364 = AXIS2_PLACEMENT_3D ( 'NONE', #2812, #9579, #7983 ) ;
#5365 = VECTOR ( 'NONE', #8420, 1000.000000000000000 ) ;
#5366 = DIRECTION ( 'NONE',  ( 0.000000000000000000, 0.000000000000000000, 1.000000000000000000 ) ) ;
#5367 = AXIS2_PLACEMENT_3D ( 'NONE', #689, #8037, #1413 ) ;
#5368 = DIRECTION ( 'NONE',  ( 6.982962677686266711E-15, -1.000000000000000000, 0.000000000000000000 ) ) ;
#5369 = CARTESIAN_POINT ( 'NONE',  ( -7.000000000000005329, 10.70000000000000107, 43.40000000000001279 ) ) ;
#5370 = VECTOR ( 'NONE', #1379, 1000.000000000000000 ) ;
#5371 = ORIENTED_EDGE ( 'NONE', *, *, #6403, .T. ) ;
#5372 = VECTOR ( 'NONE', #4002, 1000.000000000000000 ) ;
#5373 = FACE_OUTER_BOUND ( 'NONE', #1322, .T. ) ;
#5374 = EDGE_CURVE ( 'NONE', #221, #6300, #9359, .T. ) ;
#5375 = ADVANCED_FACE ( 'NONE', ( #4820 ), #364, .F. ) ;
#5376 = DIRECTION ( 'NONE',  ( -0.000000000000000000, -0.000000000000000000, -1.000000000000000000 ) ) ;
#5377 = ORIENTED_EDGE ( 'NONE', *, *, #9054, .F. ) ;
#5378 = CARTESIAN_POINT ( 'NONE',  ( -11.29999999999993854, 24.48999999999976396, -32.50000000000000000 ) ) ;
#5379 = EDGE_CURVE ( 'NONE', #3361, #2398, #2053, .T. ) ;
#5380 = VECTOR ( 'NONE', #3498, 1000.000000000000000 ) ;
#5381 = ORIENTED_EDGE ( 'NONE', *, *, #8564, .F. ) ;
#5382 = DIRECTION ( 'NONE',  ( 0.000000000000000000, 0.000000000000000000, -1.000000000000000000 ) ) ;
#5383 = LINE ( 'NONE', #8283, #8178 ) ;
#5384 = LINE ( 'NONE', #3118, #8881 ) ;
#5385 = DIRECTION ( 'NONE',  ( -1.000000000000000000, 0.000000000000000000, 0.000000000000000000 ) ) ;
#5386 = EDGE_LOOP ( 'NONE', ( #9522, #575, #9498 ) ) ;
#5387 = DIRECTION ( 'NONE',  ( -6.982962677686266711E-15, 1.000000000000000000, -0.000000000000000000 ) ) ;
#5388 = DIRECTION ( 'NONE',  ( 1.000000000000000000, 6.982962677686266711E-15, 0.000000000000000000 ) ) ;
#5389 = EDGE_CURVE ( 'NONE', #4731, #963, #4916, .T. ) ;
#5390 = CARTESIAN_POINT ( 'NONE',  ( 8.100000000000292744, 28.59999999999991971, -34.00000000000000000 ) ) ;
#5391 = DIRECTION ( 'NONE',  ( -0.000000000000000000, 0.000000000000000000, 1.000000000000000000 ) ) ;
#5392 = ORIENTED_EDGE ( 'NONE', *, *, #4081, .T. ) ;
#5393 = PLANE ( 'NONE',  #5299 ) ;
#5394 = PLANE ( 'NONE',  #3521 ) ;
#5395 = ORIENTED_EDGE ( 'NONE', *, *, #3811, .F. ) ;
#5396 = ORIENTED_EDGE ( 'NONE', *, *, #2307, .F. ) ;
#5397 = VECTOR ( 'NONE', #3924, 1000.000000000000000 ) ;
#5398 = DIRECTION ( 'NONE',  ( 0.000000000000000000, 1.000000000000000000, -0.000000000000000000 ) ) ;
#5399 = EDGE_CURVE ( 'NONE', #441, #269, #4865, .T. ) ;
#5400 = AXIS2_PLACEMENT_3D ( 'NONE', #3433, #9325, #5749 ) ;
#5401 = DIRECTION ( 'NONE',  ( -1.000000000000000000, 0.000000000000000000, 0.000000000000000000 ) ) ;
#5402 = ADVANCED_FACE ( 'NONE', ( #3510 ), #4091, .T. ) ;
#5403 = FACE_OUTER_BOUND ( 'NONE', #469, .T. ) ;
#5404 = VECTOR ( 'NONE', #1335, 1000.000000000000000 ) ;
#5405 = EDGE_LOOP ( 'NONE', ( #6279, #1261, #9146, #2312 ) ) ;
#5406 = DIRECTION ( 'NONE',  ( -6.982962677686266711E-15, 1.000000000000000000, -0.000000000000000000 ) ) ;
#5407 = ORIENTED_EDGE ( 'NONE', *, *, #4665, .F. ) ;
#5408 = DIRECTION ( 'NONE',  ( 1.000000000000000000, 6.982962677686266711E-15, 1.040834085586083665E-15 ) ) ;
#5409 = ORIENTED_EDGE ( 'NONE', *, *, #5804, .T. ) ;
#5410 = ORIENTED_EDGE ( 'NONE', *, *, #3458, .T. ) ;
#5411 = AXIS2_PLACEMENT_3D ( 'NONE', #3181, #8951, #3095 ) ;
#5412 = DIRECTION ( 'NONE',  ( -6.982962677686266711E-15, 1.000000000000000000, 0.000000000000000000 ) ) ;
#5413 = DIRECTION ( 'NONE',  ( 6.987186840583977580E-15, -1.000000000000000000, 7.888609052210118054E-31 ) ) ;
#5414 = CARTESIAN_POINT ( 'NONE',  ( 6.196528862359562112E-14, 24.00000000000000355, 0.000000000000000000 ) ) ;
#5415 = ORIENTED_EDGE ( 'NONE', *, *, #7773, .T. ) ;
#5416 = LINE ( 'NONE', #790, #2606 ) ;
#5417 = VECTOR ( 'NONE', #7757, 1000.000000000000000 ) ;
#5418 = PLANE ( 'NONE',  #8942 ) ;
#5419 = ORIENTED_EDGE ( 'NONE', *, *, #7884, .F. ) ;
#5420 = FACE_OUTER_BOUND ( 'NONE', #3213, .T. ) ;
#5421 = CIRCLE ( 'NONE', #1256, 9.999999999999998224 ) ;
#5422 = EDGE_LOOP ( 'NONE', ( #7920, #7303, #8236 ) ) ;
#5423 = ADVANCED_FACE ( 'NONE', ( #3367 ), #7090, .T. ) ;
#5424 = CIRCLE ( 'NONE', #6662, 1.749999999999996891 ) ;
#5425 = CYLINDRICAL_SURFACE ( 'NONE', #855, 10.00000000000000178 ) ;
#5426 = DIRECTION ( 'NONE',  ( 0.000000000000000000, 0.000000000000000000, 1.000000000000000000 ) ) ;
#5427 = VECTOR ( 'NONE', #4841, 1000.000000000000000 ) ;
#5428 = EDGE_CURVE ( 'NONE', #3812, #1500, #182, .T. ) ;
#5429 = DIRECTION ( 'NONE',  ( -6.982962677686266711E-15, 1.000000000000000000, -0.000000000000000000 ) ) ;
#5430 = DIRECTION ( 'NONE',  ( -6.982962677686266711E-15, 1.000000000000000000, -0.000000000000000000 ) ) ;
#5431 = CARTESIAN_POINT ( 'NONE',  ( 60.00000000000000000, 4.000000000000000000, -1.387778780781445676E-14 ) ) ;
#5432 = ORIENTED_EDGE ( 'NONE', *, *, #2982, .F. ) ;
#5433 = CYLINDRICAL_SURFACE ( 'NONE', #891, 4.100000000000001421 ) ;
#5434 = CIRCLE ( 'NONE', #6670, 10.00000000000000178 ) ;
#5435 = CARTESIAN_POINT ( 'NONE',  ( -2.793185071074507189E-13, 43.00000000000000000, 32.50000000000000000 ) ) ;
#5436 = DIRECTION ( 'NONE',  ( 1.000000000000000000, 6.987186840583977580E-15, 0.000000000000000000 ) ) ;
#5437 = DIRECTION ( 'NONE',  ( 0.000000000000000000, 0.000000000000000000, 1.000000000000000000 ) ) ;
#5438 = ORIENTED_EDGE ( 'NONE', *, *, #5142, .T. ) ;
#5439 = DIRECTION ( 'NONE',  ( 1.362997016838920170E-15, 0.000000000000000000, 1.000000000000000000 ) ) ;
#5440 = DIRECTION ( 'NONE',  ( -0.000000000000000000, -1.000000000000000000, 0.000000000000000000 ) ) ;
#5441 = DIRECTION ( 'NONE',  ( 0.000000000000000000, 0.000000000000000000, 1.000000000000000000 ) ) ;
#5442 = ADVANCED_FACE ( 'NONE', ( #8638 ), #8149, .T. ) ;
#5443 = VERTEX_POINT ( 'NONE', #802 ) ;
#5444 = EDGE_LOOP ( 'NONE', ( #7318, #7490, #1757, #1386 ) ) ;
#5445 = CARTESIAN_POINT ( 'NONE',  ( 0.000000000000000000, -20.99999999999999645, 0.000000000000000000 ) ) ;
#5446 = UNCERTAINTY_MEASURE_WITH_UNIT (LENGTH_MEASURE( 1.000000000000000082E-05 ), #5717, 'distance_accuracy_value', 'NONE');
#5447 = ORIENTED_EDGE ( 'NONE', *, *, #9497, .F. ) ;
#5448 = CARTESIAN_POINT ( 'NONE',  ( 73.14687500000023590, 5.134781488891348999E-13, -4.812450283834106557 ) ) ;
#5449 = EDGE_CURVE ( 'NONE', #3490, #8660, #6061, .T. ) ;
#5450 = ORIENTED_EDGE ( 'NONE', *, *, #6215, .F. ) ;
#5451 = CARTESIAN_POINT ( 'NONE',  ( -26.00000000000002842, 10.70000000000000107, 50.40000000000001279 ) ) ;
#5452 = ORIENTED_EDGE ( 'NONE', *, *, #8624, .F. ) ;
#5453 = CYLINDRICAL_SURFACE ( 'NONE', #302, 4.100000000000001421 ) ;
#5454 = EDGE_LOOP ( 'NONE', ( #341, #7004, #5935, #6745 ) ) ;
#5455 = ORIENTED_EDGE ( 'NONE', *, *, #7672, .T. ) ;
#5456 = ADVANCED_FACE ( 'NONE', ( #8874 ), #3753, .F. ) ;
#5457 = DIRECTION ( 'NONE',  ( 0.000000000000000000, 0.000000000000000000, 1.000000000000000000 ) ) ;
#5458 = DIRECTION ( 'NONE',  ( 6.982962677686266711E-15, -1.000000000000000000, 0.000000000000000000 ) ) ;
#5459 = CARTESIAN_POINT ( 'NONE',  ( -4.929826503170777308, 25.99999999999996803, 31.00000000000000000 ) ) ;
#5460 = ORIENTED_EDGE ( 'NONE', *, *, #6326, .T. ) ;
#5461 = CARTESIAN_POINT ( 'NONE',  ( -7.000000000000005329, 3.500000000000001332, 43.40000000000001279 ) ) ;
#5462 = FACE_OUTER_BOUND ( 'NONE', #3531, .T. ) ;
#5463 = ORIENTED_EDGE ( 'NONE', *, *, #4192, .F. ) ;
#5464 = EDGE_CURVE ( 'NONE', #4798, #1986, #2209, .T. ) ;
#5465 = EDGE_LOOP ( 'NONE', ( #7118, #354, #5463, #9317 ) ) ;
#5466 = ORIENTED_EDGE ( 'NONE', *, *, #6109, .T. ) ;
#5467 = CARTESIAN_POINT ( 'NONE',  ( 2.499999999999820588, 26.00000000000002132, -31.25000000000000000 ) ) ;
#5468 = DIRECTION ( 'NONE',  ( 0.000000000000000000, 0.000000000000000000, 1.000000000000000000 ) ) ;
#5469 = EDGE_CURVE ( 'NONE', #1458, #5499, #2835, .T. ) ;
#5470 = DIRECTION ( 'NONE',  ( 0.000000000000000000, 0.000000000000000000, -1.000000000000000000 ) ) ;
#5471 = CARTESIAN_POINT ( 'NONE',  ( -12.99999999999999645, -1.000000000000001998, 42.50000000000000000 ) ) ;
#5472 = CARTESIAN_POINT ( 'NONE',  ( 4.874423042781377724, 31.13093921164811562, -34.00000000000000000 ) ) ;
#5473 = CIRCLE ( 'NONE', #5639, 3.599999999999997424 ) ;
#5474 = ORIENTED_EDGE ( 'NONE', *, *, #7036, .F. ) ;
#5475 = AXIS2_PLACEMENT_3D ( 'NONE', #5195, #8973, #3203 ) ;
#5476 = PLANE ( 'NONE',  #5677 ) ;
#5477 = EDGE_CURVE ( 'NONE', #2141, #7973, #6827, .T. ) ;
#5478 = CARTESIAN_POINT ( 'NONE',  ( -60.00000000000000000, 25.00000000000000000, 0.7499999999999986677 ) ) ;
#5479 = ORIENTED_EDGE ( 'NONE', *, *, #9043, .F. ) ;
#5480 = VECTOR ( 'NONE', #4076, 1000.000000000000000 ) ;
#5481 = CARTESIAN_POINT ( 'NONE',  ( 4.929826503170722241, 26.00000000000003553, -34.00000000000000000 ) ) ;
#5482 = DIRECTION ( 'NONE',  ( 0.000000000000000000, 0.000000000000000000, 1.000000000000000000 ) ) ;
#5483 = ORIENTED_EDGE ( 'NONE', *, *, #5513, .F. ) ;
#5484 = VECTOR ( 'NONE', #6354, 1000.000000000000000 ) ;
#5485 = LINE ( 'NONE', #7447, #3576 ) ;
#5486 = DIRECTION ( 'NONE',  ( -1.000000000000000000, 0.000000000000000000, 0.000000000000000000 ) ) ;
#5487 = FACE_OUTER_BOUND ( 'NONE', #4816, .T. ) ;
#5488 = VERTEX_POINT ( 'NONE', #1383 ) ;
#5489 = ORIENTED_EDGE ( 'NONE', *, *, #8199, .T. ) ;
#5490 = DIRECTION ( 'NONE',  ( -0.000000000000000000, -0.000000000000000000, -1.000000000000000000 ) ) ;
#5491 = EDGE_CURVE ( 'NONE', #4416, #5186, #3703, .T. ) ;
#5492 = ORIENTED_EDGE ( 'NONE', *, *, #5312, .T. ) ;
#5493 = AXIS2_PLACEMENT_3D ( 'NONE', #8015, #1391, #76 ) ;
#5494 = DIRECTION ( 'NONE',  ( 6.982962677686266711E-15, -1.000000000000000000, 0.000000000000000000 ) ) ;
#5495 = CARTESIAN_POINT ( 'NONE',  ( -11.23012686263949611, 25.95152404528536394, 33.77505275895797610 ) ) ;
#5496 = VERTEX_POINT ( 'NONE', #3604 ) ;
#5497 = DIRECTION ( 'NONE',  ( 1.000000000000000000, 0.000000000000000000, 0.000000000000000000 ) ) ;
#5498 = VERTEX_POINT ( 'NONE', #1331 ) ;
#5499 = VERTEX_POINT ( 'NONE', #3559 ) ;
#5500 = EDGE_CURVE ( 'NONE', #3227, #9218, #8690, .T. ) ;
#5501 = DIRECTION ( 'NONE',  ( 0.000000000000000000, 0.000000000000000000, -1.000000000000000000 ) ) ;
#5502 = VECTOR ( 'NONE', #4229, 1000.000000000000000 ) ;
#5503 = DIRECTION ( 'NONE',  ( -6.982962677686266711E-15, 1.000000000000000000, 0.000000000000000000 ) ) ;
#5504 = LINE ( 'NONE', #8457, #5279 ) ;
#5505 = VERTEX_POINT ( 'NONE', #70 ) ;
#5506 = DIRECTION ( 'NONE',  ( -1.000000000000000000, -6.987186840583977580E-15, -0.000000000000000000 ) ) ;
#5507 = VECTOR ( 'NONE', #2327, 1000.000000000000000 ) ;
#5508 = DIRECTION ( 'NONE',  ( -1.501203008056852198E-16, -1.000000000000000000, -2.604172100283218727E-31 ) ) ;
#5509 = ORIENTED_EDGE ( 'NONE', *, *, #2817, .T. ) ;
#5510 = APPLICATION_PROTOCOL_DEFINITION ( 'draft international standard', 'automotive_design', 1998, #846 ) ;
#5511 = VECTOR ( 'NONE', #7664, 1000.000000000000000 ) ;
#5512 = AXIS2_PLACEMENT_3D ( 'NONE', #6074, #3707, #3758 ) ;
#5513 = EDGE_CURVE ( 'NONE', #8248, #129, #2069, .T. ) ;
#5514 = AXIS2_PLACEMENT_3D ( 'NONE', #1931, #5548, #2031 ) ;
#5515 = DIRECTION ( 'NONE',  ( -0.4512872425049601066, -3.151321971328087702E-15, -0.8923787451257841896 ) ) ;
#5516 = VERTEX_POINT ( 'NONE', #757 ) ;
#5517 = ORIENTED_EDGE ( 'NONE', *, *, #7828, .T. ) ;
#5518 = FILL_AREA_STYLE_COLOUR ( '', #2859 ) ;
#5519 = CARTESIAN_POINT ( 'NONE',  ( -15.00000000000055778, 113.0181803158004641, -19.00000000000001066 ) ) ;
#5520 = VECTOR ( 'NONE', #7197, 1000.000000000000000 ) ;
#5521 = AXIS2_PLACEMENT_3D ( 'NONE', #6396, #9257, #1176 ) ;
#5522 = VECTOR ( 'NONE', #7232, 1000.000000000000000 ) ;
#5523 = DIRECTION ( 'NONE',  ( -1.156482317317870739E-16, 0.000000000000000000, -1.000000000000000000 ) ) ;
#5524 = LINE ( 'NONE', #9196, #8210 ) ;
#5525 = EDGE_CURVE ( 'NONE', #8393, #3066, #2159, .T. ) ;
#5526 = ADVANCED_FACE ( 'NONE', ( #5013 ), #5826, .F. ) ;
#5527 = CIRCLE ( 'NONE', #1830, 4.500000000000004441 ) ;
#5528 = DIRECTION ( 'NONE',  ( 6.987186840583977580E-15, -1.000000000000000000, 7.888609052210118054E-31 ) ) ;
#5529 = VERTEX_POINT ( 'NONE', #6504 ) ;
#5530 = DIRECTION ( 'NONE',  ( 6.982962677686266711E-15, -1.000000000000000000, 0.000000000000000000 ) ) ;
#5532 = VECTOR ( 'NONE', #7995, 1000.000000000000000 ) ;
#5531 = DIRECTION ( 'NONE',  ( 0.000000000000000000, 0.000000000000000000, 1.000000000000000000 ) ) ;
#5533 = ORIENTED_EDGE ( 'NONE', *, *, #1400, .T. ) ;
#5534 = PLANE ( 'NONE',  #8006 ) ;
#5535 = FILL_AREA_STYLE_COLOUR ( '', #2900 ) ;
#5536 = ORIENTED_EDGE ( 'NONE', *, *, #8153, .F. ) ;
#5537 = CYLINDRICAL_SURFACE ( 'NONE', #2814, 1.700000000000000178 ) ;
#5538 = FACE_BOUND ( 'NONE', #6425, .T. ) ;
#5539 = CARTESIAN_POINT ( 'NONE',  ( -14.99999999999977085, -1.040834085586084257E-13, -39.00000000000001421 ) ) ;
#5540 = ORIENTED_EDGE ( 'NONE', *, *, #7059, .F. ) ;
#5541 = ORIENTED_EDGE ( 'NONE', *, *, #6804, .T. ) ;
#5542 = LINE ( 'NONE', #7819, #2628 ) ;
#5543 = LINE ( 'NONE', #369, #1641 ) ;
#5544 = EDGE_LOOP ( 'NONE', ( #2854, #4372, #6902, #8407 ) ) ;
#5545 = AXIS2_PLACEMENT_3D ( 'NONE', #1781, #3176, #4724 ) ;
#5546 = EDGE_CURVE ( 'NONE', #7260, #6749, #5054, .T. ) ;
#5547 = ADVANCED_FACE ( 'NONE', ( #5196 ), #6643, .T. ) ;
#5548 = DIRECTION ( 'NONE',  ( -6.987186840583977580E-15, 1.000000000000000000, -7.888609052210118054E-31 ) ) ;
#5549 = AXIS2_PLACEMENT_3D ( 'NONE', #7603, #8971, #2347 ) ;
#5550 = VERTEX_POINT ( 'NONE', #5106 ) ;
#5551 = CYLINDRICAL_SURFACE ( 'NONE', #8000, 8.500000000000000000 ) ;
#5552 = EDGE_LOOP ( 'NONE', ( #8497, #3507, #8822, #5015 ) ) ;
#5553 = COLOUR_RGB ( '',0.7921568627450980005, 0.8196078431372548767, 0.9333333333333333481 ) ;
#5554 = LINE ( 'NONE', #1890, #2466 ) ;
#5555 = ORIENTED_EDGE ( 'NONE', *, *, #9170, .F. ) ;
#5556 = CARTESIAN_POINT ( 'NONE',  ( -24.99999999999979394, 2.999999999999829026, -29.00000000000001066 ) ) ;
#5557 = LINE ( 'NONE', #4254, #4042 ) ;
#5558 = FACE_OUTER_BOUND ( 'NONE', #796, .T. ) ;
#5559 = VECTOR ( 'NONE', #1587, 1000.000000000000000 ) ;
#5560 = VERTEX_POINT ( 'NONE', #3650 ) ;
#5561 = CARTESIAN_POINT ( 'NONE',  ( -24.99999999999999645, 3.000000000000000000, 18.99999999999999645 ) ) ;
#5562 = ADVANCED_FACE ( 'NONE', ( #1530 ), #6593, .F. ) ;
#5563 = CARTESIAN_POINT ( 'NONE',  ( 15.00000000000021139, 3.000000000000106581, -49.00000000000001421 ) ) ;
#5564 = ORIENTED_EDGE ( 'NONE', *, *, #2810, .T. ) ;
#5565 = CIRCLE ( 'NONE', #170, 1.750000000000032863 ) ;
#5566 = FACE_OUTER_BOUND ( 'NONE', #5444, .T. ) ;
#5567 = ORIENTED_EDGE ( 'NONE', *, *, #4430, .F. ) ;
#5568 = ORIENTED_EDGE ( 'NONE', *, *, #1747, .T. ) ;
#5569 = FACE_OUTER_BOUND ( 'NONE', #2448, .T. ) ;
#5570 = CARTESIAN_POINT ( 'NONE',  ( 15.00000000000023270, 1.075528555105620399E-13, -49.00000000000002132 ) ) ;
#5571 = AXIS2_PLACEMENT_3D ( 'NONE', #741, #2914, #4468 ) ;
#5572 = AXIS2_PLACEMENT_3D ( 'NONE', #3289, #4941, #7744 ) ;
#5573 = CARTESIAN_POINT ( 'NONE',  ( -25.99999999999997868, 10.70000000000000107, 18.99999999999991118 ) ) ;
#5574 = CARTESIAN_POINT ( 'NONE',  ( 60.00000000000000000, 25.00000000000000000, -1.387778780781445676E-14 ) ) ;
#5575 = LINE ( 'NONE', #6394, #1058 ) ;
#5576 = ORIENTED_EDGE ( 'NONE', *, *, #7445, .F. ) ;
#5577 = CARTESIAN_POINT ( 'NONE',  ( -69.99999999999978684, 2.999999999999513278, -1.713039432527097006E-14 ) ) ;
#5578 = FACE_BOUND ( 'NONE', #1290, .T. ) ;
#5579 = VECTOR ( 'NONE', #5503, 1000.000000000000000 ) ;
#5580 = AXIS2_PLACEMENT_3D ( 'NONE', #9114, #2490, #5439 ) ;
#5581 = ORIENTED_EDGE ( 'NONE', *, *, #2308, .T. ) ;
#5582 = EDGE_CURVE ( 'NONE', #2246, #7450, #7374, .T. ) ;
#5583 = DIRECTION ( 'NONE',  ( -5.508586259044130096E-45, 7.888609052210118054E-31, -1.000000000000000000 ) ) ;
#5584 = LINE ( 'NONE', #4861, #5995 ) ;
#5585 = ORIENTED_EDGE ( 'NONE', *, *, #8816, .F. ) ;
#5586 = CARTESIAN_POINT ( 'NONE',  ( -59.99999999999976552, -4.163336342344337027E-13, -15.74999999999997513 ) ) ;
#5587 = FACE_BOUND ( 'NONE', #9133, .T. ) ;
#5588 = CARTESIAN_POINT ( 'NONE',  ( -8.100000000000289191, 28.59999999999991616, 32.50000000000000000 ) ) ;
#5589 = VECTOR ( 'NONE', #9313, 1000.000000000000000 ) ;
#5590 = AXIS2_PLACEMENT_3D ( 'NONE', #6545, #2106, #5052 ) ;
#5591 = EDGE_CURVE ( 'NONE', #6571, #3949, #7144, .T. ) ;
#5592 = ORIENTED_EDGE ( 'NONE', *, *, #8508, .F. ) ;
#5593 = ORIENTED_EDGE ( 'NONE', *, *, #1456, .F. ) ;
#5594 = CARTESIAN_POINT ( 'NONE',  ( 21.24746460142320004, -0.1999999999999984845, 18.99999999999991118 ) ) ;
#5595 = VECTOR ( 'NONE', #5430, 1000.000000000000000 ) ;
#5596 = CARTESIAN_POINT ( 'NONE',  ( -1.816668578551834344E-13, 26.00000000000000355, 32.50000000000000000 ) ) ;
#5597 = ORIENTED_EDGE ( 'NONE', *, *, #6678, .T. ) ;
#5598 = LINE ( 'NONE', #7970, #6756 ) ;
#5599 = DIRECTION ( 'NONE',  ( 6.982962677686266711E-15, -1.000000000000000000, 0.000000000000000000 ) ) ;
#5600 = VERTEX_POINT ( 'NONE', #2434 ) ;
#5601 = FACE_OUTER_BOUND ( 'NONE', #2792, .T. ) ;
#5602 = ORIENTED_EDGE ( 'NONE', *, *, #1090, .F. ) ;
#5603 = CIRCLE ( 'NONE', #195, 9.600000000000001421 ) ;
#5604 = DIRECTION ( 'NONE',  ( 0.000000000000000000, 0.000000000000000000, 1.000000000000000000 ) ) ;
#5605 = ADVANCED_FACE ( 'NONE', ( #987 ), #8974, .T. ) ;
#5606 = VERTEX_POINT ( 'NONE', #848 ) ;
#5607 = DIRECTION ( 'NONE',  ( -1.000000000000000000, -6.987186840583977580E-15, 0.000000000000000000 ) ) ;
#5608 = DIRECTION ( 'NONE',  ( 0.000000000000000000, 0.000000000000000000, 1.000000000000000000 ) ) ;
#5609 = CYLINDRICAL_SURFACE ( 'NONE', #1264, 1.750000000000032863 ) ;
#5610 = VERTEX_POINT ( 'NONE', #6153 ) ;
#5611 = DIRECTION ( 'NONE',  ( 0.000000000000000000, 0.000000000000000000, -1.000000000000000000 ) ) ;
#5612 = CARTESIAN_POINT ( 'NONE',  ( -23.00000000000000000, 3.000000000000000000, 18.99999999999999645 ) ) ;
#5613 = ORIENTED_EDGE ( 'NONE', *, *, #1988, .F. ) ;
#5614 = SHAPE_DEFINITION_REPRESENTATION ( #7216, #17 ) ;
#5615 = DIRECTION ( 'NONE',  ( -1.000000000000000000, -6.982962677686266711E-15, 0.000000000000000000 ) ) ;
#5616 = VERTEX_POINT ( 'NONE', #7649 ) ;
#5617 = ORIENTED_EDGE ( 'NONE', *, *, #9213, .T. ) ;
#5618 = ADVANCED_FACE ( 'NONE', ( #1583 ), #9103, .F. ) ;
#5619 = DIRECTION ( 'NONE',  ( -0.000000000000000000, -0.000000000000000000, 1.000000000000000000 ) ) ;
#5620 = EDGE_CURVE ( 'NONE', #963, #8621, #6792, .T. ) ;
#5621 = CARTESIAN_POINT ( 'NONE',  ( 4.893962094455816647, 26.04415907812616737, 33.93650559752279605 ) ) ;
#5622 = CARTESIAN_POINT ( 'NONE',  ( 6.999999999999994671, 3.500000000000001332, 43.40000000000001279 ) ) ;
#5623 = DIRECTION ( 'NONE',  ( -1.000000000000000000, -6.991383056702158839E-18, -1.789794062515752663E-15 ) ) ;
#5624 = VERTEX_POINT ( 'NONE', #5337 ) ;
#5625 = CARTESIAN_POINT ( 'NONE',  ( -73.14687499999999432, 3.000000000000000000, 4.812450283834104781 ) ) ;
#5626 = DIRECTION ( 'NONE',  ( 6.987186840583977580E-15, -1.000000000000000000, -7.888609052210118054E-31 ) ) ;
#5627 = VERTEX_POINT ( 'NONE', #3119 ) ;
#5628 = LINE ( 'NONE', #5008, #5330 ) ;
#5629 = CARTESIAN_POINT ( 'NONE',  ( -59.99999999999976552, -4.163336342344337027E-13, 9.999999999999984013 ) ) ;
#5630 = EDGE_CURVE ( 'NONE', #4475, #3840, #7470, .T. ) ;
#5631 = ORIENTED_EDGE ( 'NONE', *, *, #3009, .F. ) ;
#5632 = CARTESIAN_POINT ( 'NONE',  ( -11.27017349682976644, 25.99999999999992184, -33.32048117062765868 ) ) ;
#5633 = CARTESIAN_POINT ( 'NONE',  ( -6.502183067439450959, 2.999999999999957367, -14.00000000000000888 ) ) ;
#5634 = CARTESIAN_POINT ( 'NONE',  ( 14.99999999999944045, 113.0181803158006915, -29.00000000000001066 ) ) ;
#5635 = ORIENTED_EDGE ( 'NONE', *, *, #4671, .T. ) ;
#5636 = ORIENTED_EDGE ( 'NONE', *, *, #9042, .T. ) ;
#5637 = VERTEX_POINT ( 'NONE', #3976 ) ;
#5638 = FACE_OUTER_BOUND ( 'NONE', #279, .T. ) ;
#5639 = AXIS2_PLACEMENT_3D ( 'NONE', #3017, #7702, #1024 ) ;
#5640 = PRODUCT_DEFINITION_CONTEXT ( 'detailed design', #8076, 'design' ) ;
#5641 = EDGE_CURVE ( 'NONE', #6206, #7933, #8924, .T. ) ;
#5642 = CARTESIAN_POINT ( 'NONE',  ( -26.00000000000002842, 10.70000000000000107, 50.40000000000001279 ) ) ;
#5643 = ORIENTED_EDGE ( 'NONE', *, *, #3953, .T. ) ;
#5644 = DIRECTION ( 'NONE',  ( 0.000000000000000000, 0.000000000000000000, 1.000000000000000000 ) ) ;
#5645 = ORIENTED_EDGE ( 'NONE', *, *, #6010, .T. ) ;
#5646 = DIRECTION ( 'NONE',  ( 0.000000000000000000, 0.000000000000000000, -1.000000000000000000 ) ) ;
#5647 = ORIENTED_EDGE ( 'NONE', *, *, #2390, .T. ) ;
#5648 = EDGE_CURVE ( 'NONE', #9356, #4521, #9440, .T. ) ;
#5649 = ADVANCED_FACE ( 'NONE', ( #9056 ), #1623, .T. ) ;
#5650 = ORIENTED_EDGE ( 'NONE', *, *, #5047, .T. ) ;
#5651 = VECTOR ( 'NONE', #6845, 1000.000000000000000 ) ;
#5652 = DIRECTION ( 'NONE',  ( 0.000000000000000000, 1.000000000000000000, -0.000000000000000000 ) ) ;
#5653 = FACE_OUTER_BOUND ( 'NONE', #2673, .T. ) ;
#5654 = ORIENTED_EDGE ( 'NONE', *, *, #2331, .T. ) ;
#5655 = ORIENTED_EDGE ( 'NONE', *, *, #8122, .F. ) ;
#5656 = LINE ( 'NONE', #2515, #6748 ) ;
#5657 = DIRECTION ( 'NONE',  ( 6.982962677686266711E-15, -1.000000000000000000, 0.000000000000000000 ) ) ;
#5658 = ORIENTED_EDGE ( 'NONE', *, *, #862, .F. ) ;
#5659 = LINE ( 'NONE', #8619, #9053 ) ;
#5660 = VERTEX_POINT ( 'NONE', #1718 ) ;
#5661 = ORIENTED_EDGE ( 'NONE', *, *, #959, .F. ) ;
#5662 = CARTESIAN_POINT ( 'NONE',  ( -4.894066350724401993, 26.04402620783989164, 33.93616680475187053 ) ) ;
#5663 = ADVANCED_FACE ( 'NONE', ( #3889 ), #6879, .T. ) ;
#5664 = EDGE_CURVE ( 'NONE', #2079, #7160, #4660, .T. ) ;
#5665 = FACE_OUTER_BOUND ( 'NONE', #8720, .T. ) ;
#5666 = DIRECTION ( 'NONE',  ( -0.000000000000000000, -0.000000000000000000, -1.000000000000000000 ) ) ;
#5667 = VECTOR ( 'NONE', #2120, 1000.000000000000000 ) ;
#5668 = CARTESIAN_POINT ( 'NONE',  ( -4.874423042781852899, 42.99999999999997158, -31.00000000000000000 ) ) ;
#5669 = VERTEX_POINT ( 'NONE', #119 ) ;
#5670 = CARTESIAN_POINT ( 'NONE',  ( -1.816668578551834344E-13, 26.00000000000000355, -32.50000000000000000 ) ) ;
#5671 = EDGE_CURVE ( 'NONE', #2710, #6269, #6839, .T. ) ;
#5672 = VECTOR ( 'NONE', #338, 1000.000000000000000 ) ;
#5673 = DIRECTION ( 'NONE',  ( 0.000000000000000000, 0.000000000000000000, 1.000000000000000000 ) ) ;
#5674 = EDGE_CURVE ( 'NONE', #4349, #4859, #8533, .T. ) ;
#5675 = VECTOR ( 'NONE', #9436, 1000.000000000000000 ) ;
#5676 = EDGE_LOOP ( 'NONE', ( #1349, #1969 ) ) ;
#5677 = AXIS2_PLACEMENT_3D ( 'NONE', #2392, #3160, #3257 ) ;
#5678 = DIRECTION ( 'NONE',  ( 0.000000000000000000, 0.000000000000000000, 1.000000000000000000 ) ) ;
#5679 = DIRECTION ( 'NONE',  ( 0.000000000000000000, 1.000000000000000000, -0.000000000000000000 ) ) ;
#5680 = ORIENTED_EDGE ( 'NONE', *, *, #8409, .T. ) ;
#5681 = CARTESIAN_POINT ( 'NONE',  ( 7.600000000000053824, 26.00000000000005329, -2.110202921466210783E-29 ) ) ;
#5682 = CIRCLE ( 'NONE', #8617, 5.750000000000111022 ) ;
#5683 = AXIS2_PLACEMENT_3D ( 'NONE', #5629, #7765, #8483 ) ;
#5684 = CARTESIAN_POINT ( 'NONE',  ( -11.27017349682976644, 25.99999999999992539, 32.50000000000000000 ) ) ;
#5685 = DIRECTION ( 'NONE',  ( 0.000000000000000000, 0.000000000000000000, 1.000000000000000000 ) ) ;
#5686 = VECTOR ( 'NONE', #2370, 1000.000000000000000 ) ;
#5687 = ORIENTED_EDGE ( 'NONE', *, *, #3545, .F. ) ;
#5688 = VERTEX_POINT ( 'NONE', #7605 ) ;
#5689 = ADVANCED_FACE ( 'NONE', ( #6739 ), #3071, .F. ) ;
#5690 = LINE ( 'NONE', #515, #1087 ) ;
#5691 = ADVANCED_FACE ( 'NONE', ( #2389 ), #8286, .T. ) ;
#5692 = LINE ( 'NONE', #6316, #393 ) ;
#5693 = CIRCLE ( 'NONE', #5233, 11.29999999999977689 ) ;
#5694 = ORIENTED_EDGE ( 'NONE', *, *, #5325, .T. ) ;
#5695 = FACE_OUTER_BOUND ( 'NONE', #5888, .T. ) ;
#5696 = ORIENTED_EDGE ( 'NONE', *, *, #7808, .F. ) ;
#5697 = CARTESIAN_POINT ( 'NONE',  ( 13.00000000000003553, 27.04163056034271051, 34.00000000000000000 ) ) ;
#5698 = ORIENTED_EDGE ( 'NONE', *, *, #2641, .T. ) ;
#5699 = DIRECTION ( 'NONE',  ( -1.000000000000000000, 0.000000000000000000, 0.000000000000000000 ) ) ;
#5700 = VERTEX_POINT ( 'NONE', #4178 ) ;
#5701 = EDGE_CURVE ( 'NONE', #1751, #9463, #2627, .T. ) ;
#5702 = DIRECTION ( 'NONE',  ( 0.000000000000000000, 0.000000000000000000, -1.000000000000000000 ) ) ;
#5703 = CARTESIAN_POINT ( 'NONE',  ( -60.00000000000000000, 26.00000000000000355, -0.7499999999999986677 ) ) ;
#5704 = EDGE_LOOP ( 'NONE', ( #8736, #4355 ) ) ;
#5705 = CLOSED_SHELL ( 'NONE', ( #114, #4431, #4927, #9072, #3312, #8487, #215, #8515, #563, #3354, #4020, #3008, #742, #9547, #9274, #9109 ) ) ;
#5706 = ORIENTED_EDGE ( 'NONE', *, *, #7828, .F. ) ;
#5707 = CARTESIAN_POINT ( 'NONE',  ( -14.99999999999976907, -1.040834085586084257E-13, 19.00000000000001421 ) ) ;
#5708 = ADVANCED_FACE ( 'NONE', ( #448 ), #7172, .T. ) ;
#5709 = LINE ( 'NONE', #5758, #7277 ) ;
#5710 = ORIENTED_EDGE ( 'NONE', *, *, #6949, .T. ) ;
#5711 = VECTOR ( 'NONE', #2221, 1000.000000000000000 ) ;
#5712 = LINE ( 'NONE', #7211, #1965 ) ;
#5713 = VERTEX_POINT ( 'NONE', #2524 ) ;
#5714 = ORIENTED_EDGE ( 'NONE', *, *, #8967, .F. ) ;
#5715 = PRESENTATION_STYLE_ASSIGNMENT (( #9342 ) ) ;
#5716 = CARTESIAN_POINT ( 'NONE',  ( 70.00000000000022737, 4.926614671774132148E-13, 0.000000000000000000 ) ) ;
#5717 =( LENGTH_UNIT ( ) NAMED_UNIT ( * ) SI_UNIT ( .MILLI., .METRE. ) );
#5718 = FACE_OUTER_BOUND ( 'NONE', #6395, .T. ) ;
#5719 = ORIENTED_EDGE ( 'NONE', *, *, #5001, .T. ) ;
#5720 = VECTOR ( 'NONE', #6073, 1000.000000000000000 ) ;
#5721 = CARTESIAN_POINT ( 'NONE',  ( -25.19999999999999218, 6.899999999999999467, 49.20000000000001705 ) ) ;
#5722 = EDGE_LOOP ( 'NONE', ( #6100, #1981 ) ) ;
#5723 = DIRECTION ( 'NONE',  ( 6.982962677686266711E-15, -1.000000000000000000, 0.000000000000000000 ) ) ;
#5724 = CARTESIAN_POINT ( 'NONE',  ( -59.99999999999999289, 4.000000000000000000, -10.00000000000000000 ) ) ;
#5725 = ADVANCED_FACE ( 'NONE', ( #7076 ), #2573, .T. ) ;
#5726 = EDGE_CURVE ( 'NONE', #7092, #4349, #6187, .T. ) ;
#5727 = EDGE_LOOP ( 'NONE', ( #686, #5886, #2950, #5438 ) ) ;
#5728 = DIRECTION ( 'NONE',  ( 0.000000000000000000, 0.000000000000000000, 1.000000000000000000 ) ) ;
#5729 = CARTESIAN_POINT ( 'NONE',  ( -59.99999999999977263, 2.999999999999583000, -15.74999999999997513 ) ) ;
#5730 = AXIS2_PLACEMENT_3D ( 'NONE', #6671, #5945, #1555 ) ;
#5731 = EDGE_LOOP ( 'NONE', ( #8768, #2568, #2842, #187 ) ) ;
#5732 = LINE ( 'NONE', #5586, #1111 ) ;
#5733 = DIRECTION ( 'NONE',  ( 0.000000000000000000, 0.000000000000000000, -1.000000000000000000 ) ) ;
#5734 = LINE ( 'NONE', #9267, #5132 ) ;
#5735 = ORIENTED_EDGE ( 'NONE', *, *, #3259, .T. ) ;
#5736 = ORIENTED_EDGE ( 'NONE', *, *, #331, .T. ) ;
#5737 = VECTOR ( 'NONE', #3104, 1000.000000000000000 ) ;
#5738 = DIRECTION ( 'NONE',  ( 0.000000000000000000, 0.000000000000000000, 1.000000000000000000 ) ) ;
#5739 = CIRCLE ( 'NONE', #5280, 7.599999999999999645 ) ;
#5740 = FACE_OUTER_BOUND ( 'NONE', #9349, .T. ) ;
#5741 = ORIENTED_EDGE ( 'NONE', *, *, #4975, .T. ) ;
#5742 = EDGE_CURVE ( 'NONE', #8773, #6118, #9301, .T. ) ;
#5743 = AXIS2_PLACEMENT_3D ( 'NONE', #6613, #8169, #4399 ) ;
#5744 = VECTOR ( 'NONE', #4329, 1000.000000000000000 ) ;
#5745 = DIRECTION ( 'NONE',  ( 0.000000000000000000, 1.000000000000000000, -0.000000000000000000 ) ) ;
#5746 = EDGE_LOOP ( 'NONE', ( #4012, #5208, #637, #2676 ) ) ;
#5747 = CYLINDRICAL_SURFACE ( 'NONE', #1204, 8.500000000000000000 ) ;
#5748 = ORIENTED_EDGE ( 'NONE', *, *, #3993, .T. ) ;
#5749 = DIRECTION ( 'NONE',  ( 1.000000000000000000, 0.000000000000000000, 0.000000000000000000 ) ) ;
#5750 = VECTOR ( 'NONE', #2177, 1000.000000000000000 ) ;
#5751 = EDGE_LOOP ( 'NONE', ( #1333, #5585 ) ) ;
#5752 = EDGE_CURVE ( 'NONE', #8105, #9273, #5524, .T. ) ;
#5753 = DIRECTION ( 'NONE',  ( -6.982962677686266711E-15, 1.000000000000000000, -0.000000000000000000 ) ) ;
#5754 = FACE_OUTER_BOUND ( 'NONE', #5860, .T. ) ;
#5755 = ORIENTED_EDGE ( 'NONE', *, *, #3276, .F. ) ;
#5756 = ORIENTED_EDGE ( 'NONE', *, *, #2030, .T. ) ;
#5757 = DIRECTION ( 'NONE',  ( -1.000000000000000000, 3.435095992033280975E-16, -1.734723475976805517E-15 ) ) ;
#5758 = CARTESIAN_POINT ( 'NONE',  ( -59.99999999999976552, -4.163336342344337027E-13, -11.75000000000004441 ) ) ;
#5759 = ORIENTED_EDGE ( 'NONE', *, *, #3111, .F. ) ;
#5760 = EDGE_CURVE ( 'NONE', #4731, #7628, #1275, .T. ) ;
#5761 = CYLINDRICAL_SURFACE ( 'NONE', #5367, 4.099999999999999645 ) ;
#5762 = ORIENTED_EDGE ( 'NONE', *, *, #4430, .T. ) ;
#5763 = DIRECTION ( 'NONE',  ( 1.000000000000000000, 0.000000000000000000, -0.000000000000000000 ) ) ;
#5764 = DIRECTION ( 'NONE',  ( 0.000000000000000000, 0.000000000000000000, 1.000000000000000000 ) ) ;
#5765 = LINE ( 'NONE', #2196, #3260 ) ;
#5766 = ORIENTED_EDGE ( 'NONE', *, *, #5032, .F. ) ;
#5767 = DIRECTION ( 'NONE',  ( -0.8923787451257837455, -6.231447471573853610E-15, -0.4512872425049608838 ) ) ;
#5768 = ORIENTED_EDGE ( 'NONE', *, *, #2049, .F. ) ;
#5769 = EDGE_CURVE ( 'NONE', #3635, #7260, #7742, .T. ) ;
#5770 = DIRECTION ( 'NONE',  ( 0.000000000000000000, 0.000000000000000000, 1.000000000000000000 ) ) ;
#5771 = EDGE_CURVE ( 'NONE', #6766, #3910, #2038, .T. ) ;
#5772 = ORIENTED_EDGE ( 'NONE', *, *, #3841, .F. ) ;
#5773 = DIRECTION ( 'NONE',  ( 1.000000000000000000, 0.000000000000000000, 0.000000000000000000 ) ) ;
#5774 = CARTESIAN_POINT ( 'NONE',  ( -5.100000000000276756, 42.99999999999997158, -32.50000000000000000 ) ) ;
#5775 = DIRECTION ( 'NONE',  ( -6.982962677686265922E-15, 1.000000000000000000, 0.000000000000000000 ) ) ;
#5776 = DIRECTION ( 'NONE',  ( 0.000000000000000000, 1.000000000000000000, -0.000000000000000000 ) ) ;
#5777 = CARTESIAN_POINT ( 'NONE',  ( -1.000000000000279554, 43.00000000000000000, 32.50000000000000000 ) ) ;
#5778 = EDGE_CURVE ( 'NONE', #4123, #8380, #6393, .T. ) ;
#5779 = EDGE_LOOP ( 'NONE', ( #2353, #2256, #7396, #8451 ) ) ;
#5780 = ORIENTED_EDGE ( 'NONE', *, *, #2931, .T. ) ;
#5781 = FACE_OUTER_BOUND ( 'NONE', #7255, .T. ) ;
#5782 = CARTESIAN_POINT ( 'NONE',  ( -21.50000000000000000, -1.000000000000000666, 18.99999999999991829 ) ) ;
#5783 = CARTESIAN_POINT ( 'NONE',  ( 60.00000000000000000, 26.00000000000000355, -5.500000000000016875 ) ) ;
#5784 = VERTEX_POINT ( 'NONE', #7802 ) ;
#5785 = DIRECTION ( 'NONE',  ( -1.040834085586083468E-15, -7.268105573311334564E-30, 1.000000000000000000 ) ) ;
#5786 = LINE ( 'NONE', #80, #6136 ) ;
#5787 = EDGE_CURVE ( 'NONE', #4213, #5627, #7705, .T. ) ;
#5788 = ORIENTED_EDGE ( 'NONE', *, *, #5449, .T. ) ;
#5789 = CARTESIAN_POINT ( 'NONE',  ( 0.000000000000000000, 6.899999999999999467, 0.000000000000000000 ) ) ;
#5790 = EDGE_LOOP ( 'NONE', ( #7281, #9387, #2827, #5788 ) ) ;
#5791 = LINE ( 'NONE', #5843, #7881 ) ;
#5792 = AXIS2_PLACEMENT_3D ( 'NONE', #6926, #7557, #940 ) ;
#5793 = EDGE_CURVE ( 'NONE', #417, #4015, #1911, .T. ) ;
#5794 = VERTEX_POINT ( 'NONE', #4752 ) ;
#5795 = ADVANCED_FACE ( 'NONE', ( #395 ), #9346, .T. ) ;
#5796 = DIRECTION ( 'NONE',  ( -0.000000000000000000, -1.000000000000000000, 0.000000000000000000 ) ) ;
#5797 = PLANE ( 'NONE',  #9124 ) ;
#5798 = VECTOR ( 'NONE', #8908, 1000.000000000000000 ) ;
#5799 = LINE ( 'NONE', #8121, #6479 ) ;
#5800 = VERTEX_POINT ( 'NONE', #9252 ) ;
#5801 = DIRECTION ( 'NONE',  ( -6.982962677686266711E-15, 1.000000000000000000, -0.000000000000000000 ) ) ;
#5802 = DIRECTION ( 'NONE',  ( 6.982962677686265922E-15, -1.000000000000000000, -0.000000000000000000 ) ) ;
#5803 = ORIENTED_EDGE ( 'NONE', *, *, #2713, .T. ) ;
#5804 = EDGE_CURVE ( 'NONE', #1150, #9569, #1859, .T. ) ;
#5805 = LINE ( 'NONE', #7987, #8597 ) ;
#5806 = VERTEX_POINT ( 'NONE', #2008 ) ;
#5807 = VECTOR ( 'NONE', #976, 1000.000000000000000 ) ;
#5808 = CARTESIAN_POINT ( 'NONE',  ( 11.27017349682989611, 26.00000000000007816, -31.00000000000000000 ) ) ;
#5809 = DIRECTION ( 'NONE',  ( 1.000000000000000000, 6.982962677686266711E-15, 6.209932073980642799E-17 ) ) ;
#5810 = VECTOR ( 'NONE', #5515, 1000.000000000000227 ) ;
#5811 = LINE ( 'NONE', #6580, #8672 ) ;
#5812 = ORIENTED_EDGE ( 'NONE', *, *, #3944, .T. ) ;
#5813 = DIRECTION ( 'NONE',  ( 0.000000000000000000, -1.000000000000000000, 0.000000000000000000 ) ) ;
#5814 = ORIENTED_EDGE ( 'NONE', *, *, #7000, .T. ) ;
#5815 = CARTESIAN_POINT ( 'NONE',  ( 70.00000000000019895, 3.000000000000492051, 0.000000000000000000 ) ) ;
#5816 = CIRCLE ( 'NONE', #4733, 5.500000000000003553 ) ;
#5817 = EDGE_CURVE ( 'NONE', #3461, #8918, #1172, .T. ) ;
#5818 = ORIENTED_EDGE ( 'NONE', *, *, #1834, .F. ) ;
#5819 = CARTESIAN_POINT ( 'NONE',  ( 7.690903718029558966, 24.50000000000005329, 1.299999999999997824 ) ) ;
#5820 = CARTESIAN_POINT ( 'NONE',  ( 60.00000000000022027, 4.232725281383409310E-13, -10.00000000000000000 ) ) ;
#5821 = ADVANCED_FACE ( 'NONE', ( #1130 ), #4952, .F. ) ;
#5822 = LINE ( 'NONE', #755, #335 ) ;
#5823 = EDGE_CURVE ( 'NONE', #6271, #3234, #4342, .T. ) ;
#5824 = CIRCLE ( 'NONE', #3514, 10.00000000000000178 ) ;
#5825 = LINE ( 'NONE', #5105, #2142 ) ;
#5826 = PLANE ( 'NONE',  #7917 ) ;
#5827 = EDGE_LOOP ( 'NONE', ( #8692, #1035 ) ) ;
#5829 = CIRCLE ( 'NONE', #914, 1.000000000000001554 ) ;
#5828 = CARTESIAN_POINT ( 'NONE',  ( -24.99999999999977263, -1.734723475976807094E-13, -29.00000000000001066 ) ) ;
#5830 = VECTOR ( 'NONE', #7516, 1000.000000000000000 ) ;
#5831 = VECTOR ( 'NONE', #4008, 1000.000000000000000 ) ;
#5832 = AXIS2_PLACEMENT_3D ( 'NONE', #7435, #6605, #2262 ) ;
#5833 = CARTESIAN_POINT ( 'NONE',  ( -4.874423042781769411, 31.13093921164861300, -31.00000000000000000 ) ) ;
#5834 = VECTOR ( 'NONE', #6306, 1000.000000000000000 ) ;
#5835 = DIRECTION ( 'NONE',  ( -0.000000000000000000, -0.000000000000000000, -1.000000000000000000 ) ) ;
#5836 = ORIENTED_EDGE ( 'NONE', *, *, #3371, .T. ) ;
#5837 = AXIS2_PLACEMENT_3D ( 'NONE', #6558, #2172, #5646 ) ;
#5838 = DIRECTION ( 'NONE',  ( 6.982962677686266711E-15, -1.000000000000000000, 0.000000000000000000 ) ) ;
#5839 = CARTESIAN_POINT ( 'NONE',  ( -60.00000000000000000, -31.00000000000000000, 60.00000000000000000 ) ) ;
#5840 = ORIENTED_EDGE ( 'NONE', *, *, #8965, .F. ) ;
#5841 = FACE_OUTER_BOUND ( 'NONE', #7132, .T. ) ;
#5842 = ORIENTED_EDGE ( 'NONE', *, *, #147, .F. ) ;
#5843 = CARTESIAN_POINT ( 'NONE',  ( -6.502183067439452735, 2.999999999999957367, -19.00000000000001421 ) ) ;
#5844 = VECTOR ( 'NONE', #5528, 1000.000000000000000 ) ;
#5845 = ORIENTED_EDGE ( 'NONE', *, *, #6490, .F. ) ;
#5846 = EDGE_CURVE ( 'NONE', #3407, #8861, #9445, .T. ) ;
#5847 = ADVANCED_FACE ( 'NONE', ( #5718 ), #8138, .F. ) ;
#5848 = CARTESIAN_POINT ( 'NONE',  ( -59.99999999999977263, -4.163336342344337531E-13, -15.74999999999997513 ) ) ;
#5849 = CYLINDRICAL_SURFACE ( 'NONE', #324, 5.750000000000001776 ) ;
#5850 = CARTESIAN_POINT ( 'NONE',  ( 4.874423042781377724, 31.13093921164811562, 34.00000000000000000 ) ) ;
#5851 = CIRCLE ( 'NONE', #9068, 14.00000000000000000 ) ;
#5852 = ORIENTED_EDGE ( 'NONE', *, *, #5513, .T. ) ;
#5853 = LINE ( 'NONE', #6618, #5082 ) ;
#5854 = FACE_OUTER_BOUND ( 'NONE', #4555, .T. ) ;
#5855 = ORIENTED_EDGE ( 'NONE', *, *, #7681, .T. ) ;
#5856 = DIRECTION ( 'NONE',  ( 0.000000000000000000, 0.000000000000000000, 1.000000000000000000 ) ) ;
#5857 = ORIENTED_EDGE ( 'NONE', *, *, #2742, .F. ) ;
#5858 = CARTESIAN_POINT ( 'NONE',  ( -8.100000000000289191, 28.59999999999991616, 31.00000000000000000 ) ) ;
#5859 = CARTESIAN_POINT ( 'NONE',  ( 73.14687499999999432, 4.000000000000000000, -4.812450283834122544 ) ) ;
#5860 = EDGE_LOOP ( 'NONE', ( #3219, #9549, #6544, #5517 ) ) ;
#5861 = EDGE_CURVE ( 'NONE', #1617, #2513, #5278, .T. ) ;
#5862 = CARTESIAN_POINT ( 'NONE',  ( -69.99999999999978684, 2.999999999999513278, -1.713039432527097006E-14 ) ) ;
#5863 = ORIENTED_EDGE ( 'NONE', *, *, #3953, .F. ) ;
#5864 = CIRCLE ( 'NONE', #5549, 5.500000000000003553 ) ;
#5865 = CARTESIAN_POINT ( 'NONE',  ( 59.54154469100618030, 4.198030811863873168E-13, 3.316627699545124486 ) ) ;
#5866 = VERTEX_POINT ( 'NONE', #694 ) ;
#5867 = DIRECTION ( 'NONE',  ( 0.000000000000000000, 0.000000000000000000, 1.000000000000000000 ) ) ;
#5868 = PRESENTATION_LAYER_ASSIGNMENT (  '', '', ( #6950 ) ) ;
#5869 = VERTEX_POINT ( 'NONE', #648 ) ;
#5870 = PLANE ( 'NONE',  #3936 ) ;
#5871 = DIRECTION ( 'NONE',  ( 0.8923787451257837455, 6.231447471573853610E-15, 0.4512872425049608283 ) ) ;
#5872 = VECTOR ( 'NONE', #3755, 1000.000000000000000 ) ;
#5873 = CARTESIAN_POINT ( 'NONE',  ( -1.816668578551834344E-13, 26.00000000000000355, 32.50000000000000000 ) ) ;
#5874 = CARTESIAN_POINT ( 'NONE',  ( -60.00000000000000000, 4.000000000000000000, 8.249999999999895195 ) ) ;
#5875 = VERTEX_POINT ( 'NONE', #9491 ) ;
#5876 = DIRECTION ( 'NONE',  ( -6.982962677686266711E-15, 1.000000000000000000, -0.000000000000000000 ) ) ;
#5877 = ADVANCED_FACE ( 'NONE', ( #6630 ), #9447, .T. ) ;
#5878 = VECTOR ( 'NONE', #3000, 1000.000000000000000 ) ;
#5879 = DIRECTION ( 'NONE',  ( -6.982962677686266711E-15, 1.000000000000000000, 0.000000000000000000 ) ) ;
#5880 = DIRECTION ( 'NONE',  ( -0.000000000000000000, -1.000000000000000000, -0.000000000000000000 ) ) ;
#5881 = ORIENTED_EDGE ( 'NONE', *, *, #243, .F. ) ;
#5882 = EDGE_CURVE ( 'NONE', #5010, #4398, #5000, .T. ) ;
#5883 = DIRECTION ( 'NONE',  ( -0.000000000000000000, -1.000000000000000000, -0.000000000000000000 ) ) ;
#5884 = CARTESIAN_POINT ( 'NONE',  ( 60.00000000000000000, 4.000000000000000000, 4.499999999999991118 ) ) ;
#5885 = AXIS2_PLACEMENT_3D ( 'NONE', #3402, #6344, #8417 ) ;
#5886 = ORIENTED_EDGE ( 'NONE', *, *, #6518, .F. ) ;
#5887 = LINE ( 'NONE', #8843, #7074 ) ;
#5888 = EDGE_LOOP ( 'NONE', ( #5568, #9506, #6681, #138 ) ) ;
#5889 = SURFACE_STYLE_USAGE ( .BOTH. , #8071 ) ;
#5890 = ORIENTED_EDGE ( 'NONE', *, *, #9042, .F. ) ;
#5891 = VECTOR ( 'NONE', #7787, 1000.000000000000000 ) ;
#5892 = VECTOR ( 'NONE', #8560, 1000.000000000000000 ) ;
#5893 = CARTESIAN_POINT ( 'NONE',  ( 60.00000000000022027, 4.232725281383409310E-13, -10.00000000000000000 ) ) ;
#5894 = DIRECTION ( 'NONE',  ( -6.987186840583977580E-15, 1.000000000000000000, -7.888609052210118054E-31 ) ) ;
#5895 = CARTESIAN_POINT ( 'NONE',  ( -2.793185071074507189E-13, 43.00000000000000000, 32.50000000000000000 ) ) ;
#5896 = CARTESIAN_POINT ( 'NONE',  ( 60.00000000000022737, 4.232725281383409310E-13, 0.000000000000000000 ) ) ;
#5897 = ORIENTED_EDGE ( 'NONE', *, *, #4106, .T. ) ;
#5898 = CARTESIAN_POINT ( 'NONE',  ( 11.19999999999961560, 26.00000000000008171, -34.00000000000000000 ) ) ;
#5899 = VECTOR ( 'NONE', #4480, 1000.000000000000000 ) ;
#5900 = ADVANCED_FACE ( 'NONE', ( #3593 ), #2966, .F. ) ;
#5901 = CARTESIAN_POINT ( 'NONE',  ( -7.000000000000005329, 10.70000000000000107, 43.40000000000001279 ) ) ;
#5902 = VERTEX_POINT ( 'NONE', #2863 ) ;
#5903 = CARTESIAN_POINT ( 'NONE',  ( 6.196528862359562112E-14, 24.00000000000000355, 0.000000000000000000 ) ) ;
#5904 = CARTESIAN_POINT ( 'NONE',  ( -1.816668578551834344E-13, 26.00000000000000355, -32.50000000000000000 ) ) ;
#5905 = ORIENTED_EDGE ( 'NONE', *, *, #3660, .T. ) ;
#5906 = DIRECTION ( 'NONE',  ( -1.000000000000000000, 0.000000000000000000, 0.000000000000000000 ) ) ;
#5907 = DIRECTION ( 'NONE',  ( -0.000000000000000000, -1.000000000000000000, -0.000000000000000000 ) ) ;
#5908 = ORIENTED_EDGE ( 'NONE', *, *, #5259, .T. ) ;
#5909 = CYLINDRICAL_SURFACE ( 'NONE', #4802, 3.599999999999997424 ) ;
#5910 = VERTEX_POINT ( 'NONE', #2055 ) ;
#5911 = CARTESIAN_POINT ( 'NONE',  ( 6.999999999999993783, 9.900000000000000355, 49.20000000000001705 ) ) ;
#5912 = ORIENTED_EDGE ( 'NONE', *, *, #6834, .F. ) ;
#5913 = CARTESIAN_POINT ( 'NONE',  ( -60.99999999999979394, 2.999999999999575895, -5.000000000000014211 ) ) ;
#5914 = EDGE_CURVE ( 'NONE', #2580, #5784, #5811, .T. ) ;
#5915 = ORIENTED_EDGE ( 'NONE', *, *, #4274, .F. ) ;
#5916 = ADVANCED_FACE ( 'NONE', ( #2094 ), #5185, .F. ) ;
#5917 = DIRECTION ( 'NONE',  ( 0.000000000000000000, -0.000000000000000000, 1.000000000000000000 ) ) ;
#5918 =( NAMED_UNIT ( * ) PLANE_ANGLE_UNIT ( ) SI_UNIT ( $, .RADIAN. ) );
#5919 = DIRECTION ( 'NONE',  ( 1.000000000000000000, 6.982962677686266711E-15, 0.000000000000000000 ) ) ;
#5920 = CARTESIAN_POINT ( 'NONE',  ( 5.003653915625222659, 31.28811021175518903, -31.48118766868808649 ) ) ;
#5921 = DIRECTION ( 'NONE',  ( -0.000000000000000000, -1.000000000000000000, -0.000000000000000000 ) ) ;
#5922 = ORIENTED_EDGE ( 'NONE', *, *, #2839, .F. ) ;
#5923 = DIRECTION ( 'NONE',  ( -1.000000000000000000, -6.987186840583977580E-15, -0.000000000000000000 ) ) ;
#5924 = EDGE_CURVE ( 'NONE', #7038, #229, #8050, .T. ) ;
#5925 = FACE_OUTER_BOUND ( 'NONE', #5727, .T. ) ;
#5926 = CARTESIAN_POINT ( 'NONE',  ( 6.999999999999993783, 3.500000000000001332, 50.40000000000001279 ) ) ;
#5927 = ORIENTED_EDGE ( 'NONE', *, *, #1306, .F. ) ;
#5928 = DIRECTION ( 'NONE',  ( -1.040834085586083665E-15, -7.268105573311335965E-30, -1.000000000000000000 ) ) ;
#5929 = DIRECTION ( 'NONE',  ( -1.000000000000000000, 0.000000000000000000, 0.000000000000000000 ) ) ;
#5930 = ORIENTED_EDGE ( 'NONE', *, *, #1765, .F. ) ;
#5931 = DIRECTION ( 'NONE',  ( -1.501203008056852198E-16, -1.000000000000000000, -2.604172100283218727E-31 ) ) ;
#5932 = VERTEX_POINT ( 'NONE', #8817 ) ;
#5933 = CARTESIAN_POINT ( 'NONE',  ( 7.470345474798854293E-16, -31.00000000000000000, 6.099999999999999645 ) ) ;
#5934 = ADVANCED_FACE ( 'NONE', ( #1514 ), #5909, .F. ) ;
#5935 = ORIENTED_EDGE ( 'NONE', *, *, #2107, .F. ) ;
#5936 = CARTESIAN_POINT ( 'NONE',  ( -11.19999999999993712, 25.91671842699976480, 34.00000000000000000 ) ) ;
#5937 = CARTESIAN_POINT ( 'NONE',  ( -11.29999999999995097, 25.99999999999992184, -32.50000000000000000 ) ) ;
#5938 = DIRECTION ( 'NONE',  ( -6.982962677686266711E-15, 1.000000000000000000, 0.000000000000000000 ) ) ;
#5939 = EDGE_CURVE ( 'NONE', #1566, #5443, #5765, .T. ) ;
#5940 = EDGE_CURVE ( 'NONE', #5029, #642, #8091, .T. ) ;
#5941 = LINE ( 'NONE', #2276, #8796 ) ;
#5942 = ORIENTED_EDGE ( 'NONE', *, *, #2906, .F. ) ;
#5943 = DIRECTION ( 'NONE',  ( 6.982962677686266711E-15, -1.000000000000000000, 0.000000000000000000 ) ) ;
#5944 = VECTOR ( 'NONE', #8923, 1000.000000000000000 ) ;
#5945 = DIRECTION ( 'NONE',  ( 6.982962677686266711E-15, -1.000000000000000000, 0.000000000000000000 ) ) ;
#5946 = EDGE_LOOP ( 'NONE', ( #8793, #1490 ) ) ;
#5947 = LINE ( 'NONE', #3502, #2892 ) ;
#5948 = VECTOR ( 'NONE', #5523, 1000.000000000000000 ) ;
#5949 = DIRECTION ( 'NONE',  ( -0.000000000000000000, -1.000000000000000000, -0.000000000000000000 ) ) ;
#5950 = AXIS2_PLACEMENT_3D ( 'NONE', #7466, #4476, #3749 ) ;
#5951 = ORIENTED_EDGE ( 'NONE', *, *, #9147, .F. ) ;
#5952 = DIRECTION ( 'NONE',  ( 0.000000000000000000, 0.000000000000000000, 1.000000000000000000 ) ) ;
#5953 = DIRECTION ( 'NONE',  ( 0.000000000000000000, 0.000000000000000000, -1.000000000000000000 ) ) ;
#5954 = ORIENTED_EDGE ( 'NONE', *, *, #9395, .T. ) ;
#5955 = CARTESIAN_POINT ( 'NONE',  ( -2.500000000000179412, 25.99999999999998579, 32.50000000000000000 ) ) ;
#5956 = VERTEX_POINT ( 'NONE', #3496 ) ;
#5957 = CARTESIAN_POINT ( 'NONE',  ( -30.00000000000000000, -31.00000000000000000, 1.000000000000001554 ) ) ;
#5958 = VERTEX_POINT ( 'NONE', #7946 ) ;
#5959 = DIRECTION ( 'NONE',  ( 0.000000000000000000, 1.000000000000000000, -0.000000000000000000 ) ) ;
#5960 = ORIENTED_EDGE ( 'NONE', *, *, #6753, .F. ) ;
#5961 = EDGE_CURVE ( 'NONE', #5167, #6335, #6508, .T. ) ;
#5962 = DIRECTION ( 'NONE',  ( 0.000000000000000000, 0.000000000000000000, 1.000000000000000000 ) ) ;
#5963 = DIRECTION ( 'NONE',  ( 0.000000000000000000, 0.000000000000000000, -1.000000000000000000 ) ) ;
#5964 = ADVANCED_FACE ( 'NONE', ( #1317 ), #5042, .F. ) ;
#5965 = AXIS2_PLACEMENT_3D ( 'NONE', #2884, #6512, #8786 ) ;
#5966 = CARTESIAN_POINT ( 'NONE',  ( -59.99999999999976552, -4.163336342344337027E-13, 11.74999999999988098 ) ) ;
#5967 = DIRECTION ( 'NONE',  ( -6.982962677686266711E-15, 1.000000000000000000, -0.000000000000000000 ) ) ;
#5968 = VECTOR ( 'NONE', #9537, 1000.000000000000000 ) ;
#5969 = DIRECTION ( 'NONE',  ( -0.000000000000000000, -0.000000000000000000, 1.000000000000000000 ) ) ;
#5970 = VECTOR ( 'NONE', #6101, 1000.000000000000000 ) ;
#5971 = ORIENTED_EDGE ( 'NONE', *, *, #6375, .F. ) ;
#5972 = EDGE_CURVE ( 'NONE', #6540, #4284, #5094, .T. ) ;
#5973 = LINE ( 'NONE', #760, #4953 ) ;
#5974 = CIRCLE ( 'NONE', #4280, 14.00000000000000178 ) ;
#5975 = CARTESIAN_POINT ( 'NONE',  ( -6.999999999999995559, 10.70000000000000107, 50.40000000000001279 ) ) ;
#5976 = DIRECTION ( 'NONE',  ( 1.000000000000000000, 6.982962677686266711E-15, 0.000000000000000000 ) ) ;
#5977 = ORIENTED_EDGE ( 'NONE', *, *, #8784, .F. ) ;
#5978 = DIRECTION ( 'NONE',  ( -1.000000000000000000, -6.987186840583977580E-15, -0.000000000000000000 ) ) ;
#5979 = DIRECTION ( 'NONE',  ( 6.982962677686266711E-15, -1.000000000000000000, 0.000000000000000000 ) ) ;
#5980 = EDGE_CURVE ( 'NONE', #4421, #6283, #638, .T. ) ;
#5981 = ORIENTED_EDGE ( 'NONE', *, *, #2371, .T. ) ;
#5982 = CARTESIAN_POINT ( 'NONE',  ( 5.079608877308689152, 31.37318878770069830, -33.02160370647009557 ) ) ;
#5983 = ORIENTED_EDGE ( 'NONE', *, *, #2607, .F. ) ;
#5984 = VECTOR ( 'NONE', #7857, 1000.000000000000000 ) ;
#5985 = LINE ( 'NONE', #4495, #3238 ) ;
#5986 = EDGE_CURVE ( 'NONE', #5869, #2972, #9123, .T. ) ;
#5987 = ORIENTED_EDGE ( 'NONE', *, *, #1563, .T. ) ;
#5988 = VECTOR ( 'NONE', #571, 1000.000000000000000 ) ;
#5989 = AXIS2_PLACEMENT_3D ( 'NONE', #9472, #37, #5069 ) ;
#5990 = LINE ( 'NONE', #8944, #2202 ) ;
#5991 = DIRECTION ( 'NONE',  ( 1.000000000000000000, 6.847592668329496333E-15, 0.000000000000000000 ) ) ;
#5992 = AXIS2_PLACEMENT_3D ( 'NONE', #1091, #2788, #5733 ) ;
#5993 = CYLINDRICAL_SURFACE ( 'NONE', #8181, 3.599999999999997424 ) ;
#5994 = AXIS2_PLACEMENT_3D ( 'NONE', #7658, #1767, #6986 ) ;
#5995 = VECTOR ( 'NONE', #8537, 1000.000000000000000 ) ;
#5996 = CARTESIAN_POINT ( 'NONE',  ( -12.20000000000028706, 28.59999999999991616, 32.50000000000000000 ) ) ;
#5997 = VERTEX_POINT ( 'NONE', #5326 ) ;
#5998 = CARTESIAN_POINT ( 'NONE',  ( 11.27017349682989789, 26.00000000000007816, 31.00000000000000000 ) ) ;
#5999 = VECTOR ( 'NONE', #1912, 1000.000000000000000 ) ;
#6000 = DIRECTION ( 'NONE',  ( 0.000000000000000000, 1.000000000000000000, 0.000000000000000000 ) ) ;
#6001 = ORIENTED_EDGE ( 'NONE', *, *, #4549, .T. ) ;
#6002 = CARTESIAN_POINT ( 'NONE',  ( 30.00000000000000000, -31.00000000000000000, 0.000000000000000000 ) ) ;
#6003 = ADVANCED_FACE ( 'NONE', ( #8275 ), #1656, .F. ) ;
#6004 = LINE ( 'NONE', #237, #425 ) ;
#6005 = VERTEX_POINT ( 'NONE', #5955 ) ;
#6006 = CARTESIAN_POINT ( 'NONE',  ( -25.20000000000003126, 9.900000000000000355, 49.20000000000001705 ) ) ;
#6007 = LINE ( 'NONE', #1565, #3334 ) ;
#6008 = CIRCLE ( 'NONE', #1840, 5.750000000000105693 ) ;
#6009 = ORIENTED_EDGE ( 'NONE', *, *, #8967, .T. ) ;
#6010 = EDGE_CURVE ( 'NONE', #3272, #6686, #5289, .T. ) ;
#6011 = CARTESIAN_POINT ( 'NONE',  ( -1.519181950127344879E-13, 54.49604614807104497, -7.599999999999999645 ) ) ;
#6012 = CARTESIAN_POINT ( 'NONE',  ( -1.606081415867841343E-13, 26.00000000000000355, 32.50000000000000000 ) ) ;
#6013 = ORIENTED_EDGE ( 'NONE', *, *, #1808, .T. ) ;
#6014 = CARTESIAN_POINT ( 'NONE',  ( 60.00000000000000000, 4.000000000000000000, -11.75000000000004441 ) ) ;
#6015 = ORIENTED_EDGE ( 'NONE', *, *, #1325, .F. ) ;
#6016 = CIRCLE ( 'NONE', #3544, 5.500000000000003553 ) ;
#6017 = LINE ( 'NONE', #8098, #7024 ) ;
#6018 = DIRECTION ( 'NONE',  ( 0.000000000000000000, 0.000000000000000000, -1.000000000000000000 ) ) ;
#6019 = DIRECTION ( 'NONE',  ( 1.734723475976805517E-15, 0.000000000000000000, -1.000000000000000000 ) ) ;
#6020 = CARTESIAN_POINT ( 'NONE',  ( 4.799936326822310032E-14, 26.00000000000000355, 0.000000000000000000 ) ) ;
#6021 = ORIENTED_EDGE ( 'NONE', *, *, #6505, .T. ) ;
#6022 = EDGE_CURVE ( 'NONE', #7617, #4695, #1575, .T. ) ;
#6023 = FACE_BOUND ( 'NONE', #7919, .T. ) ;
#6024 = CARTESIAN_POINT ( 'NONE',  ( -2.793185071074507189E-13, 43.00000000000000000, 32.50000000000000000 ) ) ;
#6025 = FACE_OUTER_BOUND ( 'NONE', #5746, .T. ) ;
#6026 = CIRCLE ( 'NONE', #1860, 1.750000000000105693 ) ;
#6027 = EDGE_LOOP ( 'NONE', ( #1303, #999, #2035, #6740 ) ) ;
#6028 = CARTESIAN_POINT ( 'NONE',  ( -60.00000000000000000, -33.00000000000000000, -60.00000000000000000 ) ) ;
#6029 = LINE ( 'NONE', #3805, #7684 ) ;
#6030 = ORIENTED_EDGE ( 'NONE', *, *, #2608, .T. ) ;
#6031 = LINE ( 'NONE', #7480, #595 ) ;
#6032 = ORIENTED_EDGE ( 'NONE', *, *, #6857, .T. ) ;
#6033 = AXIS2_PLACEMENT_3D ( 'NONE', #3258, #7027, #3932 ) ;
#6034 = CARTESIAN_POINT ( 'NONE',  ( 60.00000000000020606, 4.232725281383408301E-13, -8.249999999999996447 ) ) ;
#6035 = ORIENTED_EDGE ( 'NONE', *, *, #1187, .T. ) ;
#6036 = EDGE_CURVE ( 'NONE', #8254, #1285, #3010, .T. ) ;
#6037 = EDGE_CURVE ( 'NONE', #7923, #579, #1877, .T. ) ;
#6038 = AXIS2_PLACEMENT_3D ( 'NONE', #4604, #933, #6829 ) ;
#6039 = CIRCLE ( 'NONE', #4343, 3.599999999999997424 ) ;
#6040 = DIRECTION ( 'NONE',  ( 5.511918536011418060E-45, -7.888609052210118054E-31, -1.000000000000000000 ) ) ;
#6041 = VERTEX_POINT ( 'NONE', #2469 ) ;
#6042 = DIRECTION ( 'NONE',  ( 6.982962677686266711E-15, -1.000000000000000000, 0.000000000000000000 ) ) ;
#6043 = CARTESIAN_POINT ( 'NONE',  ( -5.100000000000287415, 44.49999999999997158, 32.50000000000000000 ) ) ;
#6044 = ORIENTED_EDGE ( 'NONE', *, *, #666, .T. ) ;
#6046 = CIRCLE ( 'NONE', #4350, 4.099999999999999645 ) ;
#6045 = CARTESIAN_POINT ( 'NONE',  ( 64.81245028383449380, 3.000000000000453859, 13.14687499999993214 ) ) ;
#6047 = VECTOR ( 'NONE', #2323, 1000.000000000000000 ) ;
#6048 = VECTOR ( 'NONE', #420, 1000.000000000000000 ) ;
#6049 = DIRECTION ( 'NONE',  ( 0.000000000000000000, 1.000000000000000000, 0.000000000000000000 ) ) ;
#6050 = CARTESIAN_POINT ( 'NONE',  ( 11.30000000000004867, 26.00000000000008171, 2.051038353574630974E-29 ) ) ;
#6051 = CARTESIAN_POINT ( 'NONE',  ( -73.14687499999999432, 3.000000000000000000, -4.812450283834104781 ) ) ;
#6052 = ORIENTED_EDGE ( 'NONE', *, *, #8934, .T. ) ;
#6053 = CIRCLE ( 'NONE', #1585, 1.000000000000001554 ) ;
#6054 = AXIS2_PLACEMENT_3D ( 'NONE', #8005, #8146, #4478 ) ;
#6055 = B_SPLINE_CURVE_WITH_KNOTS ( 'NONE', 3,
 ( #6692, #6641, #607, #6502 ),
 .UNSPECIFIED., .F., .F.,
 ( 4, 4 ),
 ( 0.000000000000000000, 0.0002128395633472746312 ),
 .UNSPECIFIED. ) ;
#6056 = CARTESIAN_POINT ( 'NONE',  ( -22.99999999999999645, 3.000000000000000000, 49.20000000000001705 ) ) ;
#6057 = EDGE_CURVE ( 'NONE', #6521, #2576, #6098, .T. ) ;
#6058 = DIRECTION ( 'NONE',  ( 0.000000000000000000, 0.000000000000000000, 1.000000000000000000 ) ) ;
#6059 = ORIENTED_EDGE ( 'NONE', *, *, #3618, .T. ) ;
#6060 = FACE_OUTER_BOUND ( 'NONE', #4506, .T. ) ;
#6061 = CIRCLE ( 'NONE', #493, 1.000000000000001554 ) ;
#6062 = EDGE_CURVE ( 'NONE', #8116, #7282, #106, .T. ) ;
#6063 = ORIENTED_EDGE ( 'NONE', *, *, #5049, .T. ) ;
#6064 = CYLINDRICAL_SURFACE ( 'NONE', #8727, 1.749999999999895639 ) ;
#6065 = PLANE ( 'NONE',  #6455 ) ;
#6066 = LINE ( 'NONE', #2388, #5944 ) ;
#6067 = DIRECTION ( 'NONE',  ( -0.000000000000000000, -0.000000000000000000, -1.000000000000000000 ) ) ;
#6068 = EDGE_CURVE ( 'NONE', #4833, #5800, #3434, .T. ) ;
#6069 = EDGE_CURVE ( 'NONE', #7830, #5806, #9044, .T. ) ;
#6070 = CIRCLE ( 'NONE', #9002, 5.500000000000003553 ) ;
#6071 = ORIENTED_EDGE ( 'NONE', *, *, #6563, .F. ) ;
#6072 = CARTESIAN_POINT ( 'NONE',  ( -1.816668578551834344E-13, 26.00000000000000355, 32.50000000000000000 ) ) ;
#6073 = DIRECTION ( 'NONE',  ( 1.000000000000000000, 6.987186840583977580E-15, 0.000000000000000000 ) ) ;
#6074 = CARTESIAN_POINT ( 'NONE',  ( 60.00000000000000000, 4.000000000000000000, 9.999999999999984013 ) ) ;
#6075 = PLANE ( 'NONE',  #3174 ) ;
#6076 = ORIENTED_EDGE ( 'NONE', *, *, #7958, .F. ) ;
#6077 = EDGE_CURVE ( 'NONE', #6087, #7414, #7415, .T. ) ;
#6078 = DIRECTION ( 'NONE',  ( 0.000000000000000000, 0.000000000000000000, 1.000000000000000000 ) ) ;
#6079 = DIRECTION ( 'NONE',  ( 0.9998583098364343114, -1.500990302357095091E-16, -0.01683330778632510447 ) ) ;
#6080 = EDGE_LOOP ( 'NONE', ( #8505, #4257, #1553, #5857 ) ) ;
#6081 = VERTEX_POINT ( 'NONE', #2422 ) ;
#6082 = LINE ( 'NONE', #9027, #2787 ) ;
#6083 = ADVANCED_FACE ( 'NONE', ( #5373 ), #2337, .T. ) ;
#6084 = EDGE_CURVE ( 'NONE', #5784, #413, #5416, .T. ) ;
#6085 = DIRECTION ( 'NONE',  ( 0.000000000000000000, 0.000000000000000000, 1.000000000000000000 ) ) ;
#6086 = DIRECTION ( 'NONE',  ( 1.000000000000000000, 6.982962677686266711E-15, 0.000000000000000000 ) ) ;
#6087 = VERTEX_POINT ( 'NONE', #6056 ) ;
#6088 = CARTESIAN_POINT ( 'NONE',  ( -59.99999999999999289, 4.000000000000000000, -11.75000000000000355 ) ) ;
#6089 = ADVANCED_FACE ( 'NONE', ( #59 ), #882, .T. ) ;
#6090 = CARTESIAN_POINT ( 'NONE',  ( 70.00000000000022737, 4.926614671774132148E-13, -1.749999999999996891 ) ) ;
#6091 = ORIENTED_EDGE ( 'NONE', *, *, #3109, .T. ) ;
#6092 = EDGE_CURVE ( 'NONE', #4344, #1212, #3823, .T. ) ;
#6093 = DIRECTION ( 'NONE',  ( -0.000000000000000000, -0.000000000000000000, -1.000000000000000000 ) ) ;
#6094 = CARTESIAN_POINT ( 'NONE',  ( 4.799936326822310663E-14, 26.00000000000000355, 0.000000000000000000 ) ) ;
#6095 = CARTESIAN_POINT ( 'NONE',  ( -55.86932208953504642, -3.885780586188047891E-13, 13.99999999999998401 ) ) ;
#6096 = CARTESIAN_POINT ( 'NONE',  ( -70.44103962761744242, -4.891920202254596006E-13, 8.828640442460647719 ) ) ;
#6097 = ORIENTED_EDGE ( 'NONE', *, *, #3767, .F. ) ;
#6098 = LINE ( 'NONE', #1567, #2345 ) ;
#6099 = CARTESIAN_POINT ( 'NONE',  ( -8.100000000000289191, 28.59999999999991616, -32.50000000000000000 ) ) ;
#6100 = ORIENTED_EDGE ( 'NONE', *, *, #9344, .F. ) ;
#6101 = DIRECTION ( 'NONE',  ( -6.982962677686266711E-15, 1.000000000000000000, 0.000000000000000000 ) ) ;
#6102 = CIRCLE ( 'NONE', #4560, 3.599999999999997424 ) ;
#6103 = ORIENTED_EDGE ( 'NONE', *, *, #6380, .T. ) ;
#6104 = DIRECTION ( 'NONE',  ( -6.982962677686266711E-15, 1.000000000000000000, 0.000000000000000000 ) ) ;
#6105 = LINE ( 'NONE', #3018, #7102 ) ;
#6106 = CIRCLE ( 'NONE', #5028, 1.000000000000001554 ) ;
#6107 = DIRECTION ( 'NONE',  ( -1.501203008056851952E-16, -1.000000000000000000, -2.604172100283218727E-31 ) ) ;
#6108 = DIRECTION ( 'NONE',  ( -6.982962677686266711E-15, 1.000000000000000000, -0.000000000000000000 ) ) ;
#6109 = EDGE_CURVE ( 'NONE', #2336, #1932, #2579, .T. ) ;
#6110 = VERTEX_POINT ( 'NONE', #1899 ) ;
#6111 = FACE_OUTER_BOUND ( 'NONE', #1507, .T. ) ;
#6112 = CARTESIAN_POINT ( 'NONE',  ( 21.24746460142319293, -1.000000000000007105, 18.99999999999991118 ) ) ;
#6113 = VECTOR ( 'NONE', #2397, 1000.000000000000000 ) ;
#6114 = EDGE_CURVE ( 'NONE', #474, #3738, #5059, .T. ) ;
#6115 = EDGE_CURVE ( 'NONE', #6907, #330, #2129, .T. ) ;
#6116 = DIRECTION ( 'NONE',  ( -1.000000000000000000, -7.116814260417670090E-15, 0.000000000000000000 ) ) ;
#6117 = DIRECTION ( 'NONE',  ( -1.000000000000000000, -6.982962677686266711E-15, 0.000000000000000000 ) ) ;
#6118 = VERTEX_POINT ( 'NONE', #7741 ) ;
#6119 = AXIS2_PLACEMENT_3D ( 'NONE', #1703, #4647, #3783 ) ;
#6120 = CARTESIAN_POINT ( 'NONE',  ( -60.00000000000000000, 26.00000000000000355, 0.000000000000000000 ) ) ;
#6121 = CARTESIAN_POINT ( 'NONE',  ( 0.000000000000000000, -44.59655121145936363, 0.000000000000000000 ) ) ;
#6122 = VERTEX_POINT ( 'NONE', #1848 ) ;
#6123 = EDGE_LOOP ( 'NONE', ( #3943, #7098 ) ) ;
#6124 = DIRECTION ( 'NONE',  ( -1.000000000000000000, -6.982962677686266711E-15, 0.000000000000000000 ) ) ;
#6125 = CIRCLE ( 'NONE', #9378, 1.749999999999996891 ) ;
#6126 = CARTESIAN_POINT ( 'NONE',  ( -11.27017349682976644, 25.99999999999992184, 33.32048117062765868 ) ) ;
#6127 = ORIENTED_EDGE ( 'NONE', *, *, #792, .T. ) ;
#6128 = LINE ( 'NONE', #9425, #5520 ) ;
#6129 = ORIENTED_EDGE ( 'NONE', *, *, #626, .T. ) ;
#6130 = PLANE ( 'NONE',  #4804 ) ;
#6131 = ORIENTED_EDGE ( 'NONE', *, *, #1765, .T. ) ;
#6132 = ADVANCED_FACE ( 'NONE', ( #3240 ), #6382, .T. ) ;
#6133 = CARTESIAN_POINT ( 'NONE',  ( -60.00000000000000000, 4.000000000000000000, 10.00000000000000000 ) ) ;
#6134 = EDGE_CURVE ( 'NONE', #722, #9137, #1945, .T. ) ;
#6135 = AXIS2_PLACEMENT_3D ( 'NONE', #8125, #6815, #2231 ) ;
#6136 = VECTOR ( 'NONE', #3030, 1000.000000000000000 ) ;
#6137 = CARTESIAN_POINT ( 'NONE',  ( 64.81245028383452222, 4.544975507059234587E-13, 13.14687499999993214 ) ) ;
#6138 = AXIS2_PLACEMENT_3D ( 'NONE', #9037, #2376, #5366 ) ;
#6139 = DIRECTION ( 'NONE',  ( 0.000000000000000000, 0.000000000000000000, 1.000000000000000000 ) ) ;
#6140 = DIRECTION ( 'NONE',  ( 0.4512872425049602176, 3.151321971328088491E-15, 0.8923787451257841896 ) ) ;
#6141 = CIRCLE ( 'NONE', #7382, 11.29999999999999893 ) ;
#6142 = ORIENTED_EDGE ( 'NONE', *, *, #446, .T. ) ;
#6143 = DIRECTION ( 'NONE',  ( -1.000000000000000000, -6.982962677686266711E-15, 0.000000000000000000 ) ) ;
#6144 = FACE_OUTER_BOUND ( 'NONE', #1862, .T. ) ;
#6145 = ORIENTED_EDGE ( 'NONE', *, *, #6229, .T. ) ;
#6146 = DIRECTION ( 'NONE',  ( 0.000000000000000000, 0.000000000000000000, 1.000000000000000000 ) ) ;
#6147 = CIRCLE ( 'NONE', #6611, 1.700000000000000178 ) ;
#6148 = ORIENTED_EDGE ( 'NONE', *, *, #8639, .T. ) ;
#6149 = ADVANCED_FACE ( 'NONE', ( #7692, #2711 ), #9142, .T. ) ;
#6150 = CYLINDRICAL_SURFACE ( 'NONE', #1782, 4.100000000000002309 ) ;
#6151 = CARTESIAN_POINT ( 'NONE',  ( 61.00000000000022737, 4.302114220422481594E-13, 9.999999999999984013 ) ) ;
#6152 = CARTESIAN_POINT ( 'NONE',  ( 25.19999999999998153, -0.2000000000000005107, 49.20000000000001705 ) ) ;
#6153 = CARTESIAN_POINT ( 'NONE',  ( 7.450503338701415679, 24.00000000000005684, 1.499999999999998002 ) ) ;
#6154 = ORIENTED_EDGE ( 'NONE', *, *, #8665, .F. ) ;
#6155 = LINE ( 'NONE', #4707, #7379 ) ;
#6156 = CARTESIAN_POINT ( 'NONE',  ( 3.740875477200665096E-14, 27.50000000000000355, -2.169367489357782745E-29 ) ) ;
#6157 = EDGE_CURVE ( 'NONE', #4942, #1745, #5656, .T. ) ;
#6158 = CARTESIAN_POINT ( 'NONE',  ( -4.929826503170777308, 25.99999999999996803, 31.19355036505935885 ) ) ;
#6159 = DIRECTION ( 'NONE',  ( 6.987186840583977580E-15, -1.000000000000000000, 7.888609052210118054E-31 ) ) ;
#6160 = EDGE_LOOP ( 'NONE', ( #1253, #1783, #6009, #2333 ) ) ;
#6161 = PLANE ( 'NONE',  #5580 ) ;
#6162 = CARTESIAN_POINT ( 'NONE',  ( -1.606081415867841343E-13, 26.00000000000000355, -32.50000000000000000 ) ) ;
#6163 = FACE_OUTER_BOUND ( 'NONE', #2409, .T. ) ;
#6164 = ORIENTED_EDGE ( 'NONE', *, *, #1752, .F. ) ;
#6165 = ORIENTED_EDGE ( 'NONE', *, *, #2589, .F. ) ;
#6166 = EDGE_CURVE ( 'NONE', #1081, #4676, #1195, .T. ) ;
#6167 = DIRECTION ( 'NONE',  ( 0.000000000000000000, 1.000000000000000000, -0.000000000000000000 ) ) ;
#6168 = PRESENTATION_LAYER_ASSIGNMENT (  '', '', ( #6637 ) ) ;
#6169 = EDGE_CURVE ( 'NONE', #963, #2218, #3288, .T. ) ;
#6170 = ORIENTED_EDGE ( 'NONE', *, *, #4488, .T. ) ;
#6171 = CARTESIAN_POINT ( 'NONE',  ( -2.793185071074507189E-13, 43.00000000000000000, 32.50000000000000000 ) ) ;
#6172 = SURFACE_STYLE_USAGE ( .BOTH. , #3226 ) ;
#6173 = AXIS2_PLACEMENT_3D ( 'NONE', #7921, #6461, #5738 ) ;
#6174 = VERTEX_POINT ( 'NONE', #4013 ) ;
#6175 = DIRECTION ( 'NONE',  ( -1.000000000000000000, -7.061706185392451219E-15, 0.000000000000000000 ) ) ;
#6176 = VERTEX_POINT ( 'NONE', #485 ) ;
#6177 = CARTESIAN_POINT ( 'NONE',  ( 8.100000000000292744, 28.59999999999991971, -31.00000000000000000 ) ) ;
#6178 = ORIENTED_EDGE ( 'NONE', *, *, #8807, .F. ) ;
#6179 = ORIENTED_EDGE ( 'NONE', *, *, #2163, .T. ) ;
#6180 = VECTOR ( 'NONE', #6770, 1000.000000000000000 ) ;
#6181 = FACE_OUTER_BOUND ( 'NONE', #5465, .T. ) ;
#6182 = DIRECTION ( 'NONE',  ( -1.000000000000000000, -6.847592668329496333E-15, 0.000000000000000000 ) ) ;
#6183 = LINE ( 'NONE', #3237, #8211 ) ;
#6184 = ORIENTED_EDGE ( 'NONE', *, *, #1747, .F. ) ;
#6185 = EDGE_CURVE ( 'NONE', #7414, #8818, #4793, .T. ) ;
#6186 = DIRECTION ( 'NONE',  ( -1.000000000000000000, -6.802837160693364202E-15, 0.000000000000000000 ) ) ;
#6187 = CIRCLE ( 'NONE', #7437, 4.099999999999997868 ) ;
#6188 = AXIS2_PLACEMENT_3D ( 'NONE', #1354, #7932, #1302 ) ;
#6189 = DIRECTION ( 'NONE',  ( 0.000000000000000000, 0.000000000000000000, 1.000000000000000000 ) ) ;
#6190 = ORIENTED_EDGE ( 'NONE', *, *, #4766, .T. ) ;
#6191 = DIRECTION ( 'NONE',  ( 0.000000000000000000, 0.000000000000000000, 1.000000000000000000 ) ) ;
#6192 = ORIENTED_EDGE ( 'NONE', *, *, #662, .T. ) ;
#6193 = ORIENTED_EDGE ( 'NONE', *, *, #1909, .F. ) ;
#6194 = VECTOR ( 'NONE', #679, 1000.000000000000000 ) ;
#6195 = LINE ( 'NONE', #888, #7489 ) ;
#6196 = CARTESIAN_POINT ( 'NONE',  ( -2.793185071074507189E-13, 43.00000000000000000, -32.50000000000000000 ) ) ;
#6197 = VECTOR ( 'NONE', #2734, 1000.000000000000000 ) ;
#6198 = LINE ( 'NONE', #1910, #84 ) ;
#6199 = CARTESIAN_POINT ( 'NONE',  ( 30.00000000000020606, 3.000000000000210942, 0.000000000000000000 ) ) ;
#6200 = DIRECTION ( 'NONE',  ( -6.982962677686265922E-15, 1.000000000000000000, -0.000000000000000000 ) ) ;
#6201 = ORIENTED_EDGE ( 'NONE', *, *, #8047, .F. ) ;
#6202 = LINE ( 'NONE', #3849, #7844 ) ;
#6203 = ADVANCED_FACE ( 'NONE', ( #6963 ), #3963, .T. ) ;
#6204 = VECTOR ( 'NONE', #6405, 1000.000000000000000 ) ;
#6205 = DIRECTION ( 'NONE',  ( -6.987186840583977580E-15, 1.000000000000000000, 7.888609052210118054E-31 ) ) ;
#6206 = VERTEX_POINT ( 'NONE', #1018 ) ;
#6207 = DIRECTION ( 'NONE',  ( 0.000000000000000000, 0.000000000000000000, 1.000000000000000000 ) ) ;
#6208 = LINE ( 'NONE', #657, #896 ) ;
#6209 = EDGE_LOOP ( 'NONE', ( #4312, #1345, #1064, #42, #2077, #1448, #7949, #3955, #2865, #6442, #3600, #6988 ) ) ;
#6210 = DIRECTION ( 'NONE',  ( -1.734723475976805517E-15, 0.000000000000000000, 1.000000000000000000 ) ) ;
#6211 = CARTESIAN_POINT ( 'NONE',  ( 64.81245028383433748, 4.544975507059234587E-13, -13.14687500000000497 ) ) ;
#6212 = DIRECTION ( 'NONE',  ( -0.000000000000000000, 0.000000000000000000, -1.000000000000000000 ) ) ;
#6213 = ORIENTED_EDGE ( 'NONE', *, *, #6312, .T. ) ;
#6214 = VERTEX_POINT ( 'NONE', #3442 ) ;
#6215 = EDGE_CURVE ( 'NONE', #6749, #6582, #5829, .T. ) ;
#6216 = PLANE ( 'NONE',  #8036 ) ;
#6217 = UNCERTAINTY_MEASURE_WITH_UNIT (LENGTH_MEASURE( 1.000000000000000082E-05 ), #2104, 'distance_accuracy_value', 'NONE');
#6218 = VERTEX_POINT ( 'NONE', #9288 ) ;
#6219 = DIRECTION ( 'NONE',  ( -1.000000000000000000, -6.982962677686267499E-15, 0.000000000000000000 ) ) ;
#6220 = DIRECTION ( 'NONE',  ( 0.000000000000000000, 0.000000000000000000, 1.000000000000000000 ) ) ;
#6221 = ORIENTED_EDGE ( 'NONE', *, *, #4112, .T. ) ;
#6222 = DIRECTION ( 'NONE',  ( -1.000000000000000000, 0.000000000000000000, 0.000000000000000000 ) ) ;
#6223 = ORIENTED_EDGE ( 'NONE', *, *, #6166, .T. ) ;
#6224 = EDGE_CURVE ( 'NONE', #9315, #361, #8613, .T. ) ;
#6225 =( NAMED_UNIT ( * ) SI_UNIT ( $, .STERADIAN. ) SOLID_ANGLE_UNIT ( ) );
#6226 = ORIENTED_EDGE ( 'NONE', *, *, #2957, .F. ) ;
#6227 = PLANE ( 'NONE',  #8150 ) ;
#6228 = EDGE_CURVE ( 'NONE', #7683, #8522, #4593, .T. ) ;
#6229 = EDGE_CURVE ( 'NONE', #4334, #2246, #4448, .T. ) ;
#6230 = CARTESIAN_POINT ( 'NONE',  ( 0.000000000000000000, -20.99999999999999645, 0.000000000000000000 ) ) ;
#6231 = CARTESIAN_POINT ( 'NONE',  ( -60.00000000000000000, 3.000000000000000000, 10.00000000000000000 ) ) ;
#6232 = ORIENTED_EDGE ( 'NONE', *, *, #8097, .F. ) ;
#6233 = DIRECTION ( 'NONE',  ( -6.987186840583977580E-15, 1.000000000000000000, -7.888609052210118054E-31 ) ) ;
#6234 = CARTESIAN_POINT ( 'NONE',  ( 69.99999999999998579, 4.000000000000000000, -1.713039432527097006E-14 ) ) ;
#6235 = ORIENTED_EDGE ( 'NONE', *, *, #7833, .T. ) ;
#6236 = CARTESIAN_POINT ( 'NONE',  ( -5.100000000000195932, 31.39463772249623830, 32.50000000000000000 ) ) ;
#6237 = ORIENTED_EDGE ( 'NONE', *, *, #8168, .T. ) ;
#6238 = ORIENTED_EDGE ( 'NONE', *, *, #9570, .T. ) ;
#6239 = CARTESIAN_POINT ( 'NONE',  ( 4.929826503170722241, 26.00000000000003553, 34.00000000000000000 ) ) ;
#6240 = DIRECTION ( 'NONE',  ( 1.000000000000000000, 0.000000000000000000, 0.000000000000000000 ) ) ;
#6241 = CARTESIAN_POINT ( 'NONE',  ( -55.86932208953526668, 4.000000000000000000, 13.99999999999999112 ) ) ;
#6242 = DIRECTION ( 'NONE',  ( -6.982962677686266711E-15, 1.000000000000000000, -0.000000000000000000 ) ) ;
#6243 = CARTESIAN_POINT ( 'NONE',  ( -59.54154469100562608, -14.21836078075972765, 3.316627699545110275 ) ) ;
#6244 = PRESENTATION_LAYER_ASSIGNMENT (  '', '', ( #9031 ) ) ;
#6245 = ORIENTED_EDGE ( 'NONE', *, *, #6581, .F. ) ;
#6246 = CARTESIAN_POINT ( 'NONE',  ( -3.600000000000157740, 25.99999999999997868, -32.50000000000000000 ) ) ;
#6247 = DIRECTION ( 'NONE',  ( 6.987186840583977580E-15, -1.000000000000000000, 7.888609052210118054E-31 ) ) ;
#6248 = EDGE_CURVE ( 'NONE', #6686, #412, #9247, .T. ) ;
#6249 = EDGE_CURVE ( 'NONE', #1566, #6826, #7061, .T. ) ;
#6250 = ORIENTED_EDGE ( 'NONE', *, *, #8665, .T. ) ;
#6251 = CIRCLE ( 'NONE', #1384, 9.799999999999998934 ) ;
#6252 = CARTESIAN_POINT ( 'NONE',  ( -2.897929511239801316E-13, 44.50000000000000711, 32.50000000000000000 ) ) ;
#6253 = DIRECTION ( 'NONE',  ( 6.982962677686266711E-15, -1.000000000000000000, 0.000000000000000000 ) ) ;
#6254 = EDGE_LOOP ( 'NONE', ( #1057, #7053, #4930, #4548 ) ) ;
#6255 = AXIS2_PLACEMENT_3D ( 'NONE', #2822, #2092, #4997 ) ;
#6256 = FACE_OUTER_BOUND ( 'NONE', #5124, .T. ) ;
#6257 = DIRECTION ( 'NONE',  ( 0.000000000000000000, 0.000000000000000000, 1.000000000000000000 ) ) ;
#6258 = CARTESIAN_POINT ( 'NONE',  ( 69.99999999999998579, 4.000000000000000000, -1.713039432527097006E-14 ) ) ;
#6259 = VERTEX_POINT ( 'NONE', #7162 ) ;
#6260 = ORIENTED_EDGE ( 'NONE', *, *, #5325, .F. ) ;
#6261 = CARTESIAN_POINT ( 'NONE',  ( -21.49999999999998934, 48.80255095400651300, 18.99999999999991118 ) ) ;
#6262 = CIRCLE ( 'NONE', #1645, 14.00000000000000000 ) ;
#6263 = LINE ( 'NONE', #5596, #1794 ) ;
#6264 = ORIENTED_EDGE ( 'NONE', *, *, #7248, .T. ) ;
#6265 = ADVANCED_FACE ( 'NONE', ( #6426 ), #730, .F. ) ;
#6266 = AXIS2_PLACEMENT_3D ( 'NONE', #3708, #7239, #3565 ) ;
#6267 = DIRECTION ( 'NONE',  ( 1.000000000000000000, 6.982962677686266711E-15, -0.000000000000000000 ) ) ;
#6268 = DIRECTION ( 'NONE',  ( 0.000000000000000000, 0.000000000000000000, -1.000000000000000000 ) ) ;
#6269 = VERTEX_POINT ( 'NONE', #531 ) ;
#6270 = CARTESIAN_POINT ( 'NONE',  ( 30.00000000000022737, 2.081668171172168513E-13, 1.000000000000001554 ) ) ;
#6271 = VERTEX_POINT ( 'NONE', #2902 ) ;
#6272 = CIRCLE ( 'NONE', #2565, 5.099999999999997868 ) ;
#6273 = CARTESIAN_POINT ( 'NONE',  ( 3.815756805667831042, 26.00000000000002842, 1.499999999999997780 ) ) ;
#6274 = VERTEX_POINT ( 'NONE', #4259 ) ;
#6275 = DIRECTION ( 'NONE',  ( -6.982962677686266711E-15, 1.000000000000000000, -0.000000000000000000 ) ) ;
#6276 = CIRCLE ( 'NONE', #8147, 8.500000000000001776 ) ;
#6277 = CARTESIAN_POINT ( 'NONE',  ( 2.499999999999820588, 26.00000000000002132, -33.75000000000000000 ) ) ;
#6278 = DIRECTION ( 'NONE',  ( -6.982962677686266711E-15, 1.000000000000000000, 0.000000000000000000 ) ) ;
#6279 = ORIENTED_EDGE ( 'NONE', *, *, #1119, .F. ) ;
#6280 = DIRECTION ( 'NONE',  ( -1.000000000000000000, -6.987186840583977580E-15, 0.000000000000000000 ) ) ;
#6281 = AXIS2_PLACEMENT_3D ( 'NONE', #7116, #6233, #6280 ) ;
#6282 = DIRECTION ( 'NONE',  ( -6.982962677686266711E-15, 1.000000000000000000, -0.000000000000000000 ) ) ;
#6283 = VERTEX_POINT ( 'NONE', #6569 ) ;
#6284 = EDGE_CURVE ( 'NONE', #8393, #2752, #8439, .T. ) ;
#6285 = AXIS2_PLACEMENT_3D ( 'NONE', #8629, #2726, #7907 ) ;
#6286 = VECTOR ( 'NONE', #8979, 1000.000000000000000 ) ;
#6287 = CIRCLE ( 'NONE', #426, 11.29999999999977689 ) ;
#6288 = AXIS2_PLACEMENT_3D ( 'NONE', #1138, #5679, #4087 ) ;
#6289 = CARTESIAN_POINT ( 'NONE',  ( 6.502183067439896824, 4.857225732735059864E-14, -19.00000000000001421 ) ) ;
#6290 = ORIENTED_EDGE ( 'NONE', *, *, #9013, .T. ) ;
#6291 = ORIENTED_EDGE ( 'NONE', *, *, #6092, .T. ) ;
#6292 = LINE ( 'NONE', #5519, #7253 ) ;
#6293 = EDGE_CURVE ( 'NONE', #1112, #6540, #5851, .T. ) ;
#6294 = VECTOR ( 'NONE', #4755, 1000.000000000000000 ) ;
#6295 = CIRCLE ( 'NONE', #589, 1.699999999999999289 ) ;
#6296 = DIRECTION ( 'NONE',  ( -6.982962677686266711E-15, 1.000000000000000000, -0.000000000000000000 ) ) ;
#6297 = CARTESIAN_POINT ( 'NONE',  ( 8.100000000000292744, 28.59999999999991971, 32.50000000000000000 ) ) ;
#6298 = CIRCLE ( 'NONE', #4453, 1.700000000000000178 ) ;
#6299 = LINE ( 'NONE', #5668, #5380 ) ;
#6300 = VERTEX_POINT ( 'NONE', #5707 ) ;
#6301 = DIRECTION ( 'NONE',  ( 0.000000000000000000, 0.000000000000000000, 1.000000000000000000 ) ) ;
#6303 = AXIS2_PLACEMENT_3D ( 'NONE', #2097, #7948, #1374 ) ;
#6302 = LINE ( 'NONE', #2633, #5502 ) ;
#6304 = EDGE_LOOP ( 'NONE', ( #4894, #5567, #6030, #2507 ) ) ;
#6305 = CYLINDRICAL_SURFACE ( 'NONE', #6764, 14.00000000000000000 ) ;
#6306 = DIRECTION ( 'NONE',  ( 0.000000000000000000, 0.000000000000000000, -1.000000000000000000 ) ) ;
#6307 = ORIENTED_EDGE ( 'NONE', *, *, #3190, .F. ) ;
#6308 = CARTESIAN_POINT ( 'NONE',  ( -8.100000000000289191, 28.59999999999991616, -34.00000000000000000 ) ) ;
#6309 = DIRECTION ( 'NONE',  ( -6.982962677686266711E-15, 1.000000000000000000, -0.000000000000000000 ) ) ;
#6310 = AXIS2_PLACEMENT_3D ( 'NONE', #7839, #7012, #6333 ) ;
#6311 = DIRECTION ( 'NONE',  ( -6.982962677686266711E-15, 1.000000000000000000, -0.000000000000000000 ) ) ;
#6312 = EDGE_CURVE ( 'NONE', #6401, #12, #8017, .T. ) ;
#6313 = VERTEX_POINT ( 'NONE', #1999 ) ;
#6314 = ORIENTED_EDGE ( 'NONE', *, *, #6446, .T. ) ;
#6315 = DIRECTION ( 'NONE',  ( 0.000000000000000000, 0.000000000000000000, 1.000000000000000000 ) ) ;
#6316 = CARTESIAN_POINT ( 'NONE',  ( 6.196528862359562112E-14, 24.00000000000000355, 9.600000000000001421 ) ) ;
#6317 = ORIENTED_EDGE ( 'NONE', *, *, #9028, .T. ) ;
#6318 = FACE_OUTER_BOUND ( 'NONE', #8029, .T. ) ;
#6319 = VECTOR ( 'NONE', #5426, 1000.000000000000000 ) ;
#6320 = VERTEX_POINT ( 'NONE', #2951 ) ;
#6321 = DIRECTION ( 'NONE',  ( -6.987186840583977580E-15, 1.000000000000000000, 7.888609052210118054E-31 ) ) ;
#6322 = ORIENTED_EDGE ( 'NONE', *, *, #8862, .F. ) ;
#6323 = VECTOR ( 'NONE', #574, 1000.000000000000000 ) ;
#6324 = DIRECTION ( 'NONE',  ( 0.000000000000000000, 1.000000000000000000, -0.000000000000000000 ) ) ;
#6325 = EDGE_CURVE ( 'NONE', #6898, #6766, #5853, .T. ) ;
#6326 = EDGE_CURVE ( 'NONE', #6718, #1422, #1800, .T. ) ;
#6327 = EDGE_LOOP ( 'NONE', ( #2443, #6131, #6924, #6594 ) ) ;
#6328 = LINE ( 'NONE', #480, #5672 ) ;
#6329 = DIRECTION ( 'NONE',  ( 0.000000000000000000, 0.000000000000000000, 1.000000000000000000 ) ) ;
#6330 = CARTESIAN_POINT ( 'NONE',  ( 4.799936326822310032E-14, 26.00000000000000355, 0.000000000000000000 ) ) ;
#6331 = CIRCLE ( 'NONE', #467, 1.750000000000032863 ) ;
#6332 = ORIENTED_EDGE ( 'NONE', *, *, #7460, .F. ) ;
#6333 = DIRECTION ( 'NONE',  ( -1.000000000000000000, 0.000000000000000000, 0.000000000000000000 ) ) ;
#6334 = CARTESIAN_POINT ( 'NONE',  ( 69.35795024560610500, -14.21836078075882526, 10.97034943076253555 ) ) ;
#6335 = VERTEX_POINT ( 'NONE', #9482 ) ;
#6336 = EDGE_CURVE ( 'NONE', #9166, #464, #2138, .T. ) ;
#6337 = DIRECTION ( 'NONE',  ( -0.000000000000000000, -0.000000000000000000, -1.000000000000000000 ) ) ;
#6338 = ORIENTED_EDGE ( 'NONE', *, *, #5591, .T. ) ;
#6339 = VERTEX_POINT ( 'NONE', #582 ) ;
#6340 = CARTESIAN_POINT ( 'NONE',  ( 8.100000000000292744, 28.59999999999991971, 32.50000000000000000 ) ) ;
#6341 = CARTESIAN_POINT ( 'NONE',  ( 8.100000000000292744, 28.59999999999991971, -34.00000000000000000 ) ) ;
#6342 = VECTOR ( 'NONE', #352, 1000.000000000000000 ) ;
#6343 = LINE ( 'NONE', #4126, #9186 ) ;
#6344 = DIRECTION ( 'NONE',  ( 6.987186840583977580E-15, -1.000000000000000000, 7.888609052210118054E-31 ) ) ;
#6345 = AXIS2_PLACEMENT_3D ( 'NONE', #6028, #2537, #8982 ) ;
#6346 = LINE ( 'NONE', #7131, #4924 ) ;
#6347 = ORIENTED_EDGE ( 'NONE', *, *, #7833, .F. ) ;
#6348 = DIRECTION ( 'NONE',  ( 0.000000000000000000, 0.000000000000000000, 1.000000000000000000 ) ) ;
#6349 = EDGE_CURVE ( 'NONE', #417, #8492, #1359, .T. ) ;
#6350 = DIRECTION ( 'NONE',  ( 0.000000000000000000, 0.000000000000000000, 1.000000000000000000 ) ) ;
#6351 = VECTOR ( 'NONE', #6329, 1000.000000000000000 ) ;
#6352 = CIRCLE ( 'NONE', #3261, 1.750000000000032863 ) ;
#6353 = EDGE_LOOP ( 'NONE', ( #968, #5597, #5100, #1635, #4292 ) ) ;
#6354 = DIRECTION ( 'NONE',  ( -6.982962677686266711E-15, 1.000000000000000000, 0.000000000000000000 ) ) ;
#6355 = FACE_OUTER_BOUND ( 'NONE', #4496, .T. ) ;
#6356 = VERTEX_POINT ( 'NONE', #2086 ) ;
#6357 = EDGE_CURVE ( 'NONE', #2118, #5713, #1455, .T. ) ;
#6358 = DIRECTION ( 'NONE',  ( 0.000000000000000000, 0.000000000000000000, 1.000000000000000000 ) ) ;
#6359 = ADVANCED_FACE ( 'NONE', ( #2855 ), #1305, .T. ) ;
#6360 = DIRECTION ( 'NONE',  ( 1.000000000000000000, 0.000000000000000000, 0.000000000000000000 ) ) ;
#6361 = CARTESIAN_POINT ( 'NONE',  ( -59.99999999999999289, 4.000000000000000000, -8.249999999999996447 ) ) ;
#6362 = CIRCLE ( 'NONE', #2359, 1.000000000000000222 ) ;
#6363 = ORIENTED_EDGE ( 'NONE', *, *, #2381, .F. ) ;
#6364 = ORIENTED_EDGE ( 'NONE', *, *, #2222, .F. ) ;
#6365 = DIRECTION ( 'NONE',  ( 0.000000000000000000, 0.000000000000000000, 1.000000000000000000 ) ) ;
#6366 = LINE ( 'NONE', #5642, #3806 ) ;
#6367 = ORIENTED_EDGE ( 'NONE', *, *, #4049, .T. ) ;
#6368 = PLANE ( 'NONE',  #9228 ) ;
#6369 = ORIENTED_EDGE ( 'NONE', *, *, #1216, .T. ) ;
#6370 = CARTESIAN_POINT ( 'NONE',  ( -1.816668578551834344E-13, 26.00000000000000355, -1.299999999999997824 ) ) ;
#6371 = VERTEX_POINT ( 'NONE', #3583 ) ;
#6372 = DIRECTION ( 'NONE',  ( 1.000000000000000000, 0.000000000000000000, 0.000000000000000000 ) ) ;
#6373 = ORIENTED_EDGE ( 'NONE', *, *, #6391, .T. ) ;
#6374 = ADVANCED_FACE ( 'NONE', ( #3537 ), #8032, .F. ) ;
#6375 = EDGE_CURVE ( 'NONE', #8781, #8914, #9539, .T. ) ;
#6376 = DIRECTION ( 'NONE',  ( -1.000000000000000000, 0.000000000000000000, 1.156482317317870739E-16 ) ) ;
#6377 = CARTESIAN_POINT ( 'NONE',  ( -5.100000000000276756, 42.99999999999997158, 32.50000000000000000 ) ) ;
#6378 = CARTESIAN_POINT ( 'NONE',  ( -59.99999999999978684, 2.999999999999583000, -10.00000000000001243 ) ) ;
#6379 = VERTEX_POINT ( 'NONE', #5898 ) ;
#6380 = EDGE_CURVE ( 'NONE', #5688, #4164, #3757, .T. ) ;
#6381 = ORIENTED_EDGE ( 'NONE', *, *, #7782, .T. ) ;
#6382 = PLANE ( 'NONE',  #6281 ) ;
#6383 = EDGE_CURVE ( 'NONE', #4386, #8229, #3624, .T. ) ;
#6384 = CARTESIAN_POINT ( 'NONE',  ( 73.14687500000020748, 3.000000000000512479, 4.812450283834103892 ) ) ;
#6385 = VERTEX_POINT ( 'NONE', #8225 ) ;
#6386 = CARTESIAN_POINT ( 'NONE',  ( -4.946304452942076324, 31.22254908485232505, 31.23358693468868807 ) ) ;
#6387 = VERTEX_POINT ( 'NONE', #5998 ) ;
#6388 = ORIENTED_EDGE ( 'NONE', *, *, #1254, .T. ) ;
#6389 = DIRECTION ( 'NONE',  ( 0.000000000000000000, 0.000000000000000000, 1.000000000000000000 ) ) ;
#6390 = CARTESIAN_POINT ( 'NONE',  ( -4.874423042781734772, 26.06906078835126905, 34.00000000000000000 ) ) ;
#6391 = EDGE_CURVE ( 'NONE', #6335, #4164, #115, .T. ) ;
#6392 = CARTESIAN_POINT ( 'NONE',  ( -60.00000000000000000, -33.00000000000000000, 60.00000000000000000 ) ) ;
#6393 = LINE ( 'NONE', #5471, #2956 ) ;
#6394 = CARTESIAN_POINT ( 'NONE',  ( 64.81245028383452222, 4.544975507059234587E-13, 13.14687499999993214 ) ) ;
#6395 = EDGE_LOOP ( 'NONE', ( #7017, #5037, #746, #8897 ) ) ;
#6396 = CARTESIAN_POINT ( 'NONE',  ( -12.99999999999979394, 2.999999999999912514, 34.00000000000000000 ) ) ;
#6397 = DIRECTION ( 'NONE',  ( -1.501203008056851952E-16, -1.000000000000000000, -2.604172100283218727E-31 ) ) ;
#6398 = EDGE_LOOP ( 'NONE', ( #4105, #6213 ) ) ;
#6399 = CARTESIAN_POINT ( 'NONE',  ( -8.100000000000289191, 28.59999999999991616, 32.50000000000000000 ) ) ;
#6400 = PLANE ( 'NONE',  #7533 ) ;
#6401 = VERTEX_POINT ( 'NONE', #3044 ) ;
#6402 = DIRECTION ( 'NONE',  ( 1.156482317317870739E-16, -0.000000000000000000, 1.000000000000000000 ) ) ;
#6403 = EDGE_CURVE ( 'NONE', #9377, #7759, #2431, .T. ) ;
#6404 = LINE ( 'NONE', #8637, #125 ) ;
#6405 = DIRECTION ( 'NONE',  ( 6.982962677686266711E-15, -1.000000000000000000, 0.000000000000000000 ) ) ;
#6406 = AXIS2_PLACEMENT_3D ( 'NONE', #7604, #5429, #163 ) ;
#6407 = ORIENTED_EDGE ( 'NONE', *, *, #204, .T. ) ;
#6408 = VERTEX_POINT ( 'NONE', #8898 ) ;
#6409 = DIRECTION ( 'NONE',  ( 6.987186840583977580E-15, -1.000000000000000000, 7.888609052210118054E-31 ) ) ;
#6410 = ADVANCED_FACE ( 'NONE', ( #4457 ), #4546, .T. ) ;
#6411 = CIRCLE ( 'NONE', #2252, 1.699999999999999289 ) ;
#6412 = CARTESIAN_POINT ( 'NONE',  ( -1.816668578551834344E-13, 26.00000000000000355, -32.50000000000000000 ) ) ;
#6413 = ORIENTED_EDGE ( 'NONE', *, *, #5771, .T. ) ;
#6414 = DIRECTION ( 'NONE',  ( 1.000000000000000000, 0.000000000000000000, 0.000000000000000000 ) ) ;
#6415 = ORIENTED_EDGE ( 'NONE', *, *, #7721, .T. ) ;
#6416 = CARTESIAN_POINT ( 'NONE',  ( -12.99999999999978506, -8.673617379884043045E-14, 42.50000000000000000 ) ) ;
#6417 = ORIENTED_EDGE ( 'NONE', *, *, #5914, .F. ) ;
#6418 = CARTESIAN_POINT ( 'NONE',  ( -30.00000000000000000, -33.00000000000000000, 0.000000000000000000 ) ) ;
#6419 = ORIENTED_EDGE ( 'NONE', *, *, #5283, .F. ) ;
#6420 = AXIS2_PLACEMENT_3D ( 'NONE', #9319, #4151, #6997 ) ;
#6421 = FACE_OUTER_BOUND ( 'NONE', #122, .T. ) ;
#6422 = CARTESIAN_POINT ( 'NONE',  ( 60.00000000000000000, 4.000000000000000000, -15.74999999999997513 ) ) ;
#6423 = EDGE_LOOP ( 'NONE', ( #8215, #1009, #664, #5855 ) ) ;
#6424 = CIRCLE ( 'NONE', #7355, 0.7499999999999986677 ) ;
#6425 = EDGE_LOOP ( 'NONE', ( #1851, #8491 ) ) ;
#6426 = FACE_OUTER_BOUND ( 'NONE', #7050, .T. ) ;
#6427 = ADVANCED_FACE ( 'NONE', ( #2999, #3179 ), #4503, .T. ) ;
#6428 = EDGE_CURVE ( 'NONE', #3432, #5119, #8950, .T. ) ;
#6429 = CIRCLE ( 'NONE', #2271, 1.749999999999895639 ) ;
#6430 = LINE ( 'NONE', #3681, #1406 ) ;
#6431 = ORIENTED_EDGE ( 'NONE', *, *, #8496, .F. ) ;
#6432 = CARTESIAN_POINT ( 'NONE',  ( 60.00000000000022027, 4.232725281383409310E-13, -10.00000000000000000 ) ) ;
#6433 = ORIENTED_EDGE ( 'NONE', *, *, #1581, .T. ) ;
#6434 = VERTEX_POINT ( 'NONE', #8264 ) ;
#6435 = CARTESIAN_POINT ( 'NONE',  ( 5.099999999999798916, 31.39463772249581552, 32.50000000000000000 ) ) ;
#6436 = LINE ( 'NONE', #5859, #925 ) ;
#6437 = CARTESIAN_POINT ( 'NONE',  ( 5.847380728475251300E-14, 24.50000000000000000, 0.000000000000000000 ) ) ;
#6438 = DIRECTION ( 'NONE',  ( -1.000000000000000000, 0.000000000000000000, 0.000000000000000000 ) ) ;
#6439 = AXIS2_PLACEMENT_3D ( 'NONE', #6983, #990, #9201 ) ;
#6440 = ORIENTED_EDGE ( 'NONE', *, *, #5019, .T. ) ;
#6441 = DIRECTION ( 'NONE',  ( 0.000000000000000000, 0.000000000000000000, 1.000000000000000000 ) ) ;
#6442 = ORIENTED_EDGE ( 'NONE', *, *, #5525, .F. ) ;
#6443 = LINE ( 'NONE', #7177, #2432 ) ;
#6444 = AXIS2_PLACEMENT_3D ( 'NONE', #2933, #3125, #1534 ) ;
#6445 = DIRECTION ( 'NONE',  ( -1.501203008056852198E-16, -1.000000000000000000, -2.604172100283218727E-31 ) ) ;
#6446 = EDGE_CURVE ( 'NONE', #9093, #4467, #1501, .T. ) ;
#6447 = AXIS2_PLACEMENT_3D ( 'NONE', #1742, #2603, #6175 ) ;
#6448 = ORIENTED_EDGE ( 'NONE', *, *, #7572, .F. ) ;
#6449 = CIRCLE ( 'NONE', #8763, 1.749999999999996891 ) ;
#6450 = DIRECTION ( 'NONE',  ( 6.982962677686266711E-15, -1.000000000000000000, 0.000000000000000000 ) ) ;
#6451 = DIRECTION ( 'NONE',  ( 0.000000000000000000, 1.000000000000000000, 0.000000000000000000 ) ) ;
#6452 = ORIENTED_EDGE ( 'NONE', *, *, #8078, .F. ) ;
#6453 = LINE ( 'NONE', #3309, #6976 ) ;
#6454 = AXIS2_PLACEMENT_3D ( 'NONE', #6650, #4389, #4484 ) ;
#6455 = AXIS2_PLACEMENT_3D ( 'NONE', #3887, #3155, #798 ) ;
#6456 = DIRECTION ( 'NONE',  ( -0.000000000000000000, -1.000000000000000000, -0.000000000000000000 ) ) ;
#6457 = DIRECTION ( 'NONE',  ( 0.000000000000000000, 0.000000000000000000, -1.000000000000000000 ) ) ;
#6458 = VECTOR ( 'NONE', #1861, 1000.000000000000000 ) ;
#6459 = ORIENTED_EDGE ( 'NONE', *, *, #314, .F. ) ;
#6460 = ORIENTED_EDGE ( 'NONE', *, *, #9253, .F. ) ;
#6461 = DIRECTION ( 'NONE',  ( -6.982962677686266711E-15, 1.000000000000000000, -0.000000000000000000 ) ) ;
#6462 = EDGE_CURVE ( 'NONE', #2972, #8991, #5360, .T. ) ;
#6463 = DIRECTION ( 'NONE',  ( -0.000000000000000000, -1.000000000000000000, -0.000000000000000000 ) ) ;
#6464 = CIRCLE ( 'NONE', #7699, 1.749999999999996891 ) ;
#6465 = ORIENTED_EDGE ( 'NONE', *, *, #998, .F. ) ;
#6466 = LINE ( 'NONE', #470, #8674 ) ;
#6467 = EDGE_CURVE ( 'NONE', #836, #3001, #826, .T. ) ;
#6468 = VERTEX_POINT ( 'NONE', #919 ) ;
#6469 = DIRECTION ( 'NONE',  ( 0.000000000000000000, 0.000000000000000000, 1.000000000000000000 ) ) ;
#6470 = ORIENTED_EDGE ( 'NONE', *, *, #7507, .T. ) ;
#6471 =( NAMED_UNIT ( * ) SI_UNIT ( $, .STERADIAN. ) SOLID_ANGLE_UNIT ( ) );
#6472 = ORIENTED_EDGE ( 'NONE', *, *, #8047, .T. ) ;
#6473 = CARTESIAN_POINT ( 'NONE',  ( -59.99999999999978684, 2.999999999999583000, -10.00000000000001243 ) ) ;
#6474 = AXIS2_PLACEMENT_3D ( 'NONE', #7647, #2522, #5468 ) ;
#6475 = LINE ( 'NONE', #4306, #9291 ) ;
#6476 = ORIENTED_EDGE ( 'NONE', *, *, #8888, .T. ) ;
#6477 = EDGE_CURVE ( 'NONE', #3836, #7282, #6715, .T. ) ;
#6478 = EDGE_CURVE ( 'NONE', #7701, #555, #2278, .T. ) ;
#6479 = VECTOR ( 'NONE', #4452, 1000.000000000000000 ) ;
#6480 = ORIENTED_EDGE ( 'NONE', *, *, #224, .T. ) ;
#6481 = DIRECTION ( 'NONE',  ( -6.982962677686266711E-15, 1.000000000000000000, -0.000000000000000000 ) ) ;
#6482 = CARTESIAN_POINT ( 'NONE',  ( -2.793185071074506684E-13, 43.00000000000000000, 32.50000000000000000 ) ) ;
#6483 = ORIENTED_EDGE ( 'NONE', *, *, #3267, .T. ) ;
#6484 = EDGE_CURVE ( 'NONE', #7594, #9569, #142, .T. ) ;
#6485 = CIRCLE ( 'NONE', #4486, 5.750000000000111022 ) ;
#6486 = CARTESIAN_POINT ( 'NONE',  ( 11.29999999999961346, 24.50000000000008171, 32.50000000000000000 ) ) ;
#6487 = EDGE_LOOP ( 'NONE', ( #1574, #5165 ) ) ;
#6488 = DIRECTION ( 'NONE',  ( -6.982962677686266711E-15, 1.000000000000000000, 0.000000000000000000 ) ) ;
#6489 = DIRECTION ( 'NONE',  ( 1.000000000000000000, 6.987186840583977580E-15, 0.000000000000000000 ) ) ;
#6490 = EDGE_CURVE ( 'NONE', #4739, #1483, #7451, .T. ) ;
#6491 = DIRECTION ( 'NONE',  ( -1.000000000000000000, -6.982962677686266711E-15, 0.000000000000000000 ) ) ;
#6492 = ORIENTED_EDGE ( 'NONE', *, *, #1939, .T. ) ;
#6493 = AXIS2_PLACEMENT_3D ( 'NONE', #3221, #6167, #4149 ) ;
#6494 = DIRECTION ( 'NONE',  ( 0.000000000000000000, 0.000000000000000000, -1.000000000000000000 ) ) ;
#6495 = ORIENTED_EDGE ( 'NONE', *, *, #6077, .T. ) ;
#6496 = DIRECTION ( 'NONE',  ( 0.000000000000000000, 0.000000000000000000, 1.000000000000000000 ) ) ;
#6497 = ORIENTED_EDGE ( 'NONE', *, *, #4917, .T. ) ;
#6498 = DIRECTION ( 'NONE',  ( 0.000000000000000000, 1.000000000000000000, -0.000000000000000000 ) ) ;
#6499 = FACE_OUTER_BOUND ( 'NONE', #6557, .T. ) ;
#6500 = VECTOR ( 'NONE', #1850, 1000.000000000000000 ) ;
#6501 = EDGE_CURVE ( 'NONE', #7869, #6658, #96, .T. ) ;
#6502 = CARTESIAN_POINT ( 'NONE',  ( 4.874423042781412363, 26.06906078835168472, -34.00000000000000000 ) ) ;
#6503 = DIRECTION ( 'NONE',  ( 0.000000000000000000, -0.000000000000000000, -1.000000000000000000 ) ) ;
#6504 = CARTESIAN_POINT ( 'NONE',  ( -23.00000000000000000, 6.899999999999999467, 18.99999999999999645 ) ) ;
#6505 = EDGE_CURVE ( 'NONE', #5869, #7479, #5223, .T. ) ;
#6506 = ORIENTED_EDGE ( 'NONE', *, *, #8152, .F. ) ;
#6507 = ORIENTED_EDGE ( 'NONE', *, *, #9403, .T. ) ;
#6508 = CIRCLE ( 'NONE', #3420, 4.099999999999997868 ) ;
#6509 = CIRCLE ( 'NONE', #7743, 3.599999999999997424 ) ;
#6510 = CARTESIAN_POINT ( 'NONE',  ( 2.499999999999820588, 26.00000000000002132, 31.25000000000000000 ) ) ;
#6511 = AXIS2_PLACEMENT_3D ( 'NONE', #2797, #4926, #5020 ) ;
#6512 = DIRECTION ( 'NONE',  ( -6.982962677686266711E-15, 1.000000000000000000, 0.000000000000000000 ) ) ;
#6513 = ORIENTED_EDGE ( 'NONE', *, *, #7473, .T. ) ;
#6514 = CIRCLE ( 'NONE', #4821, 4.500000000000004441 ) ;
#6515 = AXIS2_PLACEMENT_3D ( 'NONE', #3415, #9411, #7184 ) ;
#6516 = FACE_BOUND ( 'NONE', #3333, .T. ) ;
#6517 = CARTESIAN_POINT ( 'NONE',  ( 8.100000000000292744, 28.59999999999991971, -32.50000000000000000 ) ) ;
#6518 = EDGE_CURVE ( 'NONE', #1763, #4545, #8174, .T. ) ;
#6519 = VERTEX_POINT ( 'NONE', #5316 ) ;
#6520 = DIRECTION ( 'NONE',  ( -6.987186840583977580E-15, 1.000000000000000000, -7.888609052210118054E-31 ) ) ;
#6521 = VERTEX_POINT ( 'NONE', #2411 ) ;
#6522 = CIRCLE ( 'NONE', #1736, 1.700000000000000178 ) ;
#6523 = EDGE_LOOP ( 'NONE', ( #8663, #4429, #9494, #5371 ) ) ;
#6524 = DIRECTION ( 'NONE',  ( 0.000000000000000000, -1.000000000000000000, 0.000000000000000000 ) ) ;
#6525 = DIRECTION ( 'NONE',  ( 0.000000000000000000, -0.000000000000000000, 1.000000000000000000 ) ) ;
#6526 = ORIENTED_EDGE ( 'NONE', *, *, #6462, .F. ) ;
#6527 = VECTOR ( 'NONE', #557, 1000.000000000000000 ) ;
#6528 = EDGE_CURVE ( 'NONE', #129, #4103, #9385, .T. ) ;
#6529 = ORIENTED_EDGE ( 'NONE', *, *, #4697, .T. ) ;
#6530 = CARTESIAN_POINT ( 'NONE',  ( -5.100000000000196820, 31.39463772249623830, 32.50000000000000000 ) ) ;
#6531 = DIRECTION ( 'NONE',  ( 0.000000000000000000, 0.000000000000000000, -1.000000000000000000 ) ) ;
#6532 = ORIENTED_EDGE ( 'NONE', *, *, #5980, .F. ) ;
#6533 = ADVANCED_FACE ( 'NONE', ( #7583 ), #969, .F. ) ;
#6534 = ADVANCED_FACE ( 'NONE', ( #2657 ), #8554, .F. ) ;
#6535 = FACE_OUTER_BOUND ( 'NONE', #782, .T. ) ;
#6536 = ORIENTED_EDGE ( 'NONE', *, *, #5630, .T. ) ;
#6537 = DIRECTION ( 'NONE',  ( 6.982962677686266711E-15, -1.000000000000000000, 0.000000000000000000 ) ) ;
#6538 = DIRECTION ( 'NONE',  ( 0.000000000000000000, 0.000000000000000000, 1.000000000000000000 ) ) ;
#6539 = CARTESIAN_POINT ( 'NONE',  ( 58.45845530899437392, -14.21836078075890875, 5.458336687847006097 ) ) ;
#6540 = VERTEX_POINT ( 'NONE', #3279 ) ;
#6541 = CARTESIAN_POINT ( 'NONE',  ( 58.45845530899425313, 3.000000000000412115, 5.458336687847006097 ) ) ;
#6542 = VERTEX_POINT ( 'NONE', #4055 ) ;
#6543 = DIRECTION ( 'NONE',  ( 0.000000000000000000, 0.000000000000000000, -1.000000000000000000 ) ) ;
#6544 = ORIENTED_EDGE ( 'NONE', *, *, #3928, .F. ) ;
#6545 = CARTESIAN_POINT ( 'NONE',  ( -3.295974604355925275E-14, 1.954736588854561056E-29, 18.99999999999995737 ) ) ;
#6546 = FACE_OUTER_BOUND ( 'NONE', #8192, .T. ) ;
#6547 = CARTESIAN_POINT ( 'NONE',  ( 60.00000000000022737, 4.232725281383409310E-13, 10.00000000000000000 ) ) ;
#6548 = ORIENTED_EDGE ( 'NONE', *, *, #7389, .T. ) ;
#6549 = ADVANCED_FACE ( 'NONE', ( #1888 ), #7003, .F. ) ;
#6550 = EDGE_CURVE ( 'NONE', #2481, #3234, #1107, .T. ) ;
#6551 = CARTESIAN_POINT ( 'NONE',  ( 3.599999999999718092, 43.00000000000002842, 32.50000000000000000 ) ) ;
#6552 = LINE ( 'NONE', #2883, #2134 ) ;
#6553 = DIRECTION ( 'NONE',  ( 0.000000000000000000, 0.000000000000000000, -1.000000000000000000 ) ) ;
#6554 = VERTEX_POINT ( 'NONE', #8502 ) ;
#6555 = CARTESIAN_POINT ( 'NONE',  ( 25.00000000000022737, 1.769417945496343236E-13, -29.00000000000001066 ) ) ;
#6556 = DIRECTION ( 'NONE',  ( 1.000000000000000000, 0.000000000000000000, 0.000000000000000000 ) ) ;
#6557 = EDGE_LOOP ( 'NONE', ( #8545, #1278, #1512, #1022 ) ) ;
#6558 = CARTESIAN_POINT ( 'NONE',  ( -60.00000000000000000, 25.00000000000000000, 0.000000000000000000 ) ) ;
#6559 = ORIENTED_EDGE ( 'NONE', *, *, #8812, .F. ) ;
#6560 = CARTESIAN_POINT ( 'NONE',  ( 11.19999999999961560, 25.91671842699938466, 34.00000000000000000 ) ) ;
#6561 = VECTOR ( 'NONE', #9051, 1000.000000000000000 ) ;
#6562 = ORIENTED_EDGE ( 'NONE', *, *, #2014, .F. ) ;
#6563 = EDGE_CURVE ( 'NONE', #2969, #1881, #6604, .T. ) ;
#6564 = DIRECTION ( 'NONE',  ( 6.982962677686266711E-15, -1.000000000000000000, 0.000000000000000000 ) ) ;
#6565 = CARTESIAN_POINT ( 'NONE',  ( -59.99999999999976552, -4.163336342344337027E-13, -1.387778780781445676E-14 ) ) ;
#6566 = AXIS2_PLACEMENT_3D ( 'NONE', #9039, #4009, #2511 ) ;
#6567 = CARTESIAN_POINT ( 'NONE',  ( 5.099999999999799805, 31.39463772249581552, 32.50000000000000000 ) ) ;
#6568 = ORIENTED_EDGE ( 'NONE', *, *, #1325, .T. ) ;
#6569 = CARTESIAN_POINT ( 'NONE',  ( -59.99999999999977263, 2.999999999999583000, 8.250000000000088818 ) ) ;
#6570 = DIRECTION ( 'NONE',  ( -6.982962677686266711E-15, 1.000000000000000000, 0.000000000000000000 ) ) ;
#6571 = VERTEX_POINT ( 'NONE', #9080 ) ;
#6572 = AXIS2_PLACEMENT_3D ( 'NONE', #4829, #1292, #2028 ) ;
#6573 = FACE_OUTER_BOUND ( 'NONE', #7868, .T. ) ;
#6574 = ORIENTED_EDGE ( 'NONE', *, *, #6948, .F. ) ;
#6575 = AXIS2_PLACEMENT_3D ( 'NONE', #7215, #8623, #2006 ) ;
#6576 = CARTESIAN_POINT ( 'NONE',  ( -26.00000000000002842, 10.70000000000000107, 50.40000000000001279 ) ) ;
#6577 = CARTESIAN_POINT ( 'NONE',  ( -58.99999999999978684, 2.999999999999589662, -5.000000000000014211 ) ) ;
#6578 = EDGE_LOOP ( 'NONE', ( #5086, #2889 ) ) ;
#6579 = VECTOR ( 'NONE', #6337, 1000.000000000000000 ) ;
#6580 = CARTESIAN_POINT ( 'NONE',  ( 9.482088377567524873, 24.00000000000007105, -1.500000000000003109 ) ) ;
#6581 = EDGE_CURVE ( 'NONE', #5637, #1215, #7682, .T. ) ;
#6582 = VERTEX_POINT ( 'NONE', #6270 ) ;
#6583 = CARTESIAN_POINT ( 'NONE',  ( -59.99999999999976552, -4.163336342344337027E-13, -10.00000000000001243 ) ) ;
#6584 = ORIENTED_EDGE ( 'NONE', *, *, #402, .T. ) ;
#6585 = CARTESIAN_POINT ( 'NONE',  ( -4.874423042781769411, 31.13093921164861300, 31.00000000000000000 ) ) ;
#6586 = EDGE_CURVE ( 'NONE', #2752, #4695, #3951, .T. ) ;
#6587 = ORIENTED_EDGE ( 'NONE', *, *, #4154, .F. ) ;
#6588 = PRESENTATION_STYLE_ASSIGNMENT (( #6639 ) ) ;
#6589 = DIRECTION ( 'NONE',  ( -6.987186840583977580E-15, 1.000000000000000000, -7.888609052210118054E-31 ) ) ;
#6590 = CARTESIAN_POINT ( 'NONE',  ( 25.00000000000021672, 3.000000000000176303, 39.00000000000002132 ) ) ;
#6591 = AXIS2_PLACEMENT_3D ( 'NONE', #8163, #2938, #3712 ) ;
#6592 = CARTESIAN_POINT ( 'NONE',  ( 59.00000000000022737, 4.163336342344337027E-13, 9.999999999999984013 ) ) ;
#6593 = CYLINDRICAL_SURFACE ( 'NONE', #4663, 1.699999999999999289 ) ;
#6594 = ORIENTED_EDGE ( 'NONE', *, *, #2669, .F. ) ;
#6596 = AXIS2_PLACEMENT_3D ( 'NONE', #5174, #3867, #8853 ) ;
#6595 = FACE_OUTER_BOUND ( 'NONE', #3682, .T. ) ;
#6597 = CIRCLE ( 'NONE', #2130, 5.750000000000111022 ) ;
#6598 = VECTOR ( 'NONE', #3959, 1000.000000000000000 ) ;
#6599 = DIRECTION ( 'NONE',  ( 1.239088197126291063E-16, 0.000000000000000000, -1.000000000000000000 ) ) ;
#6600 = CIRCLE ( 'NONE', #749, 9.999999999999994671 ) ;
#6601 = DIRECTION ( 'NONE',  ( 0.000000000000000000, 1.000000000000000000, -0.000000000000000000 ) ) ;
#6602 = ORIENTED_EDGE ( 'NONE', *, *, #2864, .T. ) ;
#6603 = EDGE_CURVE ( 'NONE', #4981, #398, #1933, .T. ) ;
#6604 = CIRCLE ( 'NONE', #2904, 1.700000000000000178 ) ;
#6605 = DIRECTION ( 'NONE',  ( 6.982962677686266711E-15, -1.000000000000000000, 0.000000000000000000 ) ) ;
#6606 = LINE ( 'NONE', #7387, #1505 ) ;
#6607 = ORIENTED_EDGE ( 'NONE', *, *, #6428, .T. ) ;
#6608 = DIRECTION ( 'NONE',  ( 6.938893903907228378E-16, 4.845403715540893213E-30, -1.000000000000000000 ) ) ;
#6609 = ORIENTED_EDGE ( 'NONE', *, *, #3506, .T. ) ;
#6610 = DIRECTION ( 'NONE',  ( 0.000000000000000000, 0.000000000000000000, 1.000000000000000000 ) ) ;
#6611 = AXIS2_PLACEMENT_3D ( 'NONE', #934, #8276, #6870 ) ;
#6612 = VERTEX_POINT ( 'NONE', #2551 ) ;
#6613 = CARTESIAN_POINT ( 'NONE',  ( -6.502183067440221009, 113.0181803158005209, -19.00000000000001421 ) ) ;
#6614 = FACE_BOUND ( 'NONE', #8144, .T. ) ;
#6615 = DIRECTION ( 'NONE',  ( -0.000000000000000000, -1.000000000000000000, 0.000000000000000000 ) ) ;
#6616 = DIRECTION ( 'NONE',  ( 6.982962677686266711E-15, -1.000000000000000000, 0.000000000000000000 ) ) ;
#6617 = EDGE_LOOP ( 'NONE', ( #1680, #736, #3966, #2180, #378, #1769 ) ) ;
#6618 = CARTESIAN_POINT ( 'NONE',  ( 60.00000000000022737, 4.232725281383409310E-13, 11.75000000000010658 ) ) ;
#6619 = ADVANCED_FACE ( 'NONE', ( #5601 ), #4782, .T. ) ;
#6620 = FACE_OUTER_BOUND ( 'NONE', #4692, .T. ) ;
#6621 = EDGE_CURVE ( 'NONE', #4812, #2624, #278, .T. ) ;
#6622 = VERTEX_POINT ( 'NONE', #3228 ) ;
#6623 = CARTESIAN_POINT ( 'NONE',  ( -60.00000000000000000, 26.00000000000000355, 0.000000000000000000 ) ) ;
#6624 = DIRECTION ( 'NONE',  ( 1.000000000000000000, 0.000000000000000000, 0.000000000000000000 ) ) ;
#6625 = EDGE_LOOP ( 'NONE', ( #5912, #5311 ) ) ;
#6626 = CARTESIAN_POINT ( 'NONE',  ( 55.86932208953562906, 3.000000000000391243, -14.00000000000000533 ) ) ;
#6627 = DIRECTION ( 'NONE',  ( 1.239088197126291063E-16, 0.000000000000000000, -1.000000000000000000 ) ) ;
#6628 = AXIS2_PLACEMENT_3D ( 'NONE', #7623, #7675, #9030 ) ;
#6629 = ORIENTED_EDGE ( 'NONE', *, *, #5477, .F. ) ;
#6630 = FACE_OUTER_BOUND ( 'NONE', #2717, .T. ) ;
#6631 = ORIENTED_EDGE ( 'NONE', *, *, #8186, .F. ) ;
#6632 = VECTOR ( 'NONE', #889, 1000.000000000000000 ) ;
#6633 = EDGE_CURVE ( 'NONE', #9510, #6081, #7731, .T. ) ;
#6634 = DIRECTION ( 'NONE',  ( -1.000000000000000000, 0.000000000000000000, 0.000000000000000000 ) ) ;
#6635 = ORIENTED_EDGE ( 'NONE', *, *, #7518, .T. ) ;
#6636 = CARTESIAN_POINT ( 'NONE',  ( -58.45845530899372022, -14.21836078075972765, 5.458336687846990998 ) ) ;
#6637 = STYLED_ITEM ( 'NONE', ( #9428 ), #7843 ) ;
#6638 = ORIENTED_EDGE ( 'NONE', *, *, #3790, .F. ) ;
#6639 = SURFACE_STYLE_USAGE ( .BOTH. , #2156 ) ;
#6640 = LINE ( 'NONE', #5774, #3676 ) ;
#6641 = CARTESIAN_POINT ( 'NONE',  ( 4.912478887370298253, 26.02115190455530325, -33.87191005059791848 ) ) ;
#6642 = CARTESIAN_POINT ( 'NONE',  ( -2.500000000000179412, 25.99999999999998579, -33.75000000000000000 ) ) ;
#6643 = CYLINDRICAL_SURFACE ( 'NONE', #8065, 5.749999999999963585 ) ;
#6644 = ADVANCED_FACE ( 'NONE', ( #4157 ), #7825, .F. ) ;
#6645 = EDGE_LOOP ( 'NONE', ( #5772, #1007 ) ) ;
#6646 = FACE_BOUND ( 'NONE', #4140, .T. ) ;
#6647 = CIRCLE ( 'NONE', #3252, 9.600000000000001421 ) ;
#6648 = ADVANCED_FACE ( 'NONE', ( #8349 ), #473, .T. ) ;
#6649 = ADVANCED_FACE ( 'NONE', ( #8394 ), #5551, .F. ) ;
#6650 = CARTESIAN_POINT ( 'NONE',  ( 3.740875477200665096E-14, 27.50000000000000355, -2.169367489357782745E-29 ) ) ;
#6651 = CARTESIAN_POINT ( 'NONE',  ( 11.25356557803054969, 25.97975000614808039, -33.54860843665991865 ) ) ;
#6652 = VERTEX_POINT ( 'NONE', #423 ) ;
#6653 = DIRECTION ( 'NONE',  ( -1.000000000000000000, -7.061706185392451219E-15, 0.000000000000000000 ) ) ;
#6654 = DIRECTION ( 'NONE',  ( 1.000000000000000000, 6.987186840583977580E-15, 0.000000000000000000 ) ) ;
#6655 = VECTOR ( 'NONE', #3878, 1000.000000000000227 ) ;
#6656 = ORIENTED_EDGE ( 'NONE', *, *, #5110, .F. ) ;
#6657 = LINE ( 'NONE', #6750, #2139 ) ;
#6658 = VERTEX_POINT ( 'NONE', #3381 ) ;
#6659 = VECTOR ( 'NONE', #1771, 1000.000000000000000 ) ;
#6660 = DIRECTION ( 'NONE',  ( 0.000000000000000000, 0.000000000000000000, 1.000000000000000000 ) ) ;
#6661 = ORIENTED_EDGE ( 'NONE', *, *, #2070, .F. ) ;
#6662 = AXIS2_PLACEMENT_3D ( 'NONE', #7202, #481, #8456 ) ;
#6663 = CIRCLE ( 'NONE', #7902, 4.500000000000004441 ) ;
#6664 = FACE_OUTER_BOUND ( 'NONE', #3890, .T. ) ;
#6665 = DIRECTION ( 'NONE',  ( 0.000000000000000000, 0.000000000000000000, 1.000000000000000000 ) ) ;
#6666 = ORIENTED_EDGE ( 'NONE', *, *, #6383, .F. ) ;
#6667 = CYLINDRICAL_SURFACE ( 'NONE', #4709, 9.999999999999998224 ) ;
#6668 = ORIENTED_EDGE ( 'NONE', *, *, #1962, .F. ) ;
#6669 = DIRECTION ( 'NONE',  ( 1.000000000000000000, 0.000000000000000000, 0.000000000000000000 ) ) ;
#6670 = AXIS2_PLACEMENT_3D ( 'NONE', #5539, #1186, #4964 ) ;
#6671 = CARTESIAN_POINT ( 'NONE',  ( -29.99999999999976907, -2.081668171172168513E-13, 0.000000000000000000 ) ) ;
#6672 = ORIENTED_EDGE ( 'NONE', *, *, #7773, .F. ) ;
#6673 = EDGE_CURVE ( 'NONE', #7362, #1986, #6128, .T. ) ;
#6674 = DIRECTION ( 'NONE',  ( -0.000000000000000000, -1.000000000000000000, -0.000000000000000000 ) ) ;
#6675 = EDGE_CURVE ( 'NONE', #617, #8073, #4458, .T. ) ;
#6676 = DIRECTION ( 'NONE',  ( 0.000000000000000000, -0.000000000000000000, 1.000000000000000000 ) ) ;
#6677 = EDGE_LOOP ( 'NONE', ( #8568, #2215, #3561, #8842 ) ) ;
#6678 = EDGE_CURVE ( 'NONE', #1921, #38, #3431, .T. ) ;
#6679 = DIRECTION ( 'NONE',  ( 1.000000000000000000, 0.000000000000000000, -0.000000000000000000 ) ) ;
#6680 = CARTESIAN_POINT ( 'NONE',  ( 69.99999999999998579, 4.000000000000000000, 1.749999999999979572 ) ) ;
#6681 = ORIENTED_EDGE ( 'NONE', *, *, #6478, .T. ) ;
#6682 = ADVANCED_FACE ( 'NONE', ( #5841 ), #5747, .F. ) ;
#6683 = DIRECTION ( 'NONE',  ( 0.000000000000000000, 0.000000000000000000, 1.000000000000000000 ) ) ;
#6684 = ORIENTED_EDGE ( 'NONE', *, *, #8385, .F. ) ;
#6685 = CARTESIAN_POINT ( 'NONE',  ( -25.99999999999997868, 10.70000000000000107, 18.99999999999991118 ) ) ;
#6686 = VERTEX_POINT ( 'NONE', #6416 ) ;
#6687 = CARTESIAN_POINT ( 'NONE',  ( -70.44103962761734294, -14.21836078075981113, 8.828640442460647719 ) ) ;
#6688 = ORIENTED_EDGE ( 'NONE', *, *, #4917, .F. ) ;
#6689 = ADVANCED_FACE ( 'NONE', ( #4246 ), #2034, .F. ) ;
#6690 = DIRECTION ( 'NONE',  ( 0.8923787451257834125, 6.231447471573851243E-15, -0.4512872425049614389 ) ) ;
#6691 = CARTESIAN_POINT ( 'NONE',  ( 15.00000000000020961, 3.000000000000106581, -29.00000000000001066 ) ) ;
#6692 = CARTESIAN_POINT ( 'NONE',  ( 4.929826503170722241, 26.00000000000003553, -33.80644963493964639 ) ) ;
#6693 = FACE_OUTER_BOUND ( 'NONE', #8355, .T. ) ;
#6694 = DIRECTION ( 'NONE',  ( 0.000000000000000000, 0.000000000000000000, 1.000000000000000000 ) ) ;
#6695 = ADVANCED_FACE ( 'NONE', ( #1298 ), #520, .T. ) ;
#6696 = EDGE_LOOP ( 'NONE', ( #4725, #328 ) ) ;
#6697 = CARTESIAN_POINT ( 'NONE',  ( 6.196528862359562112E-14, 24.00000000000000355, -1.500000000000003109 ) ) ;
#6698 = CARTESIAN_POINT ( 'NONE',  ( -5.080129500198315107, 31.37374796064692362, -33.01654170693532819 ) ) ;
#6699 = CARTESIAN_POINT ( 'NONE',  ( 25.19999999999998153, 6.900000000000003020, 49.20000000000001705 ) ) ;
#6700 = ORIENTED_EDGE ( 'NONE', *, *, #4408, .F. ) ;
#6701 = CARTESIAN_POINT ( 'NONE',  ( -2.793185071074506684E-13, 43.00000000000000000, 32.50000000000000000 ) ) ;
#6702 = CARTESIAN_POINT ( 'NONE',  ( -64.81245028383384010, 2.999999999999551470, -13.14687500000003695 ) ) ;
#6703 = ORIENTED_EDGE ( 'NONE', *, *, #8695, .F. ) ;
#6704 = CYLINDRICAL_SURFACE ( 'NONE', #6918, 4.500000000000004441 ) ;
#6705 = ORIENTED_EDGE ( 'NONE', *, *, #6077, .F. ) ;
#6706 = ADVANCED_FACE ( 'NONE', ( #5022 ), #7879, .F. ) ;
#6707 = EDGE_LOOP ( 'NONE', ( #435, #7222, #6338, #1966 ) ) ;
#6708 = ADVANCED_FACE ( 'NONE', ( #8792 ), #4980, .F. ) ;
#6709 = LINE ( 'NONE', #3038, #5589 ) ;
#6710 = DIRECTION ( 'NONE',  ( -6.987186840583977580E-15, 1.000000000000000000, 7.888609052210118054E-31 ) ) ;
#6711 = DIRECTION ( 'NONE',  ( -1.000000000000000000, -6.938893903907226800E-15, 0.000000000000000000 ) ) ;
#6712 = FILL_AREA_STYLE ('',( #4501 ) ) ;
#6713 = CIRCLE ( 'NONE', #2542, 4.099999999999997868 ) ;
#6714 = ORIENTED_EDGE ( 'NONE', *, *, #6228, .T. ) ;
#6715 = LINE ( 'NONE', #3140, #4603 ) ;
#6716 = VECTOR ( 'NONE', #3796, 1000.000000000000000 ) ;
#6717 = FACE_OUTER_BOUND ( 'NONE', #5552, .T. ) ;
#6718 = VERTEX_POINT ( 'NONE', #4395 ) ;
#6719 = LINE ( 'NONE', #3047, #4741 ) ;
#6720 = VECTOR ( 'NONE', #8572, 1000.000000000000000 ) ;
#6721 = DIRECTION ( 'NONE',  ( 1.000000000000000000, 0.000000000000000000, -2.312964634635741478E-16 ) ) ;
#6722 = VECTOR ( 'NONE', #3449, 1000.000000000000000 ) ;
#6723 = ORIENTED_EDGE ( 'NONE', *, *, #6966, .T. ) ;
#6724 = CYLINDRICAL_SURFACE ( 'NONE', #1637, 4.099999999999997868 ) ;
#6725 = CARTESIAN_POINT ( 'NONE',  ( -3.600000000000276756, 42.99999999999997868, 32.50000000000000000 ) ) ;
#6726 = ORIENTED_EDGE ( 'NONE', *, *, #6478, .F. ) ;
#6727 = EDGE_CURVE ( 'NONE', #3738, #474, #3680, .T. ) ;
#6728 = EDGE_CURVE ( 'NONE', #7930, #6087, #8742, .T. ) ;
#6729 = DIRECTION ( 'NONE',  ( 0.000000000000000000, 0.000000000000000000, 1.000000000000000000 ) ) ;
#6730 = CARTESIAN_POINT ( 'NONE',  ( 13.00000000000022560, 9.367506770274758310E-14, 34.00000000000000000 ) ) ;
#6731 = ORIENTED_EDGE ( 'NONE', *, *, #5986, .T. ) ;
#6732 = DIRECTION ( 'NONE',  ( -1.000000000000000000, -6.982962677686266711E-15, 0.000000000000000000 ) ) ;
#6733 = EDGE_LOOP ( 'NONE', ( #3866, #6939, #4099, #8707 ) ) ;
#6734 = B_SPLINE_CURVE_WITH_KNOTS ( 'NONE', 3,
 ( #992, #6386, #7747, #1903, #3292, #6236 ),
 .UNSPECIFIED., .F., .F.,
 ( 4, 2, 4 ),
 ( 0.000000000000000000, 0.0007712303705681859732, 0.001542460741136371946 ),
 .UNSPECIFIED. ) ;
#6735 = CARTESIAN_POINT ( 'NONE',  ( 1.527438034335171010E-13, 11.00000000000000355, 0.000000000000000000 ) ) ;
#6736 = CIRCLE ( 'NONE', #3946, 1.749999999999895639 ) ;
#6737 = CARTESIAN_POINT ( 'NONE',  ( -2.793185071074506684E-13, 43.00000000000000000, -32.50000000000000000 ) ) ;
#6738 = DIRECTION ( 'NONE',  ( -6.982962677686266711E-15, 1.000000000000000000, 0.000000000000000000 ) ) ;
#6739 = FACE_OUTER_BOUND ( 'NONE', #3518, .T. ) ;
#6740 = ORIENTED_EDGE ( 'NONE', *, *, #8722, .T. ) ;
#6741 = EDGE_CURVE ( 'NONE', #5624, #1245, #273, .T. ) ;
#6742 = CARTESIAN_POINT ( 'NONE',  ( -59.99999999999976552, -4.163336342344337027E-13, 9.999999999999984013 ) ) ;
#6743 = CARTESIAN_POINT ( 'NONE',  ( 60.00000000000000000, 4.000000000000000000, -10.00000000000001243 ) ) ;
#6744 = LINE ( 'NONE', #128, #2874 ) ;
#6745 = ORIENTED_EDGE ( 'NONE', *, *, #153, .F. ) ;
#6746 = DIRECTION ( 'NONE',  ( 1.000000000000000000, 7.709882115452482111E-15, 0.000000000000000000 ) ) ;
#6747 = DIRECTION ( 'NONE',  ( 6.982962677686266711E-15, -1.000000000000000000, 0.000000000000000000 ) ) ;
#6748 = VECTOR ( 'NONE', #7060, 1000.000000000000000 ) ;
#6749 = VERTEX_POINT ( 'NONE', #4203 ) ;
#6750 = CARTESIAN_POINT ( 'NONE',  ( -59.99999999999976552, -4.163336342344337027E-13, -5.000000000000000888 ) ) ;
#6751 = ORIENTED_EDGE ( 'NONE', *, *, #3877, .T. ) ;
#6752 = VECTOR ( 'NONE', #3568, 1000.000000000000000 ) ;
#6753 = EDGE_CURVE ( 'NONE', #1839, #3153, #3523, .T. ) ;
#6754 = LINE ( 'NONE', #137, #8802 ) ;
#6755 = AXIS2_PLACEMENT_3D ( 'NONE', #5158, #8107, #5252 ) ;
#6756 = VECTOR ( 'NONE', #9276, 1000.000000000000000 ) ;
#6757 = ADVANCED_FACE ( 'NONE', ( #9517 ), #2890, .F. ) ;
#6758 = ORIENTED_EDGE ( 'NONE', *, *, #446, .F. ) ;
#6759 = AXIS2_PLACEMENT_3D ( 'NONE', #82, #3255, #7440 ) ;
#6760 = ADVANCED_FACE ( 'NONE', ( #9474 ), #2846, .F. ) ;
#6761 = AXIS2_PLACEMENT_3D ( 'NONE', #5147, #7464, #8190 ) ;
#6762 = VECTOR ( 'NONE', #8055, 1000.000000000000114 ) ;
#6763 = DIRECTION ( 'NONE',  ( -0.000000000000000000, 0.000000000000000000, 1.000000000000000000 ) ) ;
#6764 = AXIS2_PLACEMENT_3D ( 'NONE', #9261, #2017, #8633 ) ;
#6765 = CARTESIAN_POINT ( 'NONE',  ( -60.00000000000000000, 26.00000000000000355, -5.500000000000003553 ) ) ;
#6766 = VERTEX_POINT ( 'NONE', #7295 ) ;
#6767 = DIRECTION ( 'NONE',  ( -0.000000000000000000, -1.000000000000000000, 0.000000000000000000 ) ) ;
#6768 = ADVANCED_FACE ( 'NONE', ( #675 ), #3615, .T. ) ;
#6769 = AXIS2_PLACEMENT_3D ( 'NONE', #4954, #396, #2009 ) ;
#6770 = DIRECTION ( 'NONE',  ( -0.000000000000000000, -1.000000000000000000, -0.000000000000000000 ) ) ;
#6771 = ORIENTED_EDGE ( 'NONE', *, *, #1187, .F. ) ;
#6772 = CARTESIAN_POINT ( 'NONE',  ( 0.000000000000000000, 3.000000000000000000, 0.000000000000000000 ) ) ;
#6773 = LINE ( 'NONE', #2463, #7530 ) ;
#6774 = ADVANCED_FACE ( 'NONE', ( #3663 ), #4704, .T. ) ;
#6775 = ADVANCED_FACE ( 'NONE', ( #303 ), #3714, .F. ) ;
#6776 = DIRECTION ( 'NONE',  ( -1.000000000000000000, 0.000000000000000000, 0.000000000000000000 ) ) ;
#6777 = CYLINDRICAL_SURFACE ( 'NONE', #7661, 4.100000000000001421 ) ;
#6778 = ORIENTED_EDGE ( 'NONE', *, *, #532, .F. ) ;
#6779 = DIRECTION ( 'NONE',  ( -5.508586259044130096E-45, 7.888609052210118054E-31, -1.000000000000000000 ) ) ;
#6780 = EDGE_CURVE ( 'NONE', #7878, #8660, #39, .T. ) ;
#6781 = CARTESIAN_POINT ( 'NONE',  ( 60.00000000000000000, 25.00000000000000000, -0.7500000000000125455 ) ) ;
#6782 = ORIENTED_EDGE ( 'NONE', *, *, #1210, .F. ) ;
#6783 = CARTESIAN_POINT ( 'NONE',  ( 13.00000000000020428, 3.000000000000092815, 34.00000000000000000 ) ) ;
#6784 = ADVANCED_FACE ( 'NONE', ( #5164 ), #6704, .F. ) ;
#6785 = B_SPLINE_CURVE_WITH_KNOTS ( 'NONE', 3,
 ( #6390, #5662, #4897, #1908 ),
 .UNSPECIFIED., .F., .F.,
 ( 4, 4 ),
 ( 0.000000000000000000, 0.0002107570737694531942 ),
 .UNSPECIFIED. ) ;
#6786 = EDGE_LOOP ( 'NONE', ( #1045, #6568, #2592, #5181 ) ) ;
#6787 = CIRCLE ( 'NONE', #4317, 5.099999999999997868 ) ;
#6788 = DIRECTION ( 'NONE',  ( -1.000000000000000000, 0.000000000000000000, 0.000000000000000000 ) ) ;
#6789 = LINE ( 'NONE', #8193, #8481 ) ;
#6790 = CIRCLE ( 'NONE', #2930, 4.100000000000002309 ) ;
#6791 = CARTESIAN_POINT ( 'NONE',  ( 4.788953503288261930E-14, 26.00000000000000355, -2.051038353574630974E-29 ) ) ;
#6792 = LINE ( 'NONE', #5298, #8227 ) ;
#6793 = VERTEX_POINT ( 'NONE', #2940 ) ;
#6794 = CYLINDRICAL_SURFACE ( 'NONE', #2292, 4.500000000000004441 ) ;
#6795 = FACE_OUTER_BOUND ( 'NONE', #9084, .T. ) ;
#6796 = ADVANCED_FACE ( 'NONE', ( #2317, #4538, #3979, #6931, #1762 ), #4441, .F. ) ;
#6797 = LINE ( 'NONE', #8930, #6286 ) ;
#6798 = PLANE ( 'NONE',  #716 ) ;
#6799 = AXIS2_PLACEMENT_3D ( 'NONE', #5108, #4241, #1977 ) ;
#6800 = ORIENTED_EDGE ( 'NONE', *, *, #809, .F. ) ;
#6801 = EDGE_CURVE ( 'NONE', #8096, #8544, #5887, .T. ) ;
#6802 = DIRECTION ( 'NONE',  ( 0.000000000000000000, 1.000000000000000000, 0.000000000000000000 ) ) ;
#6803 = LINE ( 'NONE', #1043, #5511 ) ;
#6804 = EDGE_CURVE ( 'NONE', #690, #4859, #7391, .T. ) ;
#6805 = EDGE_LOOP ( 'NONE', ( #7880, #7212, #1125, #1424 ) ) ;
#6806 = EDGE_LOOP ( 'NONE', ( #8865, #4363, #1543, #5881, #8867, #3522, #5954 ) ) ;
#6807 = VECTOR ( 'NONE', #2087, 1000.000000000000000 ) ;
#6808 = LINE ( 'NONE', #180, #2621 ) ;
#6809 = UNCERTAINTY_MEASURE_WITH_UNIT (LENGTH_MEASURE( 1.000000000000000082E-05 ), #4248, 'distance_accuracy_value', 'NONE');
#6810 = AXIS2_PLACEMENT_3D ( 'NONE', #5862, #3634, #9540 ) ;
#6811 = AXIS2_PLACEMENT_3D ( 'NONE', #4505, #6324, #9176 ) ;
#6812 = CARTESIAN_POINT ( 'NONE',  ( 64.81245028383430906, 3.000000000000453859, -13.14687500000000497 ) ) ;
#6813 = DIRECTION ( 'NONE',  ( 0.000000000000000000, 1.000000000000000000, 0.000000000000000000 ) ) ;
#6814 = VERTEX_POINT ( 'NONE', #1030 ) ;
#6815 = DIRECTION ( 'NONE',  ( 0.000000000000000000, -0.000000000000000000, 1.000000000000000000 ) ) ;
#6816 = B_SPLINE_CURVE_WITH_KNOTS ( 'NONE', 3,
 ( #2011, #9402, #4182, #4956, #549, #2779 ),
 .UNSPECIFIED., .F., .F.,
 ( 4, 2, 4 ),
 ( 0.000000000000000000, 0.0007714355372924393836, 0.001542871074584878767 ),
 .UNSPECIFIED. ) ;
#6817 = PRESENTATION_STYLE_ASSIGNMENT (( #3868 ) ) ;
#6818 = ORIENTED_EDGE ( 'NONE', *, *, #4150, .F. ) ;
#6820 = CIRCLE ( 'NONE', #1418, 5.750000000000000888 ) ;
#6819 = DIRECTION ( 'NONE',  ( 6.982962677686266711E-15, -1.000000000000000000, 0.000000000000000000 ) ) ;
#6821 = AXIS2_PLACEMENT_3D ( 'NONE', #3362, #4912, #1871 ) ;
#6822 = FACE_OUTER_BOUND ( 'NONE', #1393, .T. ) ;
#6823 = EDGE_CURVE ( 'NONE', #2190, #9182, #1489, .T. ) ;
#6824 = CARTESIAN_POINT ( 'NONE',  ( -30.00000000000000000, -33.00000000000000000, 0.000000000000000000 ) ) ;
#6825 = LINE ( 'NONE', #6096, #2268 ) ;
#6826 = VERTEX_POINT ( 'NONE', #3033 ) ;
#6827 = CIRCLE ( 'NONE', #2660, 6.099999999999999645 ) ;
#6828 = VECTOR ( 'NONE', #6989, 1000.000000000000000 ) ;
#6829 = DIRECTION ( 'NONE',  ( -1.000000000000000000, -7.061706185392451219E-15, 0.000000000000000000 ) ) ;
#6830 = CARTESIAN_POINT ( 'NONE',  ( 69.99999999999998579, 3.000000000000000000, -1.713039432527097006E-14 ) ) ;
#6831 = ORIENTED_EDGE ( 'NONE', *, *, #64, .F. ) ;
#6832 = EDGE_CURVE ( 'NONE', #8803, #9566, #6657, .T. ) ;
#6833 = CYLINDRICAL_SURFACE ( 'NONE', #9375, 1.000000000000001554 ) ;
#6834 = EDGE_CURVE ( 'NONE', #5902, #5443, #7534, .T. ) ;
#6835 = ORIENTED_EDGE ( 'NONE', *, *, #314, .T. ) ;
#6836 = PLANE ( 'NONE',  #7959 ) ;
#6837 = CARTESIAN_POINT ( 'NONE',  ( -60.99999999999977263, -4.232725281383409310E-13, -5.000000000000014211 ) ) ;
#6838 = CARTESIAN_POINT ( 'NONE',  ( -26.00000000000002842, 10.70000000000000107, 50.40000000000001279 ) ) ;
#6839 = LINE ( 'NONE', #4703, #189 ) ;
#6840 = AXIS2_PLACEMENT_3D ( 'NONE', #8429, #5306, #8338 ) ;
#6841 = ORIENTED_EDGE ( 'NONE', *, *, #5239, .T. ) ;
#6842 = DIRECTION ( 'NONE',  ( 0.000000000000000000, 0.000000000000000000, 1.000000000000000000 ) ) ;
#6843 = FACE_OUTER_BOUND ( 'NONE', #6, .T. ) ;
#6844 = CARTESIAN_POINT ( 'NONE',  ( -58.99999999999971578, -8.000000000000410338, -5.000000000000014211 ) ) ;
#6845 = DIRECTION ( 'NONE',  ( -6.982962677686266711E-15, 1.000000000000000000, 0.000000000000000000 ) ) ;
#6846 = ORIENTED_EDGE ( 'NONE', *, *, #1539, .F. ) ;
#6847 = CLOSED_SHELL ( 'NONE', ( #5456, #9326, #5034, #9523, #8493, #4786, #7806, #3189, #6533, #8342, #2926, #7096, #1906, #6203, #615, #5276, #4217, #8130, #4516, #5562, #4826, #3241, #5663, #2696, #4527, #3051, #5526 ) ) ;
#6848 = DIRECTION ( 'NONE',  ( -1.000000000000000000, -6.987186840583977580E-15, -0.000000000000000000 ) ) ;
#6849 = DIRECTION ( 'NONE',  ( 0.000000000000000000, 0.000000000000000000, 1.000000000000000000 ) ) ;
#6850 = EDGE_CURVE ( 'NONE', #6622, #263, #71, .T. ) ;
#6851 = EDGE_CURVE ( 'NONE', #500, #7563, #6031, .T. ) ;
#6852 = VERTEX_POINT ( 'NONE', #5261 ) ;
#6853 = ORIENTED_EDGE ( 'NONE', *, *, #7492, .F. ) ;
#6854 = CARTESIAN_POINT ( 'NONE',  ( -1.816668578551834344E-13, 26.00000000000000355, -2.051038353574630974E-29 ) ) ;
#6855 = DIRECTION ( 'NONE',  ( 0.000000000000000000, 0.000000000000000000, 1.000000000000000000 ) ) ;
#6856 = DIRECTION ( 'NONE',  ( 0.000000000000000000, 0.000000000000000000, 1.000000000000000000 ) ) ;
#6857 = EDGE_CURVE ( 'NONE', #4995, #2535, #8372, .T. ) ;
#6858 = EDGE_LOOP ( 'NONE', ( #729, #7463, #4712, #5362 ) ) ;
#6859 = DIRECTION ( 'NONE',  ( -0.000000000000000000, -1.000000000000000000, 0.000000000000000000 ) ) ;
#6860 = ORIENTED_EDGE ( 'NONE', *, *, #7443, .F. ) ;
#6861 = PLANE ( 'NONE',  #320 ) ;
#6862 = ORIENTED_EDGE ( 'NONE', *, *, #5156, .T. ) ;
#6863 = ADVANCED_FACE ( 'NONE', ( #5207 ), #859, .F. ) ;
#6864 = CARTESIAN_POINT ( 'NONE',  ( -59.99999999999999289, 4.000000000000000000, -10.00000000000000000 ) ) ;
#6865 = DIRECTION ( 'NONE',  ( 6.982962677686265922E-15, -1.000000000000000000, 0.000000000000000000 ) ) ;
#6866 = DIRECTION ( 'NONE',  ( -0.4512872425049608838, -3.151321971328093619E-15, 0.8923787451257838566 ) ) ;
#6867 = CARTESIAN_POINT ( 'NONE',  ( 4.799936326822310032E-14, 26.00000000000000355, 0.000000000000000000 ) ) ;
#6868 = ORIENTED_EDGE ( 'NONE', *, *, #3841, .T. ) ;
#6869 = CARTESIAN_POINT ( 'NONE',  ( -21.50000000000000000, -0.1999999999999987899, 34.00000000000000000 ) ) ;
#6870 = DIRECTION ( 'NONE',  ( 1.000000000000000000, 0.000000000000000000, 0.000000000000000000 ) ) ;
#6871 = VERTEX_POINT ( 'NONE', #2480 ) ;
#6872 = DIRECTION ( 'NONE',  ( 0.000000000000000000, 1.000000000000000000, 0.000000000000000000 ) ) ;
#6873 = VECTOR ( 'NONE', #553, 1000.000000000000000 ) ;
#6874 = VERTEX_POINT ( 'NONE', #1080 ) ;
#6875 = DIRECTION ( 'NONE',  ( -1.000000000000000000, -6.982962677686266711E-15, -8.102884476381694471E-61 ) ) ;
#6876 = DIRECTION ( 'NONE',  ( 6.982962677686266711E-15, -1.000000000000000000, 0.000000000000000000 ) ) ;
#6877 = EDGE_CURVE ( 'NONE', #7617, #3308, #9197, .T. ) ;
#6878 = CARTESIAN_POINT ( 'NONE',  ( 12.20000000000029416, 28.59999999999991971, 32.50000000000000000 ) ) ;
#6879 = CYLINDRICAL_SURFACE ( 'NONE', #3128, 4.099999999999997868 ) ;
#6880 = ORIENTED_EDGE ( 'NONE', *, *, #8823, .T. ) ;
#6881 = DIRECTION ( 'NONE',  ( 0.000000000000000000, 0.000000000000000000, -1.000000000000000000 ) ) ;
#6882 = EDGE_CURVE ( 'NONE', #2990, #6041, #1370, .T. ) ;
#6883 = CARTESIAN_POINT ( 'NONE',  ( -60.00000000000000000, 4.000000000000000000, 10.00000000000000000 ) ) ;
#6884 = AXIS2_PLACEMENT_3D ( 'NONE', #1831, #8437, #468 ) ;
#6885 = CYLINDRICAL_SURFACE ( 'NONE', #590, 4.100000000000002309 ) ;
#6886 = DIRECTION ( 'NONE',  ( -6.987186840583977580E-15, 1.000000000000000000, -7.888609052210118054E-31 ) ) ;
#6887 = ORIENTED_EDGE ( 'NONE', *, *, #2639, .T. ) ;
#6888 = CIRCLE ( 'NONE', #9520, 4.100000000000002309 ) ;
#6889 = CARTESIAN_POINT ( 'NONE',  ( 6.400000000000293454, 28.59999999999991971, -34.00000000000000000 ) ) ;
#6890 = CARTESIAN_POINT ( 'NONE',  ( -4.874423042781769411, 31.13093921164861300, -31.00000000000000000 ) ) ;
#6891 = DIRECTION ( 'NONE',  ( 0.000000000000000000, 0.000000000000000000, 1.000000000000000000 ) ) ;
#6892 = VECTOR ( 'NONE', #9441, 1000.000000000000000 ) ;
#6893 = ORIENTED_EDGE ( 'NONE', *, *, #319, .F. ) ;
#6894 = VERTEX_POINT ( 'NONE', #4129 ) ;
#6895 = CARTESIAN_POINT ( 'NONE',  ( 24.99999999999944933, 113.0181803158007483, -39.00000000000002132 ) ) ;
#6896 = AXIS2_PLACEMENT_3D ( 'NONE', #8321, #4016, #2472 ) ;
#6897 = EDGE_CURVE ( 'NONE', #1100, #5624, #7758, .T. ) ;
#6898 = VERTEX_POINT ( 'NONE', #7175 ) ;
#6899 = DIRECTION ( 'NONE',  ( 0.000000000000000000, 0.000000000000000000, 1.000000000000000000 ) ) ;
#6900 = VECTOR ( 'NONE', #99, 1000.000000000000114 ) ;
#6901 = FACE_OUTER_BOUND ( 'NONE', #9016, .T. ) ;
#6902 = ORIENTED_EDGE ( 'NONE', *, *, #6169, .F. ) ;
#6903 = CARTESIAN_POINT ( 'NONE',  ( 60.00000000000022027, 4.232725281383409310E-13, -10.00000000000000000 ) ) ;
#6904 = ORIENTED_EDGE ( 'NONE', *, *, #5861, .F. ) ;
#6905 = CIRCLE ( 'NONE', #6138, 14.00000000000000178 ) ;
#6906 = DIRECTION ( 'NONE',  ( 1.000000000000000000, 0.000000000000000000, 0.000000000000000000 ) ) ;
#6907 = VERTEX_POINT ( 'NONE', #7077 ) ;
#6908 = AXIS2_PLACEMENT_3D ( 'NONE', #8081, #5757, #7890 ) ;
#6909 = ORIENTED_EDGE ( 'NONE', *, *, #780, .T. ) ;
#6910 = VECTOR ( 'NONE', #4273, 1000.000000000000000 ) ;
#6911 = CARTESIAN_POINT ( 'NONE',  ( -14.99999999999979039, 2.999999999999898748, -19.00000000000001421 ) ) ;
#6912 = AXIS2_PLACEMENT_3D ( 'NONE', #1085, #7566, #9062 ) ;
#6913 = CARTESIAN_POINT ( 'NONE',  ( 6.196528862359562112E-14, 24.00000000000000355, 0.000000000000000000 ) ) ;
#6914 = CARTESIAN_POINT ( 'NONE',  ( -11.29999999999995097, 25.99999999999992184, -2.051038353574630974E-29 ) ) ;
#6915 = PRESENTATION_LAYER_ASSIGNMENT (  '', '', ( #2136 ) ) ;
#6916 = ORIENTED_EDGE ( 'NONE', *, *, #297, .F. ) ;
#6917 = ADVANCED_FACE ( 'NONE', ( #2575 ), #4225, .T. ) ;
#6918 = AXIS2_PLACEMENT_3D ( 'NONE', #5431, #1811, #8939 ) ;
#6919 = CARTESIAN_POINT ( 'NONE',  ( 30.00000000000022737, 2.081668171172168513E-13, 0.000000000000000000 ) ) ;
#6920 = CARTESIAN_POINT ( 'NONE',  ( -12.99999999999996270, 27.04163056034252932, 34.00000000000000000 ) ) ;
#6921 = EDGE_LOOP ( 'NONE', ( #1179, #8756, #812, #8535, #40, #4272, #7257, #8969, #1297, #8297, #7543, #8746 ) ) ;
#6922 = CARTESIAN_POINT ( 'NONE',  ( -8.100000000000289191, 28.59999999999991616, -31.00000000000000000 ) ) ;
#6923 = VECTOR ( 'NONE', #449, 1000.000000000000000 ) ;
#6924 = ORIENTED_EDGE ( 'NONE', *, *, #9396, .T. ) ;
#6925 = EDGE_LOOP ( 'NONE', ( #1659, #5023, #6381, #8583 ) ) ;
#6926 = CARTESIAN_POINT ( 'NONE',  ( -59.99999999999999289, 3.000000000000000000, -10.00000000000000000 ) ) ;
#6927 = CARTESIAN_POINT ( 'NONE',  ( -6.400000000000289013, 28.59999999999991616, -31.00000000000000000 ) ) ;
#6928 = EDGE_CURVE ( 'NONE', #4491, #603, #5693, .T. ) ;
#6929 = LINE ( 'NONE', #986, #2547 ) ;
#6930 = CARTESIAN_POINT ( 'NONE',  ( 8.100000000000292744, 28.59999999999991971, 32.50000000000000000 ) ) ;
#6931 = FACE_BOUND ( 'NONE', #2126, .T. ) ;
#6932 = ORIENTED_EDGE ( 'NONE', *, *, #1450, .T. ) ;
#6933 = CARTESIAN_POINT ( 'NONE',  ( 64.81245028383426643, 4.000000000000000000, 13.14687499999992681 ) ) ;
#6934 = PLANE ( 'NONE',  #5263 ) ;
#6935 = ORIENTED_EDGE ( 'NONE', *, *, #9437, .T. ) ;
#6936 = VECTOR ( 'NONE', #4701, 1000.000000000000000 ) ;
#6937 = DIRECTION ( 'NONE',  ( 0.000000000000000000, 0.000000000000000000, -1.000000000000000000 ) ) ;
#6938 = CARTESIAN_POINT ( 'NONE',  ( 7.600000000000043165, 27.50000000000005684, -2.169367489357782745E-29 ) ) ;
#6939 = ORIENTED_EDGE ( 'NONE', *, *, #2798, .T. ) ;
#6940 = DIRECTION ( 'NONE',  ( -1.000000000000000000, 3.435095992033280975E-16, -1.734723475976805517E-15 ) ) ;
#6941 = VECTOR ( 'NONE', #8440, 1000.000000000000000 ) ;
#6942 = ADVANCED_FACE ( 'NONE', ( #4180 ), #546, .F. ) ;
#6943 = LINE ( 'NONE', #3991, #8828 ) ;
#6944 = DIRECTION ( 'NONE',  ( 0.000000000000000000, -0.000000000000000000, -1.000000000000000000 ) ) ;
#6945 = ORIENTED_EDGE ( 'NONE', *, *, #1521, .T. ) ;
#6946 = ORIENTED_EDGE ( 'NONE', *, *, #3064, .F. ) ;
#6947 = CARTESIAN_POINT ( 'NONE',  ( -73.14687499999999432, 4.000000000000000000, 4.812450283834104781 ) ) ;
#6948 = EDGE_CURVE ( 'NONE', #3692, #8751, #5575, .T. ) ;
#6949 = EDGE_CURVE ( 'NONE', #2398, #6521, #2629, .T. ) ;
#6950 = STYLED_ITEM ( 'NONE', ( #5166 ), #7938 ) ;
#6951 = VERTEX_POINT ( 'NONE', #9302 ) ;
#6952 = DIRECTION ( 'NONE',  ( 0.000000000000000000, 0.000000000000000000, 1.000000000000000000 ) ) ;
#6953 = EDGE_LOOP ( 'NONE', ( #8693, #5148, #8206, #2725, #7341, #9422, #1428, #6440, #1973, #3169, #1182, #7657, #5002, #9401, #1525, #5635 ) ) ;
#6954 = DIRECTION ( 'NONE',  ( 6.987186840583977580E-15, -1.000000000000000000, -7.888609052210118054E-31 ) ) ;
#6955 = VERTEX_POINT ( 'NONE', #1958 ) ;
#6956 = CARTESIAN_POINT ( 'NONE',  ( 3.599999999999718092, 43.00000000000002842, -32.50000000000000000 ) ) ;
#6957 = ORIENTED_EDGE ( 'NONE', *, *, #1627, .F. ) ;
#6958 = AXIS2_PLACEMENT_3D ( 'NONE', #2412, #3728, #8352 ) ;
#6959 = LINE ( 'NONE', #3385, #2899 ) ;
#6960 = CARTESIAN_POINT ( 'NONE',  ( -15.00000000000055778, 113.0181803158004641, -29.00000000000001066 ) ) ;
#6961 = DIRECTION ( 'NONE',  ( 6.982962677686266711E-15, -1.000000000000000000, 0.000000000000000000 ) ) ;
#6962 = ORIENTED_EDGE ( 'NONE', *, *, #913, .F. ) ;
#6963 = FACE_OUTER_BOUND ( 'NONE', #9516, .T. ) ;
#6964 = EDGE_CURVE ( 'NONE', #3369, #7878, #4303, .T. ) ;
#6965 = CIRCLE ( 'NONE', #1102, 11.29999999999999893 ) ;
#6966 = EDGE_CURVE ( 'NONE', #5550, #9557, #2299, .T. ) ;
#6967 = DIRECTION ( 'NONE',  ( 0.000000000000000000, 0.000000000000000000, 1.000000000000000000 ) ) ;
#6968 = VECTOR ( 'NONE', #3998, 1000.000000000000000 ) ;
#6969 = VERTEX_POINT ( 'NONE', #5721 ) ;
#6970 = LINE ( 'NONE', #6014, #8916 ) ;
#6971 = VERTEX_POINT ( 'NONE', #9400 ) ;
#6972 = ORIENTED_EDGE ( 'NONE', *, *, #9365, .F. ) ;
#6973 = AXIS2_PLACEMENT_3D ( 'NONE', #5893, #5753, #8893 ) ;
#6974 = PLANE ( 'NONE',  #4410 ) ;
#6975 = CARTESIAN_POINT ( 'NONE',  ( 8.100000000000292744, 28.59999999999991971, -32.50000000000000000 ) ) ;
#6976 = VECTOR ( 'NONE', #509, 1000.000000000000000 ) ;
#6977 = DIRECTION ( 'NONE',  ( -6.982962677686266711E-15, 1.000000000000000000, -0.000000000000000000 ) ) ;
#6978 = DIRECTION ( 'NONE',  ( -0.000000000000000000, -1.000000000000000000, -0.000000000000000000 ) ) ;
#6979 = CARTESIAN_POINT ( 'NONE',  ( -6.400000000000289013, 28.59999999999991616, -31.00000000000000000 ) ) ;
#6980 = ORIENTED_EDGE ( 'NONE', *, *, #2483, .T. ) ;
#6981 = CARTESIAN_POINT ( 'NONE',  ( -14.99999999999976907, -1.040834085586084257E-13, -19.00000000000001066 ) ) ;
#6982 = AXIS2_PLACEMENT_3D ( 'NONE', #5634, #7867, #1237 ) ;
#6983 = CARTESIAN_POINT ( 'NONE',  ( -1.606081415867841343E-13, 26.00000000000000355, -32.50000000000000000 ) ) ;
#6984 = EDGE_CURVE ( 'NONE', #7471, #8419, #7854, .T. ) ;
#6985 = ORIENTED_EDGE ( 'NONE', *, *, #3329, .T. ) ;
#6986 = DIRECTION ( 'NONE',  ( -1.000000000000000000, -6.938893903907226800E-15, 0.000000000000000000 ) ) ;
#6987 = CARTESIAN_POINT ( 'NONE',  ( 73.14687500000020748, 3.000000000000512479, -4.812450283834106557 ) ) ;
#6988 = ORIENTED_EDGE ( 'NONE', *, *, #8061, .F. ) ;
#6989 = DIRECTION ( 'NONE',  ( -1.000000000000000000, -6.991383056702158839E-18, -1.789794062515752663E-15 ) ) ;
#6990 = EDGE_CURVE ( 'NONE', #8254, #5300, #6346, .T. ) ;
#6991 = VECTOR ( 'NONE', #7815, 1000.000000000000000 ) ;
#6992 = CARTESIAN_POINT ( 'NONE',  ( 24.99999999999943867, 113.0181803158007483, 29.00000000000001066 ) ) ;
#6993 = FACE_OUTER_BOUND ( 'NONE', #2236, .T. ) ;
#6994 = ORIENTED_EDGE ( 'NONE', *, *, #5346, .T. ) ;
#6995 = ORIENTED_EDGE ( 'NONE', *, *, #7173, .T. ) ;
#6996 = CARTESIAN_POINT ( 'NONE',  ( 8.100000000000292744, 28.59999999999991971, -34.00000000000000000 ) ) ;
#6997 = DIRECTION ( 'NONE',  ( 0.000000000000000000, 0.000000000000000000, 1.000000000000000000 ) ) ;
#6998 = ORIENTED_EDGE ( 'NONE', *, *, #2416, .T. ) ;
#6999 = CARTESIAN_POINT ( 'NONE',  ( -5.100000000000196820, 31.39463772249623830, -32.50000000000000000 ) ) ;
#7000 = EDGE_CURVE ( 'NONE', #617, #5800, #6299, .T. ) ;
#7001 = CYLINDRICAL_SURFACE ( 'NONE', #6628, 1.749999999999996891 ) ;
#7002 = ORIENTED_EDGE ( 'NONE', *, *, #9406, .T. ) ;
#7003 = CYLINDRICAL_SURFACE ( 'NONE', #429, 1.700000000000000178 ) ;
#7004 = ORIENTED_EDGE ( 'NONE', *, *, #2321, .T. ) ;
#7005 = LINE ( 'NONE', #6273, #3088 ) ;
#7006 = ADVANCED_FACE ( 'NONE', ( #2681 ), #8574, .F. ) ;
#7007 = VERTEX_POINT ( 'NONE', #7803 ) ;
#7008 = DIRECTION ( 'NONE',  ( 1.156482317317870739E-16, 0.000000000000000000, 1.000000000000000000 ) ) ;
#7009 = CARTESIAN_POINT ( 'NONE',  ( -60.99999999999979394, 2.999999999999575895, -5.000000000000014211 ) ) ;
#7010 = PLANE ( 'NONE',  #4032 ) ;
#7011 = EDGE_LOOP ( 'NONE', ( #3906, #9206, #370, #548 ) ) ;
#7012 = DIRECTION ( 'NONE',  ( 0.000000000000000000, 0.000000000000000000, -1.000000000000000000 ) ) ;
#7013 = CARTESIAN_POINT ( 'NONE',  ( -2.793185071074507189E-13, 43.00000000000000000, 32.50000000000000000 ) ) ;
#7014 = ORIENTED_EDGE ( 'NONE', *, *, #1752, .T. ) ;
#7015 = CARTESIAN_POINT ( 'NONE',  ( 15.00000000000023093, 1.075528555105620399E-13, -19.00000000000001421 ) ) ;
#7016 = ORIENTED_EDGE ( 'NONE', *, *, #1874, .F. ) ;
#7017 = ORIENTED_EDGE ( 'NONE', *, *, #7080, .T. ) ;
#7018 = DIRECTION ( 'NONE',  ( -1.000000000000000000, 0.000000000000000000, 0.000000000000000000 ) ) ;
#7019 = DIRECTION ( 'NONE',  ( -0.000000000000000000, -0.000000000000000000, -1.000000000000000000 ) ) ;
#7020 = EDGE_CURVE ( 'NONE', #2651, #2029, #8627, .T. ) ;
#7021 = CARTESIAN_POINT ( 'NONE',  ( -2.500000000000179412, 25.99999999999998579, 31.25000000000000000 ) ) ;
#7022 = DIRECTION ( 'NONE',  ( 0.000000000000000000, 0.000000000000000000, 1.000000000000000000 ) ) ;
#7023 = DIRECTION ( 'NONE',  ( -6.982962677686266711E-15, 1.000000000000000000, -0.000000000000000000 ) ) ;
#7024 = VECTOR ( 'NONE', #2872, 1000.000000000000000 ) ;
#7025 = EDGE_LOOP ( 'NONE', ( #9327, #6314, #7114, #6574 ) ) ;
#7026 = DIRECTION ( 'NONE',  ( 1.000000000000000000, 6.982962677686266711E-15, 0.000000000000000000 ) ) ;
#7027 = DIRECTION ( 'NONE',  ( 6.982962677686266711E-15, -1.000000000000000000, 0.000000000000000000 ) ) ;
#7028 = ORIENTED_EDGE ( 'NONE', *, *, #1614, .F. ) ;
#7029 = CARTESIAN_POINT ( 'NONE',  ( 9.800000000000292033, 28.59999999999991971, -31.00000000000000000 ) ) ;
#7030 = DIRECTION ( 'NONE',  ( 5.473822126268816683E-45, -7.888609052210118054E-31, -1.000000000000000000 ) ) ;
#7031 = ORIENTED_EDGE ( 'NONE', *, *, #9365, .T. ) ;
#7032 = AXIS2_PLACEMENT_3D ( 'NONE', #4949, #4221, #6389 ) ;
#7033 = LINE ( 'NONE', #4039, #8219 ) ;
#7034 = CARTESIAN_POINT ( 'NONE',  ( -59.99999999999978684, 2.999999999999583000, 9.999999999999984013 ) ) ;
#7035 = DIRECTION ( 'NONE',  ( 0.000000000000000000, 0.000000000000000000, -1.000000000000000000 ) ) ;
#7036 = EDGE_CURVE ( 'NONE', #1855, #9477, #8530, .T. ) ;
#7037 = EDGE_CURVE ( 'NONE', #4398, #3056, #353, .T. ) ;
#7038 = VERTEX_POINT ( 'NONE', #1320 ) ;
#7039 = VERTEX_POINT ( 'NONE', #5957 ) ;
#7040 = CARTESIAN_POINT ( 'NONE',  ( 60.00000000000022027, 4.232725281383408805E-13, 8.249999999999895195 ) ) ;
#7041 = AXIS2_PLACEMENT_3D ( 'NONE', #57, #8960, #2335 ) ;
#7042 = FACE_BOUND ( 'NONE', #8340, .T. ) ;
#7043 = ORIENTED_EDGE ( 'NONE', *, *, #6284, .F. ) ;
#7044 = CIRCLE ( 'NONE', #2880, 1.700000000000000178 ) ;
#7045 = CARTESIAN_POINT ( 'NONE',  ( 2.499999999999830802, 24.50000000000001776, 33.75000000000000000 ) ) ;
#7046 = EDGE_CURVE ( 'NONE', #1143, #3382, #8767, .T. ) ;
#7047 = EDGE_CURVE ( 'NONE', #8544, #9119, #9449, .T. ) ;
#7048 = ORIENTED_EDGE ( 'NONE', *, *, #2212, .F. ) ;
#7049 = DIRECTION ( 'NONE',  ( -1.000000000000000000, -6.987186840583977580E-15, -0.000000000000000000 ) ) ;
#7050 = EDGE_LOOP ( 'NONE', ( #450, #5509, #3133, #7014 ) ) ;
#7051 = AXIS2_PLACEMENT_3D ( 'NONE', #1470, #6543, #1376 ) ;
#7052 = LINE ( 'NONE', #3281, #624 ) ;
#7053 = ORIENTED_EDGE ( 'NONE', *, *, #4645, .T. ) ;
#7054 = CARTESIAN_POINT ( 'NONE',  ( -4.946304452942076324, 31.22254908485232505, -31.23358693468868807 ) ) ;
#7055 = AXIS2_PLACEMENT_3D ( 'NONE', #1814, #6205, #9156 ) ;
#7056 = CARTESIAN_POINT ( 'NONE',  ( 60.00000000000022027, 4.232725281383409310E-13, -10.00000000000000000 ) ) ;
#7057 = CARTESIAN_POINT ( 'NONE',  ( -2.897929511239801316E-13, 44.50000000000000711, 32.50000000000000000 ) ) ;
#7058 = ORIENTED_EDGE ( 'NONE', *, *, #5121, .T. ) ;
#7059 = EDGE_CURVE ( 'NONE', #1293, #2879, #1517, .T. ) ;
#7060 = DIRECTION ( 'NONE',  ( -1.000000000000000000, -6.982962677686266711E-15, 0.000000000000000000 ) ) ;
#7061 = CIRCLE ( 'NONE', #268, 1.700000000000000178 ) ;
#7062 = PLANE ( 'NONE',  #8343 ) ;
#7063 = EDGE_LOOP ( 'NONE', ( #2845, #3760, #9410, #4001 ) ) ;
#7064 = AXIS2_PLACEMENT_3D ( 'NONE', #3269, #4673, #6212 ) ;
#7065 = ADVANCED_FACE ( 'NONE', ( #4471, #5097, #9493 ), #8044, .T. ) ;
#7066 = EDGE_CURVE ( 'NONE', #3582, #603, #7417, .T. ) ;
#7067 = VECTOR ( 'NONE', #3685, 1000.000000000000000 ) ;
#7068 = CIRCLE ( 'NONE', #1822, 4.099999999999999645 ) ;
#7069 = CARTESIAN_POINT ( 'NONE',  ( 30.00000000000000000, -31.00000000000000000, 1.000000000000001554 ) ) ;
#7070 = ORIENTED_EDGE ( 'NONE', *, *, #3667, .T. ) ;
#7071 = ORIENTED_EDGE ( 'NONE', *, *, #3246, .F. ) ;
#7072 = PLANE ( 'NONE',  #2098 ) ;
#7073 = DIRECTION ( 'NONE',  ( -1.000000000000000000, 0.000000000000000000, 0.000000000000000000 ) ) ;
#7074 = VECTOR ( 'NONE', #8115, 1000.000000000000000 ) ;
#7075 = LINE ( 'NONE', #4751, #6720 ) ;
#7076 = FACE_OUTER_BOUND ( 'NONE', #3139, .T. ) ;
#7077 = CARTESIAN_POINT ( 'NONE',  ( 5.099999999999708322, 44.50000000000004263, -32.50000000000000000 ) ) ;
#7078 = ORIENTED_EDGE ( 'NONE', *, *, #529, .F. ) ;
#7079 = DIRECTION ( 'NONE',  ( -1.000000000000000000, 0.000000000000000000, 0.000000000000000000 ) ) ;
#7080 = EDGE_CURVE ( 'NONE', #8544, #5713, #3012, .T. ) ;
#7082 = AXIS2_PLACEMENT_3D ( 'NONE', #2470, #3107, #9046 ) ;
#7081 = DIRECTION ( 'NONE',  ( 0.000000000000000000, 0.000000000000000000, -1.000000000000000000 ) ) ;
#7083 = EDGE_LOOP ( 'NONE', ( #8709, #1373, #2941, #9144 ) ) ;
#7084 = FACE_OUTER_BOUND ( 'NONE', #7508, .T. ) ;
#7085 = SURFACE_SIDE_STYLE ('',( #9159 ) ) ;
#7086 = ORIENTED_EDGE ( 'NONE', *, *, #2390, .F. ) ;
#7087 = FACE_OUTER_BOUND ( 'NONE', #6805, .T. ) ;
#7088 = CARTESIAN_POINT ( 'NONE',  ( -60.00000000000000000, 25.00000000000000000, -4.500000000000004441 ) ) ;
#7089 = VECTOR ( 'NONE', #5943, 1000.000000000000000 ) ;
#7090 = CYLINDRICAL_SURFACE ( 'NONE', #6982, 9.999999999999998224 ) ;
#7091 = VERTEX_POINT ( 'NONE', #8866 ) ;
#7092 = VERTEX_POINT ( 'NONE', #61 ) ;
#7093 = EDGE_CURVE ( 'NONE', #4988, #7910, #8913, .T. ) ;
#7094 = EDGE_CURVE ( 'NONE', #9381, #9166, #8819, .T. ) ;
#7095 = CYLINDRICAL_SURFACE ( 'NONE', #2942, 5.750000000000109246 ) ;
#7096 = ADVANCED_FACE ( 'NONE', ( #1468 ), #3744, .T. ) ;
#7097 = CARTESIAN_POINT ( 'NONE',  ( 69.99999999999998579, 4.000000000000000000, 1.749999999999979572 ) ) ;
#7098 = ORIENTED_EDGE ( 'NONE', *, *, #9396, .F. ) ;
#7099 = VECTOR ( 'NONE', #3948, 1000.000000000000000 ) ;
#7100 = EDGE_CURVE ( 'NONE', #5794, #5021, #2242, .T. ) ;
#7101 = CARTESIAN_POINT ( 'NONE',  ( -70.44103962761747084, 2.999999999999510170, 8.828640442460647719 ) ) ;
#7102 = VECTOR ( 'NONE', #6876, 1000.000000000000000 ) ;
#7103 = ORIENTED_EDGE ( 'NONE', *, *, #1120, .F. ) ;
#7104 = DIRECTION ( 'NONE',  ( 0.000000000000000000, -1.000000000000000000, 0.000000000000000000 ) ) ;
#7105 = VERTEX_POINT ( 'NONE', #7317 ) ;
#7106 = AXIS2_PLACEMENT_3D ( 'NONE', #1446, #720, #6610 ) ;
#7107 = LINE ( 'NONE', #7733, #931 ) ;
#7108 = ORIENTED_EDGE ( 'NONE', *, *, #6518, .T. ) ;
#7109 = EDGE_CURVE ( 'NONE', #5496, #676, #7234, .T. ) ;
#7110 = DIRECTION ( 'NONE',  ( -0.000000000000000000, -0.000000000000000000, -1.000000000000000000 ) ) ;
#7111 = DIRECTION ( 'NONE',  ( -1.000000000000000000, -6.987186840583977580E-15, 0.000000000000000000 ) ) ;
#7112 = LINE ( 'NONE', #6914, #5427 ) ;
#7113 = AXIS2_PLACEMENT_3D ( 'NONE', #29, #2354, #5923 ) ;
#7114 = ORIENTED_EDGE ( 'NONE', *, *, #3790, .T. ) ;
#7115 = ORIENTED_EDGE ( 'NONE', *, *, #8464, .F. ) ;
#7116 = CARTESIAN_POINT ( 'NONE',  ( -1.816668578551834344E-13, 26.00000000000000355, -2.051038353574630974E-29 ) ) ;
#7117 = DIRECTION ( 'NONE',  ( 0.000000000000000000, 0.000000000000000000, 1.000000000000000000 ) ) ;
#7118 = ORIENTED_EDGE ( 'NONE', *, *, #8304, .T. ) ;
#7119 = AXIS2_PLACEMENT_3D ( 'NONE', #6234, #3338, #1121 ) ;
#7120 = ADVANCED_FACE ( 'NONE', ( #7221 ), #7363, .F. ) ;
#7121 = DIRECTION ( 'NONE',  ( 1.000000000000000000, 6.377659838150024995E-18, -1.632680918566406399E-15 ) ) ;
#7122 = ORIENTED_EDGE ( 'NONE', *, *, #2204, .F. ) ;
#7123 = EDGE_LOOP ( 'NONE', ( #581, #1705, #7390, #1630 ) ) ;
#7124 = DIRECTION ( 'NONE',  ( 6.982962677686265922E-15, -1.000000000000000000, -0.000000000000000000 ) ) ;
#7125 = CARTESIAN_POINT ( 'NONE',  ( 5.099999999999708322, 44.50000000000004263, -32.50000000000000000 ) ) ;
#7126 = AXIS2_PLACEMENT_3D ( 'NONE', #4614, #7561, #944 ) ;
#7127 = LINE ( 'NONE', #4177, #5948 ) ;
#7128 = DIRECTION ( 'NONE',  ( 6.982962677686266711E-15, -1.000000000000000000, 0.000000000000000000 ) ) ;
#7129 = ADVANCED_FACE ( 'NONE', ( #2826 ), #3636, .T. ) ;
#7130 = CIRCLE ( 'NONE', #8346, 9.999999999999994671 ) ;
#7131 = CARTESIAN_POINT ( 'NONE',  ( -25.19999999999998153, -0.2000000000000000111, 18.99999999999991118 ) ) ;
#7132 = EDGE_LOOP ( 'NONE', ( #1046, #4932, #2155, #4270 ) ) ;
#7133 = FACE_OUTER_BOUND ( 'NONE', #1734, .T. ) ;
#7134 = CARTESIAN_POINT ( 'NONE',  ( 69.99999999999998579, 3.000000000000000000, -1.713039432527097006E-14 ) ) ;
#7135 = AXIS2_PLACEMENT_3D ( 'NONE', #3438, #5652, #1114 ) ;
#7136 = VECTOR ( 'NONE', #1896, 1000.000000000000000 ) ;
#7137 = ORIENTED_EDGE ( 'NONE', *, *, #2545, .F. ) ;
#7138 = FACE_OUTER_BOUND ( 'NONE', #6806, .T. ) ;
#7139 = CARTESIAN_POINT ( 'NONE',  ( 70.00000000000022737, 4.926614671774132148E-13, 0.000000000000000000 ) ) ;
#7140 = VERTEX_POINT ( 'NONE', #8093 ) ;
#7141 = CARTESIAN_POINT ( 'NONE',  ( -59.99999999999977263, -4.163336342344337531E-13, -8.249999999999978684 ) ) ;
#7142 = CARTESIAN_POINT ( 'NONE',  ( -6.502183067439452735, 2.999999999999957367, -19.00000000000001421 ) ) ;
#7143 = CARTESIAN_POINT ( 'NONE',  ( -2.897929511239801316E-13, 44.50000000000000711, 32.50000000000000000 ) ) ;
#7144 = CIRCLE ( 'NONE', #3747, 4.100000000000002309 ) ;
#7145 = EDGE_LOOP ( 'NONE', ( #8398, #6980, #9538, #1984 ) ) ;
#7146 = VERTEX_POINT ( 'NONE', #5911 ) ;
#7147 = CARTESIAN_POINT ( 'NONE',  ( 60.00000000000000000, 3.000000000000000000, -10.00000000000001243 ) ) ;
#7148 = DIRECTION ( 'NONE',  ( 0.000000000000000000, 0.000000000000000000, 1.000000000000000000 ) ) ;
#7149 = ORIENTED_EDGE ( 'NONE', *, *, #2712, .T. ) ;
#7150 = EDGE_CURVE ( 'NONE', #7746, #6571, #1052, .T. ) ;
#7151 = EDGE_CURVE ( 'NONE', #6408, #2336, #14, .T. ) ;
#7152 = PLANE ( 'NONE',  #121 ) ;
#7153 = VERTEX_POINT ( 'NONE', #1571 ) ;
#7154 = DIRECTION ( 'NONE',  ( -6.982962677686266711E-15, 1.000000000000000000, 0.000000000000000000 ) ) ;
#7155 = VERTEX_POINT ( 'NONE', #8188 ) ;
#7156 = DIRECTION ( 'NONE',  ( -0.000000000000000000, -1.000000000000000000, -0.000000000000000000 ) ) ;
#7157 = ORIENTED_EDGE ( 'NONE', *, *, #5742, .T. ) ;
#7158 = CARTESIAN_POINT ( 'NONE',  ( -64.81245028383381168, -4.510281037539698445E-13, -13.14687500000003695 ) ) ;
#7159 = DIRECTION ( 'NONE',  ( -6.982962677686266711E-15, 1.000000000000000000, -0.000000000000000000 ) ) ;
#7160 = VERTEX_POINT ( 'NONE', #7503 ) ;
#7161 = ORIENTED_EDGE ( 'NONE', *, *, #8485, .T. ) ;
#7162 = CARTESIAN_POINT ( 'NONE',  ( -9.800000000000290257, 28.59999999999991616, -34.00000000000000000 ) ) ;
#7163 = EDGE_CURVE ( 'NONE', #4795, #9296, #2598, .T. ) ;
#7164 = CYLINDRICAL_SURFACE ( 'NONE', #3072, 1.000000000000001554 ) ;
#7165 = EDGE_LOOP ( 'NONE', ( #3781, #8387 ) ) ;
#7166 = LINE ( 'NONE', #4218, #3652 ) ;
#7167 = EDGE_LOOP ( 'NONE', ( #4862, #8847, #7645 ) ) ;
#7168 = EDGE_LOOP ( 'NONE', ( #6495, #1304, #9010, #2270 ) ) ;
#7169 = CARTESIAN_POINT ( 'NONE',  ( -25.20000000000003126, 9.900000000000000355, 49.20000000000001705 ) ) ;
#7170 = LINE ( 'NONE', #540, #4886 ) ;
#7171 = CARTESIAN_POINT ( 'NONE',  ( -60.99999999999971578, -8.000000000000422773, -5.000000000000014211 ) ) ;
#7172 = CYLINDRICAL_SURFACE ( 'NONE', #949, 5.500000000000003553 ) ;
#7173 = EDGE_CURVE ( 'NONE', #6274, #8035, #9556, .T. ) ;
#7174 = ORIENTED_EDGE ( 'NONE', *, *, #5258, .F. ) ;
#7175 = CARTESIAN_POINT ( 'NONE',  ( 60.00000000000022027, 4.232725281383408805E-13, 11.75000000000010658 ) ) ;
#7176 = ORIENTED_EDGE ( 'NONE', *, *, #2712, .F. ) ;
#7177 = CARTESIAN_POINT ( 'NONE',  ( 0.000000000000000000, -44.59655121145936363, 4.099999999999999645 ) ) ;
#7178 = LINE ( 'NONE', #1504, #3350 ) ;
#7179 = VERTEX_POINT ( 'NONE', #8963 ) ;
#7180 = ADVANCED_FACE ( 'NONE', ( #6144 ), #8239, .F. ) ;
#7181 = CARTESIAN_POINT ( 'NONE',  ( -8.100000000000289191, 28.59999999999991616, 31.00000000000000000 ) ) ;
#7182 = DIRECTION ( 'NONE',  ( 0.000000000000000000, 0.000000000000000000, 1.000000000000000000 ) ) ;
#7183 = ORIENTED_EDGE ( 'NONE', *, *, #7080, .F. ) ;
#7184 = DIRECTION ( 'NONE',  ( 0.000000000000000000, 0.000000000000000000, 1.000000000000000000 ) ) ;
#7185 = FACE_BOUND ( 'NONE', #3103, .T. ) ;
#7186 = DIRECTION ( 'NONE',  ( -1.000000000000000000, 1.376764663473655970E-16, 0.000000000000000000 ) ) ;
#7187 = AXIS2_PLACEMENT_3D ( 'NONE', #2253, #7426, #801 ) ;
#7188 = ORIENTED_EDGE ( 'NONE', *, *, #8639, .F. ) ;
#7189 = ORIENTED_EDGE ( 'NONE', *, *, #2632, .T. ) ;
#7190 = DIRECTION ( 'NONE',  ( 0.000000000000000000, 0.000000000000000000, -1.000000000000000000 ) ) ;
#7191 = CIRCLE ( 'NONE', #8887, 4.500000000000004441 ) ;
#7192 = EDGE_CURVE ( 'NONE', #3763, #3278, #3376, .T. ) ;
#7193 = CARTESIAN_POINT ( 'NONE',  ( -59.99999999999978684, 2.999999999999583000, 9.999999999999984013 ) ) ;
#7194 = ORIENTED_EDGE ( 'NONE', *, *, #5379, .F. ) ;
#7195 = CARTESIAN_POINT ( 'NONE',  ( 25.20000000000003482, 9.899999999999993250, 19.00000000000000355 ) ) ;
#7196 = ORIENTED_EDGE ( 'NONE', *, *, #4293, .T. ) ;
#7197 = DIRECTION ( 'NONE',  ( 6.982962677686266711E-15, -1.000000000000000000, 0.000000000000000000 ) ) ;
#7198 = ORIENTED_EDGE ( 'NONE', *, *, #7100, .T. ) ;
#7199 = EDGE_CURVE ( 'NONE', #6320, #8938, #4608, .T. ) ;
#7200 = ORIENTED_EDGE ( 'NONE', *, *, #1012, .T. ) ;
#7201 = CIRCLE ( 'NONE', #7512, 1.750000000000003331 ) ;
#7202 = CARTESIAN_POINT ( 'NONE',  ( -69.99999999999975842, -4.857225732735059864E-13, -1.713039432527097006E-14 ) ) ;
#7203 = CARTESIAN_POINT ( 'NONE',  ( 6.502183067439875508, 3.000000000000047962, -19.00000000000001421 ) ) ;
#7204 = ORIENTED_EDGE ( 'NONE', *, *, #8013, .T. ) ;
#7205 = VECTOR ( 'NONE', #8142, 1000.000000000000000 ) ;
#7206 = EDGE_LOOP ( 'NONE', ( #458, #7031, #6347, #8070, #2152, #8057, #6035, #6193, #4442, #3247, #6684, #1328 ) ) ;
#7207 = CARTESIAN_POINT ( 'NONE',  ( -1.816668578551834344E-13, 26.00000000000000355, -32.50000000000000000 ) ) ;
#7208 = CYLINDRICAL_SURFACE ( 'NONE', #162, 1.749999999999895639 ) ;
#7209 = VERTEX_POINT ( 'NONE', #6781 ) ;
#7210 = VECTOR ( 'NONE', #6445, 1000.000000000000000 ) ;
#7211 = CARTESIAN_POINT ( 'NONE',  ( -4.929826503170776419, 25.99999999999996803, 31.00000000000000000 ) ) ;
#7212 = ORIENTED_EDGE ( 'NONE', *, *, #8808, .T. ) ;
#7213 = ADVANCED_FACE ( 'NONE', ( #5327 ), #1754, .F. ) ;
#7214 = DIRECTION ( 'NONE',  ( 3.435095992033281468E-16, 1.000000000000000000, 0.000000000000000000 ) ) ;
#7215 = CARTESIAN_POINT ( 'NONE',  ( 8.100000000000292744, 28.59999999999991971, 31.00000000000000000 ) ) ;
#7216 = PRODUCT_DEFINITION_SHAPE ( 'NONE', 'NONE',  #45 ) ;
#7217 = CARTESIAN_POINT ( 'NONE',  ( 2.295563928880660095E-13, 3.469446951953614189E-15, 0.000000000000000000 ) ) ;
#7218 = DIRECTION ( 'NONE',  ( 0.000000000000000000, 0.000000000000000000, -1.000000000000000000 ) ) ;
#7219 = VECTOR ( 'NONE', #2362, 1000.000000000000000 ) ;
#7220 = ORIENTED_EDGE ( 'NONE', *, *, #2127, .F. ) ;
#7221 = FACE_OUTER_BOUND ( 'NONE', #1377, .T. ) ;
#7222 = ORIENTED_EDGE ( 'NONE', *, *, #1471, .T. ) ;
#7223 = CARTESIAN_POINT ( 'NONE',  ( -4.874423042781734772, 26.06906078835126905, 34.00000000000000000 ) ) ;
#7224 = VECTOR ( 'NONE', #8836, 1000.000000000000000 ) ;
#7225 = AXIS2_PLACEMENT_3D ( 'NONE', #1838, #6321, #7049 ) ;
#7226 = ORIENTED_EDGE ( 'NONE', *, *, #7631, .F. ) ;
#7227 = LINE ( 'NONE', #604, #4869 ) ;
#7228 = CARTESIAN_POINT ( 'NONE',  ( 6.400000000000293454, 28.59999999999991971, 31.00000000000000000 ) ) ;
#7229 = EDGE_CURVE ( 'NONE', #2513, #1617, #758, .T. ) ;
#7230 = ORIENTED_EDGE ( 'NONE', *, *, #5924, .T. ) ;
#7231 = LINE ( 'NONE', #4425, #4514 ) ;
#7232 = DIRECTION ( 'NONE',  ( 1.000000000000000000, 6.987186840583977580E-15, 0.000000000000000000 ) ) ;
#7233 = CARTESIAN_POINT ( 'NONE',  ( 15.00000000000023270, 1.075528555105620399E-13, -49.00000000000001421 ) ) ;
#7234 = CIRCLE ( 'NONE', #2444, 4.099999999999999645 ) ;
#7235 = ORIENTED_EDGE ( 'NONE', *, *, #167, .F. ) ;
#7236 = VERTEX_POINT ( 'NONE', #107 ) ;
#7237 = CYLINDRICAL_SURFACE ( 'NONE', #6799, 1.700000000000000178 ) ;
#7238 = EDGE_CURVE ( 'NONE', #6174, #5600, #8310, .T. ) ;
#7239 = DIRECTION ( 'NONE',  ( 0.000000000000000000, 0.000000000000000000, 1.000000000000000000 ) ) ;
#7240 = CIRCLE ( 'NONE', #3535, 8.500000000000000000 ) ;
#7241 = VERTEX_POINT ( 'NONE', #3060 ) ;
#7242 = CARTESIAN_POINT ( 'NONE',  ( -1.816668578551834344E-13, 26.00000000000000355, -34.00000000000000000 ) ) ;
#7243 = CARTESIAN_POINT ( 'NONE',  ( 4.912478887370297365, 26.02115190455530325, 31.12808994940208152 ) ) ;
#7244 = ORIENTED_EDGE ( 'NONE', *, *, #6293, .F. ) ;
#7245 = DIRECTION ( 'NONE',  ( 0.000000000000000000, -0.000000000000000000, 1.000000000000000000 ) ) ;
#7246 = ORIENTED_EDGE ( 'NONE', *, *, #1664, .F. ) ;
#7247 = EDGE_CURVE ( 'NONE', #5866, #4307, #2294, .T. ) ;
#7248 = EDGE_CURVE ( 'NONE', #9477, #4147, #6147, .T. ) ;
#7249 = FACE_OUTER_BOUND ( 'NONE', #3305, .T. ) ;
#7250 = AXIS2_PLACEMENT_3D ( 'NONE', #1316, #2229, #542 ) ;
#7251 = ORIENTED_EDGE ( 'NONE', *, *, #2107, .T. ) ;
#7252 = CARTESIAN_POINT ( 'NONE',  ( 0.9999999999997210010, 43.00000000000000711, 32.50000000000000000 ) ) ;
#7253 = VECTOR ( 'NONE', #3400, 1000.000000000000000 ) ;
#7254 = DIRECTION ( 'NONE',  ( 0.000000000000000000, 1.000000000000000000, 0.000000000000000000 ) ) ;
#7255 = EDGE_LOOP ( 'NONE', ( #5415, #4460, #2988, #6935, #2765, #5188, #5222, #3853, #6700, #7540, #7384, #6480, #7849, #1166, #1785, #5004, #4528, #3884, #504, #3023, #8588, #8615, #4928, #8118, #8961, #4239, #6407, #4539, #491, #977, #7309, #651, #2344, #536, #7749, #2837, #6184, #769, #2197, #8765, #5178, #9518, #858, #7272, #8787, #8468, #4880, #4979, #3609, #7161, #6507, #1398, #2504, #2121 ) ) ;
#7256 = AXIS2_PLACEMENT_3D ( 'NONE', #8117, #1491, #6660 ) ;
#7257 = ORIENTED_EDGE ( 'NONE', *, *, #6057, .F. ) ;
#7258 = DIRECTION ( 'NONE',  ( -0.8923787451257834125, -6.231447471573851243E-15, 0.4512872425049613834 ) ) ;
#7259 = DIRECTION ( 'NONE',  ( -0.000000000000000000, -0.000000000000000000, -1.000000000000000000 ) ) ;
#7260 = VERTEX_POINT ( 'NONE', #3192 ) ;
#7261 = AXIS2_PLACEMENT_3D ( 'NONE', #6418, #5024, #7882 ) ;
#7262 = DIRECTION ( 'NONE',  ( 0.000000000000000000, 0.000000000000000000, -1.000000000000000000 ) ) ;
#7263 = EDGE_LOOP ( 'NONE', ( #1536, #6127, #5951, #7666, #2964, #1479 ) ) ;
#7264 = DIRECTION ( 'NONE',  ( 6.982962677686266711E-15, -1.000000000000000000, 0.000000000000000000 ) ) ;
#7265 = CARTESIAN_POINT ( 'NONE',  ( -11.19999999999993712, 25.99999999999992184, 34.00000000000000000 ) ) ;
#7266 = EDGE_CURVE ( 'NONE', #8109, #5958, #7858, .T. ) ;
#7267 = ADVANCED_FACE ( 'NONE', ( #2340 ), #3965, .T. ) ;
#7268 = DIRECTION ( 'NONE',  ( -0.000000000000000000, -0.000000000000000000, 1.000000000000000000 ) ) ;
#7269 = ORIENTED_EDGE ( 'NONE', *, *, #7445, .T. ) ;
#7270 = VECTOR ( 'NONE', #4047, 1000.000000000000000 ) ;
#7271 = DIRECTION ( 'NONE',  ( -0.4512872425049599401, -3.151321971328086519E-15, 0.8923787451257843006 ) ) ;
#7272 = ORIENTED_EDGE ( 'NONE', *, *, #3009, .T. ) ;
#7273 = DIRECTION ( 'NONE',  ( 0.000000000000000000, 0.000000000000000000, 1.000000000000000000 ) ) ;
#7274 = ORIENTED_EDGE ( 'NONE', *, *, #4293, .F. ) ;
#7275 = DIRECTION ( 'NONE',  ( 0.000000000000000000, 0.000000000000000000, 1.000000000000000000 ) ) ;
#7276 = CARTESIAN_POINT ( 'NONE',  ( 2.499999999999820588, 26.00000000000002132, 2.051038353574630974E-29 ) ) ;
#7277 = VECTOR ( 'NONE', #4459, 1000.000000000000000 ) ;
#7278 = CARTESIAN_POINT ( 'NONE',  ( -3.600000000000157740, 25.99999999999997868, 32.50000000000000000 ) ) ;
#7279 = CARTESIAN_POINT ( 'NONE',  ( 5.080129500197919867, 31.37374796064650795, -31.98345829306468957 ) ) ;
#7280 = DIRECTION ( 'NONE',  ( -1.000000000000000000, 0.000000000000000000, 0.000000000000000000 ) ) ;
#7281 = ORIENTED_EDGE ( 'NONE', *, *, #6780, .F. ) ;
#7282 = VERTEX_POINT ( 'NONE', #1707 ) ;
#7283 = EDGE_CURVE ( 'NONE', #7818, #4675, #6464, .T. ) ;
#7284 = AXIS2_PLACEMENT_3D ( 'NONE', #7056, #2758, #8510 ) ;
#7285 = CIRCLE ( 'NONE', #7589, 5.500000000000003553 ) ;
#7286 = FACE_BOUND ( 'NONE', #4541, .T. ) ;
#7287 = VECTOR ( 'NONE', #6219, 1000.000000000000000 ) ;
#7288 = DIRECTION ( 'NONE',  ( -6.982962677686266711E-15, 1.000000000000000000, -0.000000000000000000 ) ) ;
#7289 = CARTESIAN_POINT ( 'NONE',  ( -55.86932208953506773, 2.999999999999614086, 13.99999999999998401 ) ) ;
#7290 = ORIENTED_EDGE ( 'NONE', *, *, #6092, .F. ) ;
#7291 = AXIS2_PLACEMENT_3D ( 'NONE', #659, #9458, #2833 ) ;
#7292 = CARTESIAN_POINT ( 'NONE',  ( 2.499999999999830802, 24.50000000000001776, -33.75000000000000000 ) ) ;
#7293 = DIRECTION ( 'NONE',  ( -6.982962677686265922E-15, 1.000000000000000000, 0.000000000000000000 ) ) ;
#7294 = ORIENTED_EDGE ( 'NONE', *, *, #3956, .F. ) ;
#7295 = CARTESIAN_POINT ( 'NONE',  ( 60.00000000000022027, 3.000000000000422329, 11.75000000000010658 ) ) ;
#7296 = EDGE_LOOP ( 'NONE', ( #2048, #1998, #2265, #763, #1960, #8611 ) ) ;
#7297 = DIRECTION ( 'NONE',  ( -0.000000000000000000, -1.000000000000000000, -0.000000000000000000 ) ) ;
#7298 = VECTOR ( 'NONE', #1451, 1000.000000000000000 ) ;
#7299 = VERTEX_POINT ( 'NONE', #3786 ) ;
#7300 = ADVANCED_FACE ( 'NONE', ( #2423, #8319 ), #5290, .F. ) ;
#7301 = FACE_OUTER_BOUND ( 'NONE', #6254, .T. ) ;
#7302 = CARTESIAN_POINT ( 'NONE',  ( 4.874423042781377724, 31.13093921164811562, -31.00000000000000000 ) ) ;
#7303 = ORIENTED_EDGE ( 'NONE', *, *, #6897, .F. ) ;
#7304 = AXIS2_PLACEMENT_3D ( 'NONE', #7034, #1287, #4819 ) ;
#7305 = ORIENTED_EDGE ( 'NONE', *, *, #938, .T. ) ;
#7306 = CARTESIAN_POINT ( 'NONE',  ( -4.946254223730594646, 31.22248506980748672, 33.76657629092855473 ) ) ;
#7307 = ADVANCED_FACE ( 'NONE', ( #3918 ), #5418, .F. ) ;
#7308 = CARTESIAN_POINT ( 'NONE',  ( -58.99999999999976552, -4.093947403305264743E-13, 4.387482193696048860 ) ) ;
#7309 = ORIENTED_EDGE ( 'NONE', *, *, #1638, .T. ) ;
#7310 = LINE ( 'NONE', #3588, #6892 ) ;
#7311 = ORIENTED_EDGE ( 'NONE', *, *, #583, .F. ) ;
#7312 = CARTESIAN_POINT ( 'NONE',  ( -8.100000000000289191, 28.59999999999991616, 31.00000000000000000 ) ) ;
#7313 = CARTESIAN_POINT ( 'NONE',  ( 0.000000000000000000, -31.00000000000000000, -6.099999999999999645 ) ) ;
#7314 = EDGE_LOOP ( 'NONE', ( #5755, #9293, #3392, #6015 ) ) ;
#7315 = DIRECTION ( 'NONE',  ( -6.982962677686266711E-15, 1.000000000000000000, -0.000000000000000000 ) ) ;
#7316 = ORIENTED_EDGE ( 'NONE', *, *, #2059, .F. ) ;
#7317 = CARTESIAN_POINT ( 'NONE',  ( -24.99999999999977263, -1.734723475976807094E-13, 29.00000000000001066 ) ) ;
#7318 = ORIENTED_EDGE ( 'NONE', *, *, #8599, .T. ) ;
#7319 = CARTESIAN_POINT ( 'NONE',  ( -64.81245028383409590, 3.000000000000000000, -13.14687500000000320 ) ) ;
#7320 = EDGE_CURVE ( 'NONE', #6955, #1454, #6008, .T. ) ;
#7321 = EDGE_LOOP ( 'NONE', ( #8684, #6932, #6995, #717 ) ) ;
#7322 = FILL_AREA_STYLE_COLOUR ( '', #703 ) ;
#7323 = CARTESIAN_POINT ( 'NONE',  ( -14.99999999999979039, 2.999999999999898748, -29.00000000000001066 ) ) ;
#7324 = DIRECTION ( 'NONE',  ( 6.982962677686266711E-15, -1.000000000000000000, 0.000000000000000000 ) ) ;
#7325 = DIRECTION ( 'NONE',  ( 0.000000000000000000, 0.000000000000000000, 1.000000000000000000 ) ) ;
#7326 = DIRECTION ( 'NONE',  ( 6.982962677686266711E-15, -1.000000000000000000, 0.000000000000000000 ) ) ;
#7327 = ORIENTED_EDGE ( 'NONE', *, *, #2742, .T. ) ;
#7328 = DIRECTION ( 'NONE',  ( -6.982962677686266711E-15, 1.000000000000000000, -0.000000000000000000 ) ) ;
#7329 = LINE ( 'NONE', #4571, #7224 ) ;
#7330 = CARTESIAN_POINT ( 'NONE',  ( 11.29999999999961346, 24.50000000000008171, 32.50000000000000000 ) ) ;
#7331 = ORIENTED_EDGE ( 'NONE', *, *, #3766, .T. ) ;
#7332 = EDGE_CURVE ( 'NONE', #8035, #6274, #7240, .T. ) ;
#7333 = ADVANCED_FACE ( 'NONE', ( #5462 ), #7164, .F. ) ;
#7334 = LINE ( 'NONE', #3658, #3364 ) ;
#7335 = CARTESIAN_POINT ( 'NONE',  ( 26.00000000000003908, 10.69999999999999396, 19.00000000000000355 ) ) ;
#7336 = VERTEX_POINT ( 'NONE', #2000 ) ;
#7337 = DIRECTION ( 'NONE',  ( -1.000000000000000000, 0.000000000000000000, 0.000000000000000000 ) ) ;
#7338 = ORIENTED_EDGE ( 'NONE', *, *, #9470, .T. ) ;
#7339 = CARTESIAN_POINT ( 'NONE',  ( -59.99999999999999289, 4.000000000000000000, -11.75000000000000355 ) ) ;
#7340 =( GEOMETRIC_REPRESENTATION_CONTEXT ( 3 ) GLOBAL_UNCERTAINTY_ASSIGNED_CONTEXT ( ( #1689 ) ) GLOBAL_UNIT_ASSIGNED_CONTEXT ( ( #2301, #8774, #3792 ) ) REPRESENTATION_CONTEXT ( 'NONE', 'WORKASPACE' ) );
#7341 = ORIENTED_EDGE ( 'NONE', *, *, #5230, .T. ) ;
#7342 = CYLINDRICAL_SURFACE ( 'NONE', #3584, 14.59666057699502240 ) ;
#7343 = PLANE ( 'NONE',  #646 ) ;
#7344 = EDGE_CURVE ( 'NONE', #4344, #6320, #4794, .T. ) ;
#7345 = CIRCLE ( 'NONE', #6566, 1.699999999999999289 ) ;
#7346 = DIRECTION ( 'NONE',  ( 6.987186840583977580E-15, -1.000000000000000000, 7.888609052210118054E-31 ) ) ;
#7347 = ORIENTED_EDGE ( 'NONE', *, *, #1727, .T. ) ;
#7348 = CARTESIAN_POINT ( 'NONE',  ( -59.99999999999978684, 2.999999999999583000, -1.387778780781445676E-14 ) ) ;
#7349 = CARTESIAN_POINT ( 'NONE',  ( -2.793185071074507189E-13, 43.00000000000000000, -32.50000000000000000 ) ) ;
#7350 = VERTEX_POINT ( 'NONE', #1795 ) ;
#7351 = CARTESIAN_POINT ( 'NONE',  ( -2.500000000000179412, 25.99999999999998579, 31.25000000000000000 ) ) ;
#7352 = CIRCLE ( 'NONE', #5193, 1.700000000000000178 ) ;
#7353 = CARTESIAN_POINT ( 'NONE',  ( 60.00000000000000000, 25.00000000000000000, -5.500000000000016875 ) ) ;
#7354 = ORIENTED_EDGE ( 'NONE', *, *, #9355, .T. ) ;
#7355 = AXIS2_PLACEMENT_3D ( 'NONE', #4998, #1315, #5764 ) ;
#7356 = ADVANCED_FACE ( 'NONE', ( #2516 ), #7062, .T. ) ;
#7357 = LINE ( 'NONE', #834, #8733 ) ;
#7358 = CARTESIAN_POINT ( 'NONE',  ( 22.99999999999999289, 6.899999999999999467, 18.99999999999999645 ) ) ;
#7359 = ORIENTED_EDGE ( 'NONE', *, *, #5924, .F. ) ;
#7360 = VECTOR ( 'NONE', #1561, 1000.000000000000000 ) ;
#7361 = DIRECTION ( 'NONE',  ( 6.982962677686265922E-15, -1.000000000000000000, -0.000000000000000000 ) ) ;
#7362 = VERTEX_POINT ( 'NONE', #5563 ) ;
#7363 = PLANE ( 'NONE',  #5224 ) ;
#7364 = ORIENTED_EDGE ( 'NONE', *, *, #902, .F. ) ;
#7365 = ADVANCED_FACE ( 'NONE', ( #1265 ), #4014, .F. ) ;
#7366 = LINE ( 'NONE', #5099, #7205 ) ;
#7367 = ADVANCED_FACE ( 'NONE', ( #345 ), #3391, .F. ) ;
#7368 = ORIENTED_EDGE ( 'NONE', *, *, #7681, .F. ) ;
#7369 = DIRECTION ( 'NONE',  ( 1.000000000000000000, 0.000000000000000000, 0.000000000000000000 ) ) ;
#7370 = CARTESIAN_POINT ( 'NONE',  ( -60.00000000000000000, 4.000000000000000000, 0.000000000000000000 ) ) ;
#7371 = DIRECTION ( 'NONE',  ( 1.239088197126290817E-16, 2.217712698149981967E-31, -1.000000000000000000 ) ) ;
#7372 = AXIS2_PLACEMENT_3D ( 'NONE', #6623, #4132, #7081 ) ;
#7373 = CARTESIAN_POINT ( 'NONE',  ( 58.45845530899425313, 3.000000000000412115, 5.458336687847006097 ) ) ;
#7374 = LINE ( 'NONE', #2978, #5899 ) ;
#7375 = AXIS2_PLACEMENT_3D ( 'NONE', #7455, #6049, #5457 ) ;
#7376 = ORIENTED_EDGE ( 'NONE', *, *, #3683, .F. ) ;
#7378 = AXIS2_PLACEMENT_3D ( 'NONE', #3917, #3191, #7501 ) ;
#7377 = DIRECTION ( 'NONE',  ( -6.982962677686266711E-15, 1.000000000000000000, -0.000000000000000000 ) ) ;
#7379 = VECTOR ( 'NONE', #7654, 1000.000000000000000 ) ;
#7380 = CIRCLE ( 'NONE', #1821, 1.700000000000000178 ) ;
#7381 = DIRECTION ( 'NONE',  ( -6.982962677686265922E-15, 1.000000000000000000, 0.000000000000000000 ) ) ;
#7382 = AXIS2_PLACEMENT_3D ( 'NONE', #3644, #6589, #3699 ) ;
#7383 = CARTESIAN_POINT ( 'NONE',  ( 21.24746460142319293, -1.000000000000007105, 18.99999999999991118 ) ) ;
#7384 = ORIENTED_EDGE ( 'NONE', *, *, #2307, .T. ) ;
#7385 = VECTOR ( 'NONE', #3819, 1000.000000000000000 ) ;
#7386 = CARTESIAN_POINT ( 'NONE',  ( -59.99999999999999289, 4.000000000000000000, -8.249999999999996447 ) ) ;
#7387 = CARTESIAN_POINT ( 'NONE',  ( 5.099999999999718092, 43.00000000000003553, 32.50000000000000000 ) ) ;
#7388 = EDGE_CURVE ( 'NONE', #3328, #3952, #386, .T. ) ;
#7389 = EDGE_CURVE ( 'NONE', #6971, #6894, #2562, .T. ) ;
#7390 = ORIENTED_EDGE ( 'NONE', *, *, #866, .T. ) ;
#7391 = LINE ( 'NONE', #2525, #9231 ) ;
#7392 = EDGE_LOOP ( 'NONE', ( #5922, #7626, #2750, #611, #3566, #9415, #3715, #7635, #1199, #6103 ) ) ;
#7393 = CARTESIAN_POINT ( 'NONE',  ( -25.20000000000003482, 3.000000000000002665, 49.20000000000001705 ) ) ;
#7394 = ADVANCED_FACE ( 'NONE', ( #4068 ), #4890, .F. ) ;
#7395 = AXIS2_PLACEMENT_3D ( 'NONE', #499, #2777, #1173 ) ;
#7396 = ORIENTED_EDGE ( 'NONE', *, *, #5882, .F. ) ;
#7397 = CARTESIAN_POINT ( 'NONE',  ( -59.99999999999976552, -4.163336342344337027E-13, 8.250000000000088818 ) ) ;
#7398 = DIRECTION ( 'NONE',  ( -1.000000000000000000, -6.746146851020921650E-15, 0.000000000000000000 ) ) ;
#7399 = DIRECTION ( 'NONE',  ( 1.000000000000000000, 7.061706185392312380E-15, 0.000000000000000000 ) ) ;
#7400 = CYLINDRICAL_SURFACE ( 'NONE', #8323, 14.00000000000000000 ) ;
#7401 = ORIENTED_EDGE ( 'NONE', *, *, #3425, .F. ) ;
#7402 = DIRECTION ( 'NONE',  ( 0.000000000000000000, 0.000000000000000000, 1.000000000000000000 ) ) ;
#7403 = CARTESIAN_POINT ( 'NONE',  ( 9.800000000000292033, 28.59999999999991971, -32.50000000000000000 ) ) ;
#7404 = ORIENTED_EDGE ( 'NONE', *, *, #2148, .T. ) ;
#7405 = EDGE_CURVE ( 'NONE', #6718, #1746, #7736, .T. ) ;
#7406 = DIRECTION ( 'NONE',  ( 0.000000000000000000, 0.000000000000000000, 1.000000000000000000 ) ) ;
#7407 = PLANE ( 'NONE',  #8137 ) ;
#7408 = ORIENTED_EDGE ( 'NONE', *, *, #6114, .F. ) ;
#7409 = ADVANCED_FACE ( 'NONE', ( #4118 ), #437, .F. ) ;
#7410 = AXIS2_PLACEMENT_3D ( 'NONE', #6171, #4052, #6124 ) ;
#7411 = DIRECTION ( 'NONE',  ( 6.982962677686266711E-15, -1.000000000000000000, -0.000000000000000000 ) ) ;
#7412 = LINE ( 'NONE', #1654, #9049 ) ;
#7413 = MECHANICAL_DESIGN_GEOMETRIC_PRESENTATION_REPRESENTATION (  '', ( #9098 ), #3232 ) ;
#7414 = VERTEX_POINT ( 'NONE', #5612 ) ;
#7415 = LINE ( 'NONE', #4649, #3383 ) ;
#7416 = ORIENTED_EDGE ( 'NONE', *, *, #4629, .F. ) ;
#7417 = LINE ( 'NONE', #5044, #3530 ) ;
#7418 = EDGE_LOOP ( 'NONE', ( #4911, #8576, #4698, #4921 ) ) ;
#7419 = PLANE ( 'NONE',  #2735 ) ;
#7420 = EDGE_LOOP ( 'NONE', ( #1139, #8602 ) ) ;
#7421 = CARTESIAN_POINT ( 'NONE',  ( 0.9999999999997105649, 44.50000000000001421, 32.50000000000000000 ) ) ;
#7422 = CARTESIAN_POINT ( 'NONE',  ( -30.00000000000002132, 35.99999999999979394, -1.000000000000001554 ) ) ;
#7423 = CARTESIAN_POINT ( 'NONE',  ( -2.500000000000179412, 25.99999999999998579, 32.50000000000000000 ) ) ;
#7424 = EDGE_CURVE ( 'NONE', #2651, #744, #4187, .T. ) ;
#7425 = AXIS2_PLACEMENT_3D ( 'NONE', #2026, #1436, #1242 ) ;
#7426 = DIRECTION ( 'NONE',  ( 0.000000000000000000, 1.000000000000000000, -0.000000000000000000 ) ) ;
#7427 = DIRECTION ( 'NONE',  ( -6.982962677686266711E-15, 1.000000000000000000, -0.000000000000000000 ) ) ;
#7428 = ORIENTED_EDGE ( 'NONE', *, *, #4818, .T. ) ;
#7429 = EDGE_CURVE ( 'NONE', #9093, #3692, #8507, .T. ) ;
#7430 = DIRECTION ( 'NONE',  ( 1.000000000000000000, 6.982962677686266711E-15, 0.000000000000000000 ) ) ;
#7431 = CIRCLE ( 'NONE', #471, 5.500000000000003553 ) ;
#7432 = CARTESIAN_POINT ( 'NONE',  ( -5.100000000000196820, 31.39463772249623830, -32.50000000000000000 ) ) ;
#7433 = CARTESIAN_POINT ( 'NONE',  ( 11.23012686263944815, 25.95152404528529644, -33.77505275895591552 ) ) ;
#7434 = ORIENTED_EDGE ( 'NONE', *, *, #6109, .F. ) ;
#7435 = CARTESIAN_POINT ( 'NONE',  ( -59.99999999999976552, -4.163336342344337027E-13, 9.999999999999984013 ) ) ;
#7436 = CARTESIAN_POINT ( 'NONE',  ( -11.27017349682976644, 25.99999999999992539, -32.50000000000000000 ) ) ;
#7437 = AXIS2_PLACEMENT_3D ( 'NONE', #9152, #5666, #7904 ) ;
#7438 = VECTOR ( 'NONE', #9087, 1000.000000000000000 ) ;
#7439 = ORIENTED_EDGE ( 'NONE', *, *, #8018, .F. ) ;
#7440 = DIRECTION ( 'NONE',  ( 0.000000000000000000, 0.000000000000000000, 1.000000000000000000 ) ) ;
#7441 = VERTEX_POINT ( 'NONE', #6384 ) ;
#7442 = EDGE_LOOP ( 'NONE', ( #5018, #7873, #8308, #9542 ) ) ;
#7443 = EDGE_CURVE ( 'NONE', #2710, #3207, #5565, .T. ) ;
#7444 = VECTOR ( 'NONE', #526, 1000.000000000000000 ) ;
#7445 = EDGE_CURVE ( 'NONE', #6214, #4243, #6430, .T. ) ;
#7446 = CYLINDRICAL_SURFACE ( 'NONE', #6973, 5.750000000000003553 ) ;
#7447 = CARTESIAN_POINT ( 'NONE',  ( 3.599999999999718092, 43.00000000000002842, -32.50000000000000000 ) ) ;
#7448 = CYLINDRICAL_SURFACE ( 'NONE', #4936, 1.000000000000000222 ) ;
#7449 = SURFACE_SIDE_STYLE ('',( #2773 ) ) ;
#7450 = VERTEX_POINT ( 'NONE', #7403 ) ;
#7451 = LINE ( 'NONE', #49, #8772 ) ;
#7452 = PLANE ( 'NONE',  #5411 ) ;
#7453 = ORIENTED_EDGE ( 'NONE', *, *, #8541, .T. ) ;
#7454 = CARTESIAN_POINT ( 'NONE',  ( -25.99999999999998224, -1.000000000000000000, 18.99999999999991118 ) ) ;
#7455 = CARTESIAN_POINT ( 'NONE',  ( 0.000000000000000000, -31.00000000000000000, 0.000000000000000000 ) ) ;
#7456 = ORIENTED_EDGE ( 'NONE', *, *, #1874, .T. ) ;
#7457 = CARTESIAN_POINT ( 'NONE',  ( -69.99999999999977263, -4.857225732735060874E-13, -1.750000000000013989 ) ) ;
#7458 = CARTESIAN_POINT ( 'NONE',  ( 60.00000000000000000, 4.000000000000000000, -8.249999999999978684 ) ) ;
#7459 = ORIENTED_EDGE ( 'NONE', *, *, #8357, .T. ) ;
#7460 = EDGE_CURVE ( 'NONE', #6387, #519, #2815, .T. ) ;
#7461 = DIRECTION ( 'NONE',  ( -0.000000000000000000, 1.000000000000000000, -0.000000000000000000 ) ) ;
#7462 = DIRECTION ( 'NONE',  ( -1.000000000000000000, 0.000000000000000000, 0.000000000000000000 ) ) ;
#7463 = ORIENTED_EDGE ( 'NONE', *, *, #2931, .F. ) ;
#7464 = DIRECTION ( 'NONE',  ( -0.000000000000000000, -1.000000000000000000, -0.000000000000000000 ) ) ;
#7465 = ORIENTED_EDGE ( 'NONE', *, *, #5620, .T. ) ;
#7466 = CARTESIAN_POINT ( 'NONE',  ( 30.00000000000000000, -33.00000000000000000, 0.000000000000000000 ) ) ;
#7467 = DIRECTION ( 'NONE',  ( 6.982962677686266711E-15, -1.000000000000000000, 0.000000000000000000 ) ) ;
#7468 = LINE ( 'NONE', #8194, #4570 ) ;
#7469 = DIRECTION ( 'NONE',  ( 0.000000000000000000, 0.000000000000000000, -1.000000000000000000 ) ) ;
#7470 = LINE ( 'NONE', #1670, #8202 ) ;
#7471 = VERTEX_POINT ( 'NONE', #636 ) ;
#7472 = CARTESIAN_POINT ( 'NONE',  ( -59.99999999999976552, -4.163336342344337027E-13, -10.00000000000001243 ) ) ;
#7473 = EDGE_CURVE ( 'NONE', #8132, #5606, #9120, .T. ) ;
#7474 = DIRECTION ( 'NONE',  ( 0.000000000000000000, 0.000000000000000000, 1.000000000000000000 ) ) ;
#7475 = CARTESIAN_POINT ( 'NONE',  ( -6.502183067439431419, -4.163336342344337027E-14, -19.00000000000001421 ) ) ;
#7476 = EDGE_LOOP ( 'NONE', ( #2555, #1031 ) ) ;
#7477 = CARTESIAN_POINT ( 'NONE',  ( -69.89949493661151791, 2.999999999999513278, 9.899494936611587192 ) ) ;
#7478 = CARTESIAN_POINT ( 'NONE',  ( 0.000000000000000000, 6.899999999999999467, 0.000000000000000000 ) ) ;
#7479 = VERTEX_POINT ( 'NONE', #2856 ) ;
#7480 = CARTESIAN_POINT ( 'NONE',  ( -58.99999999999976552, -4.093947403305264743E-13, 9.999999999999984013 ) ) ;
#7481 = EDGE_LOOP ( 'NONE', ( #7439, #6672, #2403, #8337 ) ) ;
#7482 = FILL_AREA_STYLE ('',( #3171 ) ) ;
#7483 = EDGE_CURVE ( 'NONE', #6371, #9088, #4642, .T. ) ;
#7484 = ADVANCED_FACE ( 'NONE', ( #6620 ), #8754, .F. ) ;
#7485 = VERTEX_POINT ( 'NONE', #2952 ) ;
#7486 = PLANE ( 'NONE',  #1898 ) ;
#7487 = CARTESIAN_POINT ( 'NONE',  ( 4.946304452941681973, 31.22254908485186675, 33.76641306531131193 ) ) ;
#7488 = CARTESIAN_POINT ( 'NONE',  ( -60.00000000000000000, 4.000000000000000000, 10.00000000000000000 ) ) ;
#7489 = VECTOR ( 'NONE', #8324, 1000.000000000000000 ) ;
#7490 = ORIENTED_EDGE ( 'NONE', *, *, #3267, .F. ) ;
#7491 = DIRECTION ( 'NONE',  ( -0.000000000000000000, -0.000000000000000000, 1.000000000000000000 ) ) ;
#7492 = EDGE_CURVE ( 'NONE', #3207, #2383, #5709, .T. ) ;
#7493 = DIRECTION ( 'NONE',  ( 1.376764663473655970E-16, 1.000000000000000000, 2.388305982623057671E-31 ) ) ;
#7494 = ORIENTED_EDGE ( 'NONE', *, *, #3109, .F. ) ;
#7495 = DIRECTION ( 'NONE',  ( 0.000000000000000000, 0.000000000000000000, 1.000000000000000000 ) ) ;
#7496 = CARTESIAN_POINT ( 'NONE',  ( 5.099999999999708322, 44.50000000000004263, 32.50000000000000000 ) ) ;
#7497 = AXIS2_PLACEMENT_3D ( 'NONE', #3687, #1510, #4315 ) ;
#7498 = DIRECTION ( 'NONE',  ( -6.982962677686266711E-15, 1.000000000000000000, 0.000000000000000000 ) ) ;
#7499 = DIRECTION ( 'NONE',  ( 0.000000000000000000, 1.000000000000000000, -0.000000000000000000 ) ) ;
#7500 = ORIENTED_EDGE ( 'NONE', *, *, #9553, .F. ) ;
#7501 = DIRECTION ( 'NONE',  ( -1.000000000000000000, 0.000000000000000000, 0.000000000000000000 ) ) ;
#7502 = EDGE_CURVE ( 'NONE', #2460, #8914, #2183, .T. ) ;
#7503 = CARTESIAN_POINT ( 'NONE',  ( 22.99999999999999289, 3.000000000000000000, 18.99999999999999645 ) ) ;
#7504 = EDGE_LOOP ( 'NONE', ( #5238, #4065, #2144, #270 ) ) ;
#7505 = CARTESIAN_POINT ( 'NONE',  ( 2.499999999999830802, 24.50000000000001776, 32.50000000000000000 ) ) ;
#7506 = CIRCLE ( 'NONE', #397, 1.750000000000003331 ) ;
#7507 = EDGE_CURVE ( 'NONE', #8773, #7848, #7894, .T. ) ;
#7508 = EDGE_LOOP ( 'NONE', ( #3112, #472, #4955, #713 ) ) ;
#7509 = EDGE_CURVE ( 'NONE', #4470, #218, #2140, .T. ) ;
#7510 = LINE ( 'NONE', #3643, #7642 ) ;
#7511 = CYLINDRICAL_SURFACE ( 'NONE', #9260, 5.749999999999963585 ) ;
#7512 = AXIS2_PLACEMENT_3D ( 'NONE', #5066, #9560, #8837 ) ;
#7513 = DIRECTION ( 'NONE',  ( -6.987186840583977580E-15, 1.000000000000000000, -7.888609052210118054E-31 ) ) ;
#7514 = CARTESIAN_POINT ( 'NONE',  ( 6.999999999999993783, 3.500000000000001332, 50.40000000000001279 ) ) ;
#7515 = ORIENTED_EDGE ( 'NONE', *, *, #1928, .F. ) ;
#7516 = DIRECTION ( 'NONE',  ( 1.000000000000000000, 6.987186840583977580E-15, 0.000000000000000000 ) ) ;
#7517 = DIRECTION ( 'NONE',  ( -1.000000000000000000, -6.982962677686266711E-15, 0.000000000000000000 ) ) ;
#7518 = EDGE_CURVE ( 'NONE', #839, #1293, #6039, .T. ) ;
#7519 = VECTOR ( 'NONE', #2844, 1000.000000000000000 ) ;
#7520 = CARTESIAN_POINT ( 'NONE',  ( -11.27017349682976644, 25.99999999999992184, -33.32048117062765868 ) ) ;
#7521 = DIRECTION ( 'NONE',  ( 0.000000000000000000, 0.000000000000000000, 1.000000000000000000 ) ) ;
#7522 = EDGE_LOOP ( 'NONE', ( #3617, #438, #4245, #9468 ) ) ;
#7523 = CARTESIAN_POINT ( 'NONE',  ( -1.816668578551834344E-13, 26.00000000000000355, -31.00000000000000000 ) ) ;
#7524 = DIRECTION ( 'NONE',  ( -1.000000000000000000, -6.982962677686266711E-15, 0.000000000000000000 ) ) ;
#7525 = VECTOR ( 'NONE', #4166, 1000.000000000000000 ) ;
#7526 = ORIENTED_EDGE ( 'NONE', *, *, #5701, .T. ) ;
#7527 = VERTEX_POINT ( 'NONE', #9531 ) ;
#7528 = AXIS2_PLACEMENT_3D ( 'NONE', #8339, #5307, #4715 ) ;
#7529 = LINE ( 'NONE', #4444, #9104 ) ;
#7530 = VECTOR ( 'NONE', #8231, 1000.000000000000000 ) ;
#7531 = EDGE_CURVE ( 'NONE', #6110, #9191, #3569, .T. ) ;
#7532 = VECTOR ( 'NONE', #5785, 1000.000000000000000 ) ;
#7533 = AXIS2_PLACEMENT_3D ( 'NONE', #3460, #8582, #1968 ) ;
#7534 = CIRCLE ( 'NONE', #9240, 1.700000000000000178 ) ;
#7535 = AXIS2_PLACEMENT_3D ( 'NONE', #24, #756, #3702 ) ;
#7536 = DIRECTION ( 'NONE',  ( -6.982962677686266711E-15, 1.000000000000000000, -0.000000000000000000 ) ) ;
#7537 = ADVANCED_FACE ( 'NONE', ( #5854 ), #7208, .F. ) ;
#7538 = EDGE_CURVE ( 'NONE', #2496, #8938, #3538, .T. ) ;
#7539 =( NAMED_UNIT ( * ) SI_UNIT ( $, .STERADIAN. ) SOLID_ANGLE_UNIT ( ) );
#7540 = ORIENTED_EDGE ( 'NONE', *, *, #1964, .T. ) ;
#7541 = CARTESIAN_POINT ( 'NONE',  ( -7.599999999999968558, 27.49999999999995026, 9.307315673519674439E-16 ) ) ;
#7542 = SURFACE_SIDE_STYLE ('',( #4590 ) ) ;
#7543 = ORIENTED_EDGE ( 'NONE', *, *, #4730, .T. ) ;
#7544 = DIRECTION ( 'NONE',  ( -0.000000000000000000, -1.000000000000000000, -0.000000000000000000 ) ) ;
#7545 = CARTESIAN_POINT ( 'NONE',  ( 1.271277731344337126E-13, 3.000000000000002665, -9.600000000000001421 ) ) ;
#7546 = CARTESIAN_POINT ( 'NONE',  ( 22.99999999999999289, 3.000000000000000000, 18.99999999999999645 ) ) ;
#7547 = DIRECTION ( 'NONE',  ( 1.000000000000000000, 0.000000000000000000, 0.000000000000000000 ) ) ;
#7548 = AXIS2_PLACEMENT_3D ( 'NONE', #3832, #9006, #2380 ) ;
#7549 = ORIENTED_EDGE ( 'NONE', *, *, #225, .F. ) ;
#7550 = CARTESIAN_POINT ( 'NONE',  ( -12.99999999999996270, 27.04163056034252932, 42.50000000000000000 ) ) ;
#7551 = CARTESIAN_POINT ( 'NONE',  ( 4.799936326822310032E-14, 26.00000000000000355, 0.000000000000000000 ) ) ;
#7552 = VERTEX_POINT ( 'NONE', #5033 ) ;
#7553 = CARTESIAN_POINT ( 'NONE',  ( -1.711924138386540470E-13, 24.50000000000000000, -1.299999999999997824 ) ) ;
#7554 = ORIENTED_EDGE ( 'NONE', *, *, #5771, .F. ) ;
#7555 = STYLED_ITEM ( 'NONE', ( #9128 ), #1449 ) ;
#7556 = EDGE_CURVE ( 'NONE', #7628, #2218, #2047, .T. ) ;
#7557 = DIRECTION ( 'NONE',  ( -0.000000000000000000, -1.000000000000000000, 0.000000000000000000 ) ) ;
#7558 = CARTESIAN_POINT ( 'NONE',  ( -2.793185071074507189E-13, 43.00000000000000000, -32.50000000000000000 ) ) ;
#7559 = EDGE_CURVE ( 'NONE', #2246, #4334, #8043, .T. ) ;
#7560 = DIRECTION ( 'NONE',  ( 6.982962677686266711E-15, -1.000000000000000000, 0.000000000000000000 ) ) ;
#7561 = DIRECTION ( 'NONE',  ( -6.982962677686266711E-15, 1.000000000000000000, -0.000000000000000000 ) ) ;
#7562 = CIRCLE ( 'NONE', #7261, 1.000000000000001554 ) ;
#7563 = VERTEX_POINT ( 'NONE', #7308 ) ;
#7564 = CARTESIAN_POINT ( 'NONE',  ( -6.502183067439429642, -4.163336342344337027E-14, -14.00000000000000888 ) ) ;
#7565 = CARTESIAN_POINT ( 'NONE',  ( -58.45845530899381259, -4.059252933785728601E-13, 5.458336687846990110 ) ) ;
#7566 = DIRECTION ( 'NONE',  ( -0.8923787451257841896, -6.231447471573857554E-15, 0.4512872425049601621 ) ) ;
#7567 = CARTESIAN_POINT ( 'NONE',  ( 8.100000000000292744, 28.59999999999991971, -31.00000000000000000 ) ) ;
#7568 = AXIS2_PLACEMENT_3D ( 'NONE', #7472, #947, #400 ) ;
#7569 = ORIENTED_EDGE ( 'NONE', *, *, #5296, .F. ) ;
#7570 = CARTESIAN_POINT ( 'NONE',  ( 69.99999999999998579, 3.000000000000000000, -1.713039432527097006E-14 ) ) ;
#7571 = PLANE ( 'NONE',  #7993 ) ;
#7572 = EDGE_CURVE ( 'NONE', #3188, #4988, #7431, .T. ) ;
#7573 = ORIENTED_EDGE ( 'NONE', *, *, #866, .F. ) ;
#7574 = EDGE_LOOP ( 'NONE', ( #2320, #3694, #5315, #205 ) ) ;
#7575 = AXIS2_PLACEMENT_3D ( 'NONE', #7841, #1214, #7117 ) ;
#7576 = DIRECTION ( 'NONE',  ( 0.000000000000000000, 0.000000000000000000, 1.000000000000000000 ) ) ;
#7577 = AXIS2_PLACEMENT_3D ( 'NONE', #6539, #2824, #2240 ) ;
#7578 = VECTOR ( 'NONE', #1059, 1000.000000000000000 ) ;
#7579 = DIRECTION ( 'NONE',  ( 6.987186840583977580E-15, -1.000000000000000000, -7.888609052210118054E-31 ) ) ;
#7580 = AXIS2_PLACEMENT_3D ( 'NONE', #4672, #7614, #5486 ) ;
#7581 = SURFACE_STYLE_FILL_AREA ( #967 ) ;
#7582 = ORIENTED_EDGE ( 'NONE', *, *, #6224, .T. ) ;
#7583 = FACE_OUTER_BOUND ( 'NONE', #7263, .T. ) ;
#7584 = ORIENTED_EDGE ( 'NONE', *, *, #4234, .F. ) ;
#7585 =( LENGTH_UNIT ( ) NAMED_UNIT ( * ) SI_UNIT ( .MILLI., .METRE. ) );
#7586 = EDGE_LOOP ( 'NONE', ( #5536, #5987, #4867, #8910, #8654 ) ) ;
#7588 = AXIS2_PLACEMENT_3D ( 'NONE', #7931, #7111, #9285 ) ;
#7587 = FACE_OUTER_BOUND ( 'NONE', #5045, .T. ) ;
#7589 = AXIS2_PLACEMENT_3D ( 'NONE', #1601, #4451, #4670 ) ;
#7590 = EDGE_CURVE ( 'NONE', #2990, #2517, #4405, .T. ) ;
#7591 = LINE ( 'NONE', #149, #6598 ) ;
#7592 = LINE ( 'NONE', #7546, #176 ) ;
#7593 = CARTESIAN_POINT ( 'NONE',  ( -59.99999999999978684, 2.999999999999583000, -10.00000000000001243 ) ) ;
#7594 = VERTEX_POINT ( 'NONE', #5177 ) ;
#7595 = VECTOR ( 'NONE', #2023, 1000.000000000000000 ) ;
#7596 = ADVANCED_FACE ( 'NONE', ( #8126, #921 ), #7452, .F. ) ;
#7597 = CARTESIAN_POINT ( 'NONE',  ( -2.793185071074507189E-13, 43.00000000000000000, -32.50000000000000000 ) ) ;
#7598 = DIRECTION ( 'NONE',  ( 0.000000000000000000, 1.000000000000000000, 0.000000000000000000 ) ) ;
#7599 = ORIENTED_EDGE ( 'NONE', *, *, #7958, .T. ) ;
#7600 = CARTESIAN_POINT ( 'NONE',  ( 60.00000000000000000, 4.000000000000000000, -1.387778780781445676E-14 ) ) ;
#7601 = ORIENTED_EDGE ( 'NONE', *, *, #8299, .F. ) ;
#7602 = DIRECTION ( 'NONE',  ( 0.000000000000000000, 0.000000000000000000, -1.000000000000000000 ) ) ;
#7603 = CARTESIAN_POINT ( 'NONE',  ( -60.00000000000000000, 26.00000000000000355, 0.000000000000000000 ) ) ;
#7604 = CARTESIAN_POINT ( 'NONE',  ( -14.99999999999979039, 2.999999999999898748, 39.00000000000001421 ) ) ;
#7605 = CARTESIAN_POINT ( 'NONE',  ( -5.100000000000196820, 31.39463772249623830, 32.50000000000000000 ) ) ;
#7606 = ORIENTED_EDGE ( 'NONE', *, *, #1456, .T. ) ;
#7607 = DIRECTION ( 'NONE',  ( -6.982962677686266711E-15, 1.000000000000000000, 0.000000000000000000 ) ) ;
#7608 = ADVANCED_FACE ( 'NONE', ( #8175 ), #2458, .F. ) ;
#7609 = DIRECTION ( 'NONE',  ( 0.000000000000000000, -0.000000000000000000, 1.000000000000000000 ) ) ;
#7610 = CARTESIAN_POINT ( 'NONE',  ( -69.99999999999975842, -4.857225732735059864E-13, -1.713039432527097006E-14 ) ) ;
#7611 = DIRECTION ( 'NONE',  ( -6.982962677686266711E-15, 1.000000000000000000, -0.000000000000000000 ) ) ;
#7612 = ORIENTED_EDGE ( 'NONE', *, *, #6804, .F. ) ;
#7613 = DIRECTION ( 'NONE',  ( 6.982962677686266711E-15, -1.000000000000000000, 0.000000000000000000 ) ) ;
#7614 = DIRECTION ( 'NONE',  ( 0.000000000000000000, 0.000000000000000000, 1.000000000000000000 ) ) ;
#7615 = CARTESIAN_POINT ( 'NONE',  ( 60.00000000000020606, 3.000000000000422329, -11.75000000000000355 ) ) ;
#7616 = ORIENTED_EDGE ( 'NONE', *, *, #3985, .T. ) ;
#7617 = VERTEX_POINT ( 'NONE', #9083 ) ;
#7618 = DIRECTION ( 'NONE',  ( 1.000000000000000000, 6.982962677686266711E-15, 0.000000000000000000 ) ) ;
#7619 = EDGE_CURVE ( 'NONE', #4942, #2580, #6647, .T. ) ;
#7620 = ORIENTED_EDGE ( 'NONE', *, *, #3720, .F. ) ;
#7621 = EDGE_CURVE ( 'NONE', #8943, #5910, #827, .T. ) ;
#7622 = DIRECTION ( 'NONE',  ( 6.982962677686266711E-15, -1.000000000000000000, 0.000000000000000000 ) ) ;
#7623 = CARTESIAN_POINT ( 'NONE',  ( -69.99999999999998579, 4.000000000000000000, 0.000000000000000000 ) ) ;
#7624 = ORIENTED_EDGE ( 'NONE', *, *, #8377, .T. ) ;
#7625 = CARTESIAN_POINT ( 'NONE',  ( -8.100000000000289191, 28.59999999999991616, -31.00000000000000000 ) ) ;
#7626 = ORIENTED_EDGE ( 'NONE', *, *, #1920, .T. ) ;
#7627 = CARTESIAN_POINT ( 'NONE',  ( 60.00000000000000000, 25.00000000000000000, -1.387778780781445676E-14 ) ) ;
#7628 = VERTEX_POINT ( 'NONE', #1606 ) ;
#7629 = B_SPLINE_CURVE_WITH_KNOTS ( 'NONE', 3,
 ( #3613, #8209, #7243, #4490 ),
 .UNSPECIFIED., .F., .F.,
 ( 4, 4 ),
 ( 0.000000000000000000, 0.0002128395633472743873 ),
 .UNSPECIFIED. ) ;
#7630 = ORIENTED_EDGE ( 'NONE', *, *, #1866, .F. ) ;
#7631 = EDGE_CURVE ( 'NONE', #5669, #621, #8899, .T. ) ;
#7632 = DIRECTION ( 'NONE',  ( 6.982962677686266711E-15, -1.000000000000000000, 0.000000000000000000 ) ) ;
#7633 = FACE_OUTER_BOUND ( 'NONE', #7123, .T. ) ;
#7634 = CARTESIAN_POINT ( 'NONE',  ( -24.99999999999976552, -1.734723475976807094E-13, 39.00000000000001421 ) ) ;
#7635 = ORIENTED_EDGE ( 'NONE', *, *, #9136, .F. ) ;
#7636 = CIRCLE ( 'NONE', #4706, 8.500000000000000000 ) ;
#7637 = DIRECTION ( 'NONE',  ( -1.000000000000000000, 0.000000000000000000, 0.000000000000000000 ) ) ;
#7638 = DIRECTION ( 'NONE',  ( 6.987186840583977580E-15, -1.000000000000000000, 7.888609052210118054E-31 ) ) ;
#7639 = ORIENTED_EDGE ( 'NONE', *, *, #9244, .F. ) ;
#7640 = AXIS2_PLACEMENT_3D ( 'NONE', #7171, #9345, #2721 ) ;
#7641 = DIRECTION ( 'NONE',  ( -1.000000000000000000, 0.000000000000000000, 0.000000000000000000 ) ) ;
#7642 = VECTOR ( 'NONE', #5962, 1000.000000000000000 ) ;
#7643 = ADVANCED_FACE ( 'NONE', ( #6717 ), #6861, .T. ) ;
#7644 = EDGE_LOOP ( 'NONE', ( #567, #4168, #6841, #6945 ) ) ;
#7645 = ORIENTED_EDGE ( 'NONE', *, *, #6022, .F. ) ;
#7646 = CARTESIAN_POINT ( 'NONE',  ( 2.499999999999830358, 24.48999999999986343, -32.50000000000000000 ) ) ;
#7647 = CARTESIAN_POINT ( 'NONE',  ( -29.99999999999979039, 2.999999999999794387, 0.000000000000000000 ) ) ;
#7648 = CARTESIAN_POINT ( 'NONE',  ( 59.00000000000028422, -7.999999999999583444, -5.000000000000000000 ) ) ;
#7649 = CARTESIAN_POINT ( 'NONE',  ( 60.00000000000020606, 3.000000000000422329, -15.75000000000000355 ) ) ;
#7650 = EDGE_CURVE ( 'NONE', #9360, #7485, #3723, .T. ) ;
#7651 = ADVANCED_FACE ( 'NONE', ( #5274 ), #2279, .F. ) ;
#7652 = DIRECTION ( 'NONE',  ( 1.000000000000000000, 0.000000000000000000, 0.000000000000000000 ) ) ;
#7653 = VERTEX_POINT ( 'NONE', #6043 ) ;
#7654 = DIRECTION ( 'NONE',  ( -6.982962677686266711E-15, 1.000000000000000000, 0.000000000000000000 ) ) ;
#7655 = FACE_OUTER_BOUND ( 'NONE', #1116, .T. ) ;
#7656 = AXIS2_PLACEMENT_3D ( 'NONE', #5343, #8980, #1679 ) ;
#7657 = ORIENTED_EDGE ( 'NONE', *, *, #4638, .T. ) ;
#7658 = CARTESIAN_POINT ( 'NONE',  ( -2.793185071074507189E-13, 43.00000000000000000, 32.50000000000000000 ) ) ;
#7659 = CARTESIAN_POINT ( 'NONE',  ( -58.99999999999971578, -8.000000000000410338, 4.387482193696047972 ) ) ;
#7660 = ORIENTED_EDGE ( 'NONE', *, *, #2451, .T. ) ;
#7661 = AXIS2_PLACEMENT_3D ( 'NONE', #3102, #930, #3875 ) ;
#7662 = CARTESIAN_POINT ( 'NONE',  ( -25.20000000000012363, 9.900000000000000355, 102.6999999999999886 ) ) ;
#7663 = DIRECTION ( 'NONE',  ( 0.000000000000000000, 0.000000000000000000, 1.000000000000000000 ) ) ;
#7664 = DIRECTION ( 'NONE',  ( -0.000000000000000000, -0.000000000000000000, -1.000000000000000000 ) ) ;
#7665 = CIRCLE ( 'NONE', #5198, 1.749999999999996891 ) ;
#7666 = ORIENTED_EDGE ( 'NONE', *, *, #6284, .T. ) ;
#7667 = VERTEX_POINT ( 'NONE', #8228 ) ;
#7668 = CARTESIAN_POINT ( 'NONE',  ( -11.27017349682976644, 25.99999999999992539, -31.00000000000000000 ) ) ;
#7669 = CIRCLE ( 'NONE', #4892, 5.749999999999963585 ) ;
#7670 = VERTEX_POINT ( 'NONE', #5361 ) ;
#7671 = ADVANCED_FACE ( 'NONE', ( #190 ), #6130, .T. ) ;
#7672 = EDGE_CURVE ( 'NONE', #6110, #6955, #3820, .T. ) ;
#7673 = PLANE ( 'NONE',  #1579 ) ;
#7674 = AXIS2_PLACEMENT_3D ( 'NONE', #3097, #4592, #2375 ) ;
#7675 = DIRECTION ( 'NONE',  ( -0.000000000000000000, -1.000000000000000000, -0.000000000000000000 ) ) ;
#7676 = ORIENTED_EDGE ( 'NONE', *, *, #1076, .F. ) ;
#7677 = CARTESIAN_POINT ( 'NONE',  ( 13.00000000000003553, 27.04163056034271051, 34.00000000000000000 ) ) ;
#7678 = EDGE_LOOP ( 'NONE', ( #4760, #3497, #348, #9259 ) ) ;
#7679 = CIRCLE ( 'NONE', #4445, 9.799999999999998934 ) ;
#7680 = CARTESIAN_POINT ( 'NONE',  ( 61.00000000000020606, 3.000000000000429434, 4.054187035541940709 ) ) ;
#7681 = EDGE_CURVE ( 'NONE', #5529, #2199, #4639, .T. ) ;
#7682 = CIRCLE ( 'NONE', #9076, 1.699999999999999289 ) ;
#7683 = VERTEX_POINT ( 'NONE', #2372 ) ;
#7684 = VECTOR ( 'NONE', #9024, 1000.000000000000000 ) ;
#7685 = CARTESIAN_POINT ( 'NONE',  ( -60.00000000000000000, 4.000000000000000000, 0.000000000000000000 ) ) ;
#7686 = VECTOR ( 'NONE', #5342, 1000.000000000000000 ) ;
#7687 = CARTESIAN_POINT ( 'NONE',  ( -64.81245028383409590, 4.000000000000000000, -13.14687500000000320 ) ) ;
#7688 = DIRECTION ( 'NONE',  ( 0.000000000000000000, 0.000000000000000000, -1.000000000000000000 ) ) ;
#7689 = MECHANICAL_DESIGN_GEOMETRIC_PRESENTATION_REPRESENTATION (  '', ( #2136 ), #9229 ) ;
#7690 = ORIENTED_EDGE ( 'NONE', *, *, #6467, .F. ) ;
#7691 = VECTOR ( 'NONE', #8140, 1000.000000000000000 ) ;
#7692 = FACE_BOUND ( 'NONE', #6398, .T. ) ;
#7693 = EDGE_CURVE ( 'NONE', #1602, #2939, #8664, .T. ) ;
#7694 = DIRECTION ( 'NONE',  ( 1.000000000000000000, 6.982962677686266711E-15, -0.000000000000000000 ) ) ;
#7695 = VERTEX_POINT ( 'NONE', #5317 ) ;
#7696 = MANIFOLD_SOLID_BREP ( 'Cortar-Extruir18[2]', #5153 ) ;
#7697 = DIRECTION ( 'NONE',  ( -1.000000000000000000, -6.987186840583977580E-15, -0.000000000000000000 ) ) ;
#7698 = EDGE_CURVE ( 'NONE', #4344, #2496, #950, .T. ) ;
#7699 = AXIS2_PLACEMENT_3D ( 'NONE', #6830, #5237, #1616 ) ;
#7700 = EDGE_LOOP ( 'NONE', ( #6264, #9160 ) ) ;
#7701 = VERTEX_POINT ( 'NONE', #7680 ) ;
#7702 = DIRECTION ( 'NONE',  ( 6.982962677686266711E-15, -1.000000000000000000, -0.000000000000000000 ) ) ;
#7703 = DIRECTION ( 'NONE',  ( -6.982962677686266711E-15, 1.000000000000000000, 0.000000000000000000 ) ) ;
#7704 = CARTESIAN_POINT ( 'NONE',  ( 9.800000000000292033, 28.59999999999991971, -32.50000000000000000 ) ) ;
#7705 = LINE ( 'NONE', #8626, #169 ) ;
#7706 = DIRECTION ( 'NONE',  ( 0.000000000000000000, 0.000000000000000000, 1.000000000000000000 ) ) ;
#7707 = ORIENTED_EDGE ( 'NONE', *, *, #3100, .T. ) ;
#7708 = DIRECTION ( 'NONE',  ( 1.000000000000000000, 0.000000000000000000, 0.000000000000000000 ) ) ;
#7709 = DIRECTION ( 'NONE',  ( 0.000000000000000000, 0.000000000000000000, -1.000000000000000000 ) ) ;
#7710 = AXIS2_PLACEMENT_3D ( 'NONE', #1886, #917, #4780 ) ;
#7711 = ORIENTED_EDGE ( 'NONE', *, *, #3249, .T. ) ;
#7712 = ADVANCED_FACE ( 'NONE', ( #3954 ), #8603, .F. ) ;
#7713 = CIRCLE ( 'NONE', #3549, 4.100000000000002309 ) ;
#7714 = DIRECTION ( 'NONE',  ( 0.000000000000000000, 0.000000000000000000, 1.000000000000000000 ) ) ;
#7715 = CARTESIAN_POINT ( 'NONE',  ( 12.20000000000029416, 28.59999999999991971, -31.00000000000000000 ) ) ;
#7716 = ORIENTED_EDGE ( 'NONE', *, *, #283, .F. ) ;
#7717 = DIRECTION ( 'NONE',  ( -1.000000000000000000, 0.000000000000000000, 0.000000000000000000 ) ) ;
#7718 = AXIS2_PLACEMENT_3D ( 'NONE', #2133, #6615, #4500 ) ;
#7719 = DIRECTION ( 'NONE',  ( -0.000000000000000000, 1.000000000000000000, -0.000000000000000000 ) ) ;
#7720 = DIRECTION ( 'NONE',  ( 0.000000000000000000, 0.000000000000000000, -1.000000000000000000 ) ) ;
#7721 = EDGE_CURVE ( 'NONE', #1493, #7441, #8053, .T. ) ;
#7722 = EDGE_LOOP ( 'NONE', ( #5184, #7434, #5617, #8940 ) ) ;
#7723 = ORIENTED_EDGE ( 'NONE', *, *, #4975, .F. ) ;
#7724 = CARTESIAN_POINT ( 'NONE',  ( -60.00000000000000000, -31.00000000000000000, -60.00000000000000000 ) ) ;
#7725 = CARTESIAN_POINT ( 'NONE',  ( -60.00000000000000000, 25.00000000000000000, -5.500000000000003553 ) ) ;
#7726 = VERTEX_POINT ( 'NONE', #1937 ) ;
#7727 = CARTESIAN_POINT ( 'NONE',  ( -60.00000000000000000, 3.000000000000000000, 8.249999999999895195 ) ) ;
#7728 = LINE ( 'NONE', #3864, #1847 ) ;
#7729 = VECTOR ( 'NONE', #5490, 1000.000000000000000 ) ;
#7730 = ORIENTED_EDGE ( 'NONE', *, *, #9099, .T. ) ;
#7731 = LINE ( 'NONE', #4727, #4748 ) ;
#7732 = ORIENTED_EDGE ( 'NONE', *, *, #2080, .T. ) ;
#7733 = CARTESIAN_POINT ( 'NONE',  ( 12.00000000000015277, 11.00000000000008527, -1.500000000000000888 ) ) ;
#7734 = ADVANCED_FACE ( 'NONE', ( #1010, #2703 ), #4931, .F. ) ;
#7735 = ORIENTED_EDGE ( 'NONE', *, *, #620, .T. ) ;
#7736 = CIRCLE ( 'NONE', #5109, 4.100000000000002309 ) ;
#7737 = FACE_OUTER_BOUND ( 'NONE', #7586, .T. ) ;
#7738 = CARTESIAN_POINT ( 'NONE',  ( 0.9999999999997105649, 44.50000000000001421, -32.50000000000000000 ) ) ;
#7739 = LINE ( 'NONE', #7788, #2653 ) ;
#7740 = ORIENTED_EDGE ( 'NONE', *, *, #8717, .T. ) ;
#7741 = CARTESIAN_POINT ( 'NONE',  ( 4.874423042781412363, 26.06906078835168472, 34.00000000000000000 ) ) ;
#7742 = CIRCLE ( 'NONE', #3731, 1.000000000000001554 ) ;
#7743 = AXIS2_PLACEMENT_3D ( 'NONE', #4498, #5170, #7398 ) ;
#7744 = DIRECTION ( 'NONE',  ( -1.000000000000000000, -6.938893903907226800E-15, 0.000000000000000000 ) ) ;
#7745 = AXIS2_PLACEMENT_3D ( 'NONE', #775, #2452, #5401 ) ;
#7746 = VERTEX_POINT ( 'NONE', #3231 ) ;
#7747 = CARTESIAN_POINT ( 'NONE',  ( -5.002659884575233917, 31.28697279398990361, 31.47633459944067980 ) ) ;
#7748 = VERTEX_POINT ( 'NONE', #9132 ) ;
#7749 = ORIENTED_EDGE ( 'NONE', *, *, #5882, .T. ) ;
#7750 = EDGE_CURVE ( 'NONE', #9129, #7146, #377, .T. ) ;
#7751 = CIRCLE ( 'NONE', #805, 1.750000000000032863 ) ;
#7752 = SURFACE_STYLE_FILL_AREA ( #2770 ) ;
#7753 = CYLINDRICAL_SURFACE ( 'NONE', #3999, 1.000000000000000222 ) ;
#7754 = VECTOR ( 'NONE', #5775, 1000.000000000000000 ) ;
#7755 = ADVANCED_FACE ( 'NONE', ( #4878 ), #5453, .T. ) ;
#7756 = CARTESIAN_POINT ( 'NONE',  ( 6.502183067439875508, 3.000000000000047962, 18.99999999999999645 ) ) ;
#7757 = DIRECTION ( 'NONE',  ( -1.000000000000000000, -0.000000000000000000, -0.000000000000000000 ) ) ;
#7758 = LINE ( 'NONE', #1131, #6458 ) ;
#7759 = VERTEX_POINT ( 'NONE', #3327 ) ;
#7760 = LINE ( 'NONE', #4080, #2749 ) ;
#7761 = VECTOR ( 'NONE', #7186, 1000.000000000000000 ) ;
#7762 = DIRECTION ( 'NONE',  ( -1.000000000000000000, -6.987186840583978369E-15, 0.000000000000000000 ) ) ;
#7763 = ORIENTED_EDGE ( 'NONE', *, *, #4006, .T. ) ;
#7764 = LINE ( 'NONE', #405, #2297 ) ;
#7765 = DIRECTION ( 'NONE',  ( -6.982962677686266711E-15, 1.000000000000000000, -0.000000000000000000 ) ) ;
#7766 = VERTEX_POINT ( 'NONE', #9230 ) ;
#7767 = DIRECTION ( 'NONE',  ( -6.982962677686266711E-15, 1.000000000000000000, -0.000000000000000000 ) ) ;
#7768 = AXIS2_PLACEMENT_3D ( 'NONE', #2022, #6309, #9312 ) ;
#7769 = CARTESIAN_POINT ( 'NONE',  ( -2.500000000000168754, 24.48999999999982791, 32.50000000000000000 ) ) ;
#7770 = DIRECTION ( 'NONE',  ( -6.982962677686266711E-15, 1.000000000000000000, 0.000000000000000000 ) ) ;
#7771 = ORIENTED_EDGE ( 'NONE', *, *, #9307, .F. ) ;
#7772 = EDGE_LOOP ( 'NONE', ( #8501, #9492, #5226, #2894 ) ) ;
#7773 = EDGE_CURVE ( 'NONE', #1773, #6339, #7052, .T. ) ;
#7774 = FACE_BOUND ( 'NONE', #9263, .T. ) ;
#7775 = EDGE_CURVE ( 'NONE', #464, #1414, #8504, .T. ) ;
#7776 = CARTESIAN_POINT ( 'NONE',  ( -11.29999999999995097, 25.99999999999992184, 32.50000000000000000 ) ) ;
#7777 = ORIENTED_EDGE ( 'NONE', *, *, #6528, .T. ) ;
#7778 = DIRECTION ( 'NONE',  ( 0.000000000000000000, 0.000000000000000000, 1.000000000000000000 ) ) ;
#7779 = ORIENTED_EDGE ( 'NONE', *, *, #8783, .F. ) ;
#7780 = DIRECTION ( 'NONE',  ( 6.982962677686266711E-15, -1.000000000000000000, 0.000000000000000000 ) ) ;
#7781 = ORIENTED_EDGE ( 'NONE', *, *, #5049, .F. ) ;
#7782 = EDGE_CURVE ( 'NONE', #2580, #6206, #7107, .T. ) ;
#7783 = EDGE_CURVE ( 'NONE', #4386, #8380, #1841, .T. ) ;
#7784 = DIRECTION ( 'NONE',  ( 0.000000000000000000, 0.000000000000000000, -1.000000000000000000 ) ) ;
#7785 = ORIENTED_EDGE ( 'NONE', *, *, #3403, .T. ) ;
#7786 = DIRECTION ( 'NONE',  ( 0.000000000000000000, 1.000000000000000000, 0.000000000000000000 ) ) ;
#7787 = DIRECTION ( 'NONE',  ( 0.000000000000000000, -1.000000000000000000, 0.000000000000000000 ) ) ;
#7788 = CARTESIAN_POINT ( 'NONE',  ( -6.999999999999995559, 3.500000000000001332, 50.40000000000001279 ) ) ;
#7789 = ORIENTED_EDGE ( 'NONE', *, *, #9095, .T. ) ;
#7790 = EDGE_CURVE ( 'NONE', #5958, #7153, #7005, .T. ) ;
#7791 = DIRECTION ( 'NONE',  ( -0.000000000000000000, -0.000000000000000000, -1.000000000000000000 ) ) ;
#7792 = DIRECTION ( 'NONE',  ( 0.000000000000000000, 0.000000000000000000, 1.000000000000000000 ) ) ;
#7793 = ORIENTED_EDGE ( 'NONE', *, *, #2748, .T. ) ;
#7794 = CARTESIAN_POINT ( 'NONE',  ( -8.100000000000289191, 28.59999999999991616, 34.00000000000000000 ) ) ;
#7795 = EDGE_LOOP ( 'NONE', ( #9535, #3539, #5098, #5250 ) ) ;
#7796 = EDGE_LOOP ( 'NONE', ( #2326, #7988, #8555, #6668 ) ) ;
#7797 = DIRECTION ( 'NONE',  ( -0.000000000000000000, -1.000000000000000000, -0.000000000000000000 ) ) ;
#7798 = DIRECTION ( 'NONE',  ( 0.000000000000000000, 0.000000000000000000, 1.000000000000000000 ) ) ;
#7799 = EDGE_CURVE ( 'NONE', #5610, #1745, #5554, .T. ) ;
#7800 = EDGE_CURVE ( 'NONE', #8167, #6898, #6026, .T. ) ;
#7801 = CARTESIAN_POINT ( 'NONE',  ( 4.912478887370298253, 26.02115190455530325, 33.87191005059791848 ) ) ;
#7802 = CARTESIAN_POINT ( 'NONE',  ( 9.482088377567512438, 26.00000000000006750, -1.500000000000003553 ) ) ;
#7803 = CARTESIAN_POINT ( 'NONE',  ( -9.799999999999950973, 25.99999999999993250, 5.401680165291188392E-44 ) ) ;
#7804 = ORIENTED_EDGE ( 'NONE', *, *, #6349, .T. ) ;
#7805 = CARTESIAN_POINT ( 'NONE',  ( 4.799936326822310032E-14, 26.00000000000000355, 0.000000000000000000 ) ) ;
#7806 = ADVANCED_FACE ( 'NONE', ( #8556, #4159 ), #475, .F. ) ;
#7807 = CYLINDRICAL_SURFACE ( 'NONE', #8809, 7.600000000000005862 ) ;
#7808 = EDGE_CURVE ( 'NONE', #3369, #3490, #2175, .T. ) ;
#7809 = ORIENTED_EDGE ( 'NONE', *, *, #6877, .F. ) ;
#7810 = CYLINDRICAL_SURFACE ( 'NONE', #5219, 1.700000000000000178 ) ;
#7811 = LINE ( 'NONE', #506, #8771 ) ;
#7812 = ORIENTED_EDGE ( 'NONE', *, *, #8471, .T. ) ;
#7813 = AXIS2_PLACEMENT_3D ( 'NONE', #9392, #8759, #4511 ) ;
#7814 = DIRECTION ( 'NONE',  ( -6.982962677686266711E-15, 1.000000000000000000, -0.000000000000000000 ) ) ;
#7815 = DIRECTION ( 'NONE',  ( -1.000000000000000000, -6.982962677686266711E-15, -6.209932073980663753E-17 ) ) ;
#7816 = DIRECTION ( 'NONE',  ( -1.000000000000000000, 0.000000000000000000, 0.000000000000000000 ) ) ;
#7817 = ORIENTED_EDGE ( 'NONE', *, *, #6490, .T. ) ;
#7818 = VERTEX_POINT ( 'NONE', #677 ) ;
#7819 = CARTESIAN_POINT ( 'NONE',  ( 15.00000000000020961, 3.000000000000106581, -19.00000000000001421 ) ) ;
#7820 = CIRCLE ( 'NONE', #8594, 8.500000000000000000 ) ;
#7821 = CARTESIAN_POINT ( 'NONE',  ( 61.00000000000022737, 4.302114220422481594E-13, 4.054187035541941597 ) ) ;
#7822 = ORIENTED_EDGE ( 'NONE', *, *, #1801, .T. ) ;
#7823 = LINE ( 'NONE', #7101, #2348 ) ;
#7824 = EDGE_LOOP ( 'NONE', ( #4838, #4799 ) ) ;
#7825 = PLANE ( 'NONE',  #8305 ) ;
#7826 = ORIENTED_EDGE ( 'NONE', *, *, #3458, .F. ) ;
#7827 = CIRCLE ( 'NONE', #7051, 4.100000000000002309 ) ;
#7828 = EDGE_CURVE ( 'NONE', #1976, #229, #1252, .T. ) ;
#7829 = DIRECTION ( 'NONE',  ( 6.982962677686266711E-15, -1.000000000000000000, 0.000000000000000000 ) ) ;
#7830 = VERTEX_POINT ( 'NONE', #2036 ) ;
#7831 = CARTESIAN_POINT ( 'NONE',  ( -2.793185071074507189E-13, 43.00000000000000000, 32.50000000000000000 ) ) ;
#7832 = ADVANCED_FACE ( 'NONE', ( #7249 ), #3573, .T. ) ;
#7833 = EDGE_CURVE ( 'NONE', #1403, #4487, #2125, .T. ) ;
#7834 = VECTOR ( 'NONE', #4664, 1000.000000000000000 ) ;
#7835 = CYLINDRICAL_SURFACE ( 'NONE', #1263, 1.749999999999996891 ) ;
#7836 = CARTESIAN_POINT ( 'NONE',  ( -59.99999999999976552, -4.163336342344337027E-13, -10.00000000000001243 ) ) ;
#7837 = ORIENTED_EDGE ( 'NONE', *, *, #4818, .F. ) ;
#7838 = ORIENTED_EDGE ( 'NONE', *, *, #5006, .F. ) ;
#7839 = CARTESIAN_POINT ( 'NONE',  ( -8.100000000000289191, 28.59999999999991616, 34.00000000000000000 ) ) ;
#7840 = AXIS2_PLACEMENT_3D ( 'NONE', #3775, #6767, #779 ) ;
#7841 = CARTESIAN_POINT ( 'NONE',  ( -60.00000000000000000, 25.00000000000000000, 0.000000000000000000 ) ) ;
#7842 = ORIENTED_EDGE ( 'NONE', *, *, #1892, .F. ) ;
#7843 = MANIFOLD_SOLID_BREP ( 'Cortar-Extruir18[1]', #2780 ) ;
#7844 = VECTOR ( 'NONE', #9155, 1000.000000000000000 ) ;
#7845 = CIRCLE ( 'NONE', #8446, 5.500000000000003553 ) ;
#7846 = VECTOR ( 'NONE', #2732, 1000.000000000000000 ) ;
#7847 = CARTESIAN_POINT ( 'NONE',  ( 13.00000000000000355, -0.1999999999999987899, 34.00000000000000000 ) ) ;
#7848 = VERTEX_POINT ( 'NONE', #6560 ) ;
#7849 = ORIENTED_EDGE ( 'NONE', *, *, #4674, .T. ) ;
#7850 = CARTESIAN_POINT ( 'NONE',  ( -2.793185071074506684E-13, 43.00000000000000000, 32.50000000000000000 ) ) ;
#7851 = DIRECTION ( 'NONE',  ( -0.000000000000000000, -0.000000000000000000, -1.000000000000000000 ) ) ;
#7852 = DIRECTION ( 'NONE',  ( 0.000000000000000000, 0.000000000000000000, -1.000000000000000000 ) ) ;
#7853 = DIRECTION ( 'NONE',  ( -1.000000000000000000, 1.501203008056852445E-16, -0.000000000000000000 ) ) ;
#7854 = LINE ( 'NONE', #3351, #6923 ) ;
#7855 = ORIENTED_EDGE ( 'NONE', *, *, #3465, .F. ) ;
#7856 = LINE ( 'NONE', #5670, #8616 ) ;
#7858 = CIRCLE ( 'NONE', #9082, 4.099999999999999645 ) ;
#7857 = DIRECTION ( 'NONE',  ( 0.000000000000000000, 0.000000000000000000, 1.000000000000000000 ) ) ;
#7859 = EDGE_CURVE ( 'NONE', #6874, #4278, #7562, .T. ) ;
#7860 = EDGE_CURVE ( 'NONE', #7869, #441, #8488, .T. ) ;
#7861 = ORIENTED_EDGE ( 'NONE', *, *, #3425, .T. ) ;
#7862 = CARTESIAN_POINT ( 'NONE',  ( 6.400000000000293454, 28.59999999999991971, -34.00000000000000000 ) ) ;
#7863 = CARTESIAN_POINT ( 'NONE',  ( -6.502183067439452735, 2.999999999999957367, 19.00000000000001421 ) ) ;
#7864 = ORIENTED_EDGE ( 'NONE', *, *, #9178, .F. ) ;
#7865 = DIRECTION ( 'NONE',  ( 0.000000000000000000, 0.000000000000000000, 1.000000000000000000 ) ) ;
#7866 = CARTESIAN_POINT ( 'NONE',  ( -55.86932208953526668, 3.000000000000000000, 13.99999999999999112 ) ) ;
#7867 = DIRECTION ( 'NONE',  ( 6.982962677686266711E-15, -1.000000000000000000, 0.000000000000000000 ) ) ;
#7868 = EDGE_LOOP ( 'NONE', ( #8164, #2685, #8294, #9295, #9487, #988, #4403, #1802 ) ) ;
#7869 = VERTEX_POINT ( 'NONE', #7339 ) ;
#7870 = DIRECTION ( 'NONE',  ( 6.982962677686266711E-15, -1.000000000000000000, 0.000000000000000000 ) ) ;
#7871 = CIRCLE ( 'NONE', #7718, 1.750000000000032863 ) ;
#7872 = CARTESIAN_POINT ( 'NONE',  ( -1.606081415867841343E-13, 26.00000000000000355, 32.50000000000000000 ) ) ;
#7873 = ORIENTED_EDGE ( 'NONE', *, *, #4803, .F. ) ;
#7874 = VECTOR ( 'NONE', #6268, 1000.000000000000000 ) ;
#7875 = EDGE_CURVE ( 'NONE', #2499, #2141, #2848, .T. ) ;
#7876 = DIRECTION ( 'NONE',  ( 0.000000000000000000, 0.000000000000000000, 1.000000000000000000 ) ) ;
#7877 = VECTOR ( 'NONE', #4563, 1000.000000000000000 ) ;
#7878 = VERTEX_POINT ( 'NONE', #1402 ) ;
#7879 = CYLINDRICAL_SURFACE ( 'NONE', #1677, 9.799999999999998934 ) ;
#7880 = ORIENTED_EDGE ( 'NONE', *, *, #8396, .F. ) ;
#7881 = VECTOR ( 'NONE', #5123, 1000.000000000000000 ) ;
#7882 = DIRECTION ( 'NONE',  ( 0.000000000000000000, 0.000000000000000000, 1.000000000000000000 ) ) ;
#7883 = ORIENTED_EDGE ( 'NONE', *, *, #8946, .F. ) ;
#7884 = EDGE_CURVE ( 'NONE', #3830, #4609, #5791, .T. ) ;
#7885 = LINE ( 'NONE', #9180, #6351 ) ;
#7886 = CARTESIAN_POINT ( 'NONE',  ( -0.000000000000000000, 3.000000000000000000, 49.20000000000001705 ) ) ;
#7887 = AXIS2_PLACEMENT_3D ( 'NONE', #5445, #1828, #4868 ) ;
#7888 = VERTEX_POINT ( 'NONE', #522 ) ;
#7889 = ORIENTED_EDGE ( 'NONE', *, *, #1076, .T. ) ;
#7890 = DIRECTION ( 'NONE',  ( -1.734723475976805517E-15, 0.000000000000000000, 1.000000000000000000 ) ) ;
#7891 = DIRECTION ( 'NONE',  ( 0.000000000000000000, 0.000000000000000000, 1.000000000000000000 ) ) ;
#7892 = ORIENTED_EDGE ( 'NONE', *, *, #376, .F. ) ;
#7893 = ADVANCED_FACE ( 'NONE', ( #4982 ), #4302, .F. ) ;
#7894 = CIRCLE ( 'NONE', #2339, 4.100000000000002309 ) ;
#7895 = DIRECTION ( 'NONE',  ( 1.000000000000000000, 6.982962677686266711E-15, 0.000000000000000000 ) ) ;
#7896 = ORIENTED_EDGE ( 'NONE', *, *, #5399, .T. ) ;
#7897 = ORIENTED_EDGE ( 'NONE', *, *, #3641, .T. ) ;
#7898 = DIRECTION ( 'NONE',  ( -0.000000000000000000, -0.000000000000000000, -1.000000000000000000 ) ) ;
#7899 = CARTESIAN_POINT ( 'NONE',  ( -1.816668578551834344E-13, 26.00000000000000355, 32.50000000000000000 ) ) ;
#7900 = EDGE_CURVE ( 'NONE', #5498, #1112, #8744, .T. ) ;
#7901 = VECTOR ( 'NONE', #498, 1000.000000000000000 ) ;
#7902 = AXIS2_PLACEMENT_3D ( 'NONE', #3387, #1063, #8511 ) ;
#7903 = FACE_OUTER_BOUND ( 'NONE', #8741, .T. ) ;
#7904 = DIRECTION ( 'NONE',  ( -1.000000000000000000, 0.000000000000000000, 0.000000000000000000 ) ) ;
#7905 = DIRECTION ( 'NONE',  ( 6.982962677686266711E-15, -1.000000000000000000, -0.000000000000000000 ) ) ;
#7906 = ORIENTED_EDGE ( 'NONE', *, *, #997, .T. ) ;
#7907 = DIRECTION ( 'NONE',  ( -1.000000000000000000, 0.000000000000000000, 0.000000000000000000 ) ) ;
#7908 = LINE ( 'NONE', #9351, #7210 ) ;
#7909 = VECTOR ( 'NONE', #3533, 1000.000000000000000 ) ;
#7910 = VERTEX_POINT ( 'NONE', #8653 ) ;
#7911 = DIRECTION ( 'NONE',  ( -1.000000000000000000, -7.709882115452482111E-15, 0.000000000000000000 ) ) ;
#7912 = CARTESIAN_POINT ( 'NONE',  ( -22.99999999999999645, 6.700000000000000178, 49.20000000000001705 ) ) ;
#7913 = ORIENTED_EDGE ( 'NONE', *, *, #8779, .T. ) ;
#7914 = CYLINDRICAL_SURFACE ( 'NONE', #1427, 0.7499999999999986677 ) ;
#7915 = PLANE ( 'NONE',  #7304 ) ;
#7916 = CARTESIAN_POINT ( 'NONE',  ( -25.19999999999998153, -0.2000000000000000111, 18.99999999999991118 ) ) ;
#7917 = AXIS2_PLACEMENT_3D ( 'NONE', #8103, #4282, #609 ) ;
#7918 = EDGE_CURVE ( 'NONE', #3623, #2454, #1552, .T. ) ;
#7919 = EDGE_LOOP ( 'NONE', ( #1239, #5927 ) ) ;
#7920 = ORIENTED_EDGE ( 'NONE', *, *, #3516, .F. ) ;
#7921 = CARTESIAN_POINT ( 'NONE',  ( 13.00000000000020428, 3.000000000000092815, 34.00000000000000000 ) ) ;
#7922 = CYLINDRICAL_SURFACE ( 'NONE', #561, 4.099999999999997868 ) ;
#7923 = VERTEX_POINT ( 'NONE', #9567 ) ;
#7924 = LINE ( 'NONE', #2600, #6048 ) ;
#7925 = ORIENTED_EDGE ( 'NONE', *, *, #1420, .T. ) ;
#7926 = DIRECTION ( 'NONE',  ( -1.000000000000000000, -6.987186840583977580E-15, 0.000000000000000000 ) ) ;
#7927 = ORIENTED_EDGE ( 'NONE', *, *, #3771, .F. ) ;
#7928 = DIRECTION ( 'NONE',  ( -6.982962677686266711E-15, 1.000000000000000000, -0.000000000000000000 ) ) ;
#7929 = EDGE_CURVE ( 'NONE', #3536, #2980, #8329, .T. ) ;
#7930 = VERTEX_POINT ( 'NONE', #7393 ) ;
#7931 = CARTESIAN_POINT ( 'NONE',  ( -2.500000000000179412, 25.99999999999998579, 31.25000000000000000 ) ) ;
#7932 = DIRECTION ( 'NONE',  ( -0.000000000000000000, -1.000000000000000000, -0.000000000000000000 ) ) ;
#7933 = VERTEX_POINT ( 'NONE', #8259 ) ;
#7934 = ORIENTED_EDGE ( 'NONE', *, *, #7247, .T. ) ;
#7935 = DIRECTION ( 'NONE',  ( 6.982962677686266711E-15, -1.000000000000000000, 0.000000000000000000 ) ) ;
#7936 = DIRECTION ( 'NONE',  ( -1.000000000000000000, 0.000000000000000000, 0.000000000000000000 ) ) ;
#7937 = ORIENTED_EDGE ( 'NONE', *, *, #6528, .F. ) ;
#7938 = MANIFOLD_SOLID_BREP ( 'Saliente-Extruir4[2]', #8087 ) ;
#7939 = ADVANCED_FACE ( 'NONE', ( #2365 ), #819, .T. ) ;
#7940 = CARTESIAN_POINT ( 'NONE',  ( -59.99999999999976552, -4.163336342344337027E-13, 9.999999999999984013 ) ) ;
#7941 = ORIENTED_EDGE ( 'NONE', *, *, #584, .F. ) ;
#7942 = VERTEX_POINT ( 'NONE', #2992 ) ;
#7943 = CARTESIAN_POINT ( 'NONE',  ( -6.502183067439452735, 2.999999999999957367, -19.00000000000001421 ) ) ;
#7944 = LINE ( 'NONE', #8715, #3499 ) ;
#7945 = LINE ( 'NONE', #3042, #861 ) ;
#7946 = CARTESIAN_POINT ( 'NONE',  ( 3.815756805667844809, 24.00000000000003197, 1.499999999999997780 ) ) ;
#7947 = EDGE_LOOP ( 'NONE', ( #3418, #274, #2757, #7404 ) ) ;
#7948 = DIRECTION ( 'NONE',  ( 0.000000000000000000, 0.000000000000000000, -1.000000000000000000 ) ) ;
#7949 = ORIENTED_EDGE ( 'NONE', *, *, #4549, .F. ) ;
#7950 = CARTESIAN_POINT ( 'NONE',  ( -1.000000000000289990, 44.50000000000000000, 32.50000000000000000 ) ) ;
#7951 = EDGE_CURVE ( 'NONE', #5305, #2220, #9577, .T. ) ;
#7952 = ORIENTED_EDGE ( 'NONE', *, *, #380, .F. ) ;
#7953 = CARTESIAN_POINT ( 'NONE',  ( -2.793185071074506684E-13, 43.00000000000000000, 32.50000000000000000 ) ) ;
#7954 = CARTESIAN_POINT ( 'NONE',  ( 11.25356557803054969, 25.97975000614808039, 33.54860843665991865 ) ) ;
#7955 = ORIENTED_EDGE ( 'NONE', *, *, #1917, .F. ) ;
#7956 = EDGE_CURVE ( 'NONE', #3745, #7209, #3092, .T. ) ;
#7957 = DIRECTION ( 'NONE',  ( 1.040834085586083468E-15, 7.268105573311334564E-30, 1.000000000000000000 ) ) ;
#7958 = EDGE_CURVE ( 'NONE', #3248, #2413, #7529, .T. ) ;
#7959 = AXIS2_PLACEMENT_3D ( 'NONE', #206, #6875, #3154 ) ;
#7960 = DIRECTION ( 'NONE',  ( -1.000000000000000000, 0.000000000000000000, 0.000000000000000000 ) ) ;
#7961 = DIRECTION ( 'NONE',  ( 0.000000000000000000, 1.000000000000000000, 0.000000000000000000 ) ) ;
#7962 = CIRCLE ( 'NONE', #5175, 7.600000000000005862 ) ;
#7963 = ORIENTED_EDGE ( 'NONE', *, *, #1027, .T. ) ;
#7964 = EDGE_LOOP ( 'NONE', ( #3922, #8151, #307, #8743 ) ) ;
#7965 = CYLINDRICAL_SURFACE ( 'NONE', #7425, 10.00000000000000178 ) ;
#7966 = AXIS2_PLACEMENT_3D ( 'NONE', #8625, #4951, #3253 ) ;
#7967 = VECTOR ( 'NONE', #2237, 1000.000000000000000 ) ;
#7968 = CARTESIAN_POINT ( 'NONE',  ( 60.00000000000000000, 4.000000000000000000, -10.00000000000001243 ) ) ;
#7969 = ORIENTED_EDGE ( 'NONE', *, *, #8917, .T. ) ;
#7970 = CARTESIAN_POINT ( 'NONE',  ( 5.021051876504147385E-16, -44.59655121145936363, -4.099999999999999645 ) ) ;
#7971 = ORIENTED_EDGE ( 'NONE', *, *, #3131, .F. ) ;
#7972 = DIRECTION ( 'NONE',  ( 0.000000000000000000, 0.000000000000000000, -1.000000000000000000 ) ) ;
#7973 = VERTEX_POINT ( 'NONE', #5933 ) ;
#7974 = CARTESIAN_POINT ( 'NONE',  ( -59.99999999999999289, 4.000000000000000000, -10.00000000000000000 ) ) ;
#7975 = ORIENTED_EDGE ( 'NONE', *, *, #8396, .T. ) ;
#7976 = EDGE_CURVE ( 'NONE', #690, #5550, #496, .T. ) ;
#7977 = EDGE_CURVE ( 'NONE', #2316, #5029, #5985, .T. ) ;
#7978 = AXIS2_PLACEMENT_3D ( 'NONE', #670, #6601, #3608 ) ;
#7979 = PLANE ( 'NONE',  #8682 ) ;
#7980 = DIRECTION ( 'NONE',  ( -0.000000000000000000, -1.000000000000000000, -0.000000000000000000 ) ) ;
#7981 = ORIENTED_EDGE ( 'NONE', *, *, #3618, .F. ) ;
#7982 = ORIENTED_EDGE ( 'NONE', *, *, #780, .F. ) ;
#7983 = DIRECTION ( 'NONE',  ( 0.000000000000000000, 0.000000000000000000, 1.000000000000000000 ) ) ;
#7984 = CARTESIAN_POINT ( 'NONE',  ( 8.100000000000292744, 28.59999999999991971, -34.00000000000000000 ) ) ;
#7985 = ORIENTED_EDGE ( 'NONE', *, *, #7424, .F. ) ;
#7986 = AXIS2_PLACEMENT_3D ( 'NONE', #6864, #7544, #9000 ) ;
#7987 = CARTESIAN_POINT ( 'NONE',  ( -68.95114145132532713, -4.787836793695987581E-13, 10.76462106710500599 ) ) ;
#7988 = ORIENTED_EDGE ( 'NONE', *, *, #658, .T. ) ;
#7989 = CYLINDRICAL_SURFACE ( 'NONE', #1163, 4.099999999999999645 ) ;
#7990 = DIRECTION ( 'NONE',  ( -0.000000000000000000, -1.000000000000000000, -0.000000000000000000 ) ) ;
#7991 = EDGE_CURVE ( 'NONE', #521, #6385, #6754, .T. ) ;
#7992 = DIRECTION ( 'NONE',  ( -1.000000000000000000, 0.000000000000000000, 0.000000000000000000 ) ) ;
#7993 = AXIS2_PLACEMENT_3D ( 'NONE', #7478, #132, #6944 ) ;
#7994 = ORIENTED_EDGE ( 'NONE', *, *, #3985, .F. ) ;
#7995 = DIRECTION ( 'NONE',  ( 6.982962677686265922E-15, -1.000000000000000000, -0.000000000000000000 ) ) ;
#7996 = ORIENTED_EDGE ( 'NONE', *, *, #3246, .T. ) ;
#7997 = CARTESIAN_POINT ( 'NONE',  ( -1.816668578551834344E-13, 26.00000000000000355, 2.051038353574630974E-29 ) ) ;
#7998 = VECTOR ( 'NONE', #2356, 1000.000000000000000 ) ;
#7999 = AXIS2_PLACEMENT_3D ( 'NONE', #4872, #2076, #7778 ) ;
#8000 = AXIS2_PLACEMENT_3D ( 'NONE', #7677, #7780, #329 ) ;
#8001 = ORIENTED_EDGE ( 'NONE', *, *, #687, .T. ) ;
#8002 = AXIS2_PLACEMENT_3D ( 'NONE', #5815, #4473, #7273 ) ;
#8003 = LINE ( 'NONE', #2635, #3628 ) ;
#8004 = LINE ( 'NONE', #7276, #9075 ) ;
#8005 = CARTESIAN_POINT ( 'NONE',  ( -1.816668578551834344E-13, 26.00000000000000355, -2.051038353574630974E-29 ) ) ;
#8006 = AXIS2_PLACEMENT_3D ( 'NONE', #6844, #3359, #6207 ) ;
#8007 = CARTESIAN_POINT ( 'NONE',  ( 5.099999999999798916, 31.39463772249581552, -32.50000000000000000 ) ) ;
#8008 = DIRECTION ( 'NONE',  ( -6.982962677686266711E-15, 1.000000000000000000, -0.000000000000000000 ) ) ;
#8009 = VECTOR ( 'NONE', #6441, 1000.000000000000000 ) ;
#8010 = EDGE_LOOP ( 'NONE', ( #3678, #5759, #83, #6835, #72, #2467, #2369, #8083, #7952, #5908 ) ) ;
#8011 = VERTEX_POINT ( 'NONE', #6034 ) ;
#8012 = FACE_BOUND ( 'NONE', #407, .T. ) ;
#8013 = EDGE_CURVE ( 'NONE', #9182, #693, #6485, .T. ) ;
#8014 = CARTESIAN_POINT ( 'NONE',  ( -5.100000000000196820, 31.39463772249623119, -32.23925149110098687 ) ) ;
#8015 = CARTESIAN_POINT ( 'NONE',  ( -60.00000000000000000, 26.00000000000000355, 0.000000000000000000 ) ) ;
#8016 = ORIENTED_EDGE ( 'NONE', *, *, #4169, .T. ) ;
#8017 = CIRCLE ( 'NONE', #2895, 1.699999999999999289 ) ;
#8018 = EDGE_CURVE ( 'NONE', #6339, #1839, #6808, .T. ) ;
#8019 = CARTESIAN_POINT ( 'NONE',  ( 0.000000000000000000, -31.00000000000000000, 4.099999999999999645 ) ) ;
#8020 = CARTESIAN_POINT ( 'NONE',  ( -60.00000000000000000, 3.000000000000000000, -4.500000000000004441 ) ) ;
#8021 = ORIENTED_EDGE ( 'NONE', *, *, #8795, .T. ) ;
#8022 = CARTESIAN_POINT ( 'NONE',  ( 55.86932208953549406, 3.920475055707584033E-13, 13.99999999999999112 ) ) ;
#8023 = ORIENTED_EDGE ( 'NONE', *, *, #5241, .T. ) ;
#8024 = PRESENTATION_LAYER_ASSIGNMENT (  '', '', ( #7555 ) ) ;
#8025 = ORIENTED_EDGE ( 'NONE', *, *, #9454, .F. ) ;
#8026 = DIRECTION ( 'NONE',  ( -0.000000000000000000, -1.000000000000000000, -0.000000000000000000 ) ) ;
#8027 = CIRCLE ( 'NONE', #3393, 5.750000000000111022 ) ;
#8028 = LINE ( 'NONE', #3439, #4351 ) ;
#8029 = EDGE_LOOP ( 'NONE', ( #9069, #3512, #5234, #627 ) ) ;
#8030 = VECTOR ( 'NONE', #7576, 1000.000000000000000 ) ;
#8031 = ORIENTED_EDGE ( 'NONE', *, *, #508, .F. ) ;
#8032 = CYLINDRICAL_SURFACE ( 'NONE', #4286, 1.749999999999996891 ) ;
#8033 = EDGE_CURVE ( 'NONE', #5056, #8900, #6082, .T. ) ;
#8034 = DIRECTION ( 'NONE',  ( 0.000000000000000000, 0.000000000000000000, 1.000000000000000000 ) ) ;
#8035 = VERTEX_POINT ( 'NONE', #5352 ) ;
#8036 = AXIS2_PLACEMENT_3D ( 'NONE', #6996, #1145, #8388 ) ;
#8037 = DIRECTION ( 'NONE',  ( 0.000000000000000000, 0.000000000000000000, 1.000000000000000000 ) ) ;
#8038 = ORIENTED_EDGE ( 'NONE', *, *, #4488, .F. ) ;
#8039 = CARTESIAN_POINT ( 'NONE',  ( 5.021051876504147385E-16, -20.99999999999999645, -4.099999999999999645 ) ) ;
#8040 = DIRECTION ( 'NONE',  ( -0.000000000000000000, -1.000000000000000000, -0.000000000000000000 ) ) ;
#8041 = CARTESIAN_POINT ( 'NONE',  ( 8.100000000000292744, 28.59999999999991971, -31.00000000000000000 ) ) ;
#8042 = ORIENTED_EDGE ( 'NONE', *, *, #439, .F. ) ;
#8043 = CIRCLE ( 'NONE', #2477, 1.699999999999999289 ) ;
#8044 = PLANE ( 'NONE',  #6303 ) ;
#8045 = ORIENTED_EDGE ( 'NONE', *, *, #8513, .F. ) ;
#8046 = DIRECTION ( 'NONE',  ( 6.982962677686266711E-15, -1.000000000000000000, 0.000000000000000000 ) ) ;
#8047 = EDGE_CURVE ( 'NONE', #4349, #3278, #1686, .T. ) ;
#8048 = EDGE_LOOP ( 'NONE', ( #424, #9232, #3043, #4558 ) ) ;
#8049 = EDGE_CURVE ( 'NONE', #8254, #3952, #3901, .T. ) ;
#8050 = CIRCLE ( 'NONE', #6810, 5.750000000000001776 ) ;
#8051 = FACE_OUTER_BOUND ( 'NONE', #8242, .T. ) ;
#8052 = DIRECTION ( 'NONE',  ( 6.982962677686266711E-15, -1.000000000000000000, 0.000000000000000000 ) ) ;
#8053 = CIRCLE ( 'NONE', #3880, 5.750000000000000888 ) ;
#8054 = DIRECTION ( 'NONE',  ( 6.982962677686266711E-15, -1.000000000000000000, 0.000000000000000000 ) ) ;
#8055 = DIRECTION ( 'NONE',  ( 0.8923787451257837455, 6.231447471573853610E-15, 0.4512872425049608283 ) ) ;
#8056 = DIRECTION ( 'NONE',  ( 1.000000000000000000, 6.982962677686267499E-15, -0.000000000000000000 ) ) ;
#8057 = ORIENTED_EDGE ( 'NONE', *, *, #6741, .T. ) ;
#8058 = AXIS2_PLACEMENT_3D ( 'NONE', #6230, #1062, #196 ) ;
#8059 = AXIS2_PLACEMENT_3D ( 'NONE', #5414, #6961, #1750 ) ;
#8060 = CARTESIAN_POINT ( 'NONE',  ( 8.100000000000292744, 28.59999999999991971, 34.00000000000000000 ) ) ;
#8061 = EDGE_CURVE ( 'NONE', #3001, #7748, #9214, .T. ) ;
#8062 = DIRECTION ( 'NONE',  ( 1.000000000000000000, 6.982962677686266711E-15, 0.000000000000000000 ) ) ;
#8063 = LINE ( 'NONE', #7383, #8422 ) ;
#8064 = ORIENTED_EDGE ( 'NONE', *, *, #9136, .T. ) ;
#8065 = AXIS2_PLACEMENT_3D ( 'NONE', #4428, #7427, #8778 ) ;
#8066 = DIRECTION ( 'NONE',  ( -0.000000000000000000, -0.000000000000000000, 1.000000000000000000 ) ) ;
#8067 = CARTESIAN_POINT ( 'NONE',  ( -69.99999999999998579, 3.000000000000000000, 1.749999999999996891 ) ) ;
#8068 = ORIENTED_EDGE ( 'NONE', *, *, #583, .T. ) ;
#8069 = DIRECTION ( 'NONE',  ( 6.982962677686266711E-15, -1.000000000000000000, 0.000000000000000000 ) ) ;
#8070 = ORIENTED_EDGE ( 'NONE', *, *, #4348, .T. ) ;
#8071 = SURFACE_SIDE_STYLE ('',( #1347 ) ) ;
#8072 = EDGE_CURVE ( 'NONE', #2980, #3536, #4011, .T. ) ;
#8073 = VERTEX_POINT ( 'NONE', #7668 ) ;
#8074 = CARTESIAN_POINT ( 'NONE',  ( -1.509874634453825160E-13, 54.49604614807104497, 7.599999999999999645 ) ) ;
#8075 = DIRECTION ( 'NONE',  ( 0.000000000000000000, 0.000000000000000000, 1.000000000000000000 ) ) ;
#8076 = APPLICATION_CONTEXT ( 'automotive_design' ) ;
#8077 = CARTESIAN_POINT ( 'NONE',  ( 5.099999999999798916, 31.39463772249581552, 32.76074850889903445 ) ) ;
#8078 = EDGE_CURVE ( 'NONE', #2502, #5318, #4631, .T. ) ;
#8079 = EDGE_CURVE ( 'NONE', #9322, #8176, #1001, .T. ) ;
#8080 = ORIENTED_EDGE ( 'NONE', *, *, #899, .F. ) ;
#8081 = CARTESIAN_POINT ( 'NONE',  ( -25.20000000000012363, 9.900000000000000355, 102.6999999999999886 ) ) ;
#8082 = DIRECTION ( 'NONE',  ( 0.000000000000000000, 1.000000000000000000, 0.000000000000000000 ) ) ;
#8083 = ORIENTED_EDGE ( 'NONE', *, *, #4005, .T. ) ;
#8084 = CARTESIAN_POINT ( 'NONE',  ( 60.00000000000000000, 3.000000000000000000, -1.387778780781445676E-14 ) ) ;
#8085 = CARTESIAN_POINT ( 'NONE',  ( -12.99999999999998934, 48.80255095400651300, 42.50000000000000000 ) ) ;
#8086 = VERTEX_POINT ( 'NONE', #5594 ) ;
#8087 = CLOSED_SHELL ( 'NONE', ( #8708, #5708, #3161, #2250, #956, #2529, #1715, #8104, #2530, #1467, #5877, #1294, #8835, #6784, #4531, #7367, #7213, #3428, #6796, #4057, #7300, #2671, #2838 ) ) ;
#8088 = CARTESIAN_POINT ( 'NONE',  ( 73.14687500000023590, 5.134781488891348999E-13, -4.812450283834106557 ) ) ;
#8089 = DIRECTION ( 'NONE',  ( 0.000000000000000000, 0.000000000000000000, -1.000000000000000000 ) ) ;
#8090 = ORIENTED_EDGE ( 'NONE', *, *, #7976, .F. ) ;
#8091 = LINE ( 'NONE', #8762, #1255 ) ;
#8092 = ORIENTED_EDGE ( 'NONE', *, *, #6383, .T. ) ;
#8093 = CARTESIAN_POINT ( 'NONE',  ( -29.99999999999977973, 2.999999999999794387, -1.000000000000001554 ) ) ;
#8094 = ORIENTED_EDGE ( 'NONE', *, *, #87, .F. ) ;
#8095 = CARTESIAN_POINT ( 'NONE',  ( -2.500000000000168754, 24.48999999999982791, 32.50000000000000000 ) ) ;
#8096 = VERTEX_POINT ( 'NONE', #4772 ) ;
#8097 = EDGE_CURVE ( 'NONE', #1763, #6005, #2450, .T. ) ;
#8098 = CARTESIAN_POINT ( 'NONE',  ( -60.00000000000000000, -33.00000000000000000, 60.00000000000000000 ) ) ;
#8099 = CARTESIAN_POINT ( 'NONE',  ( 6.400000000000293454, 28.59999999999991971, -31.00000000000000000 ) ) ;
#8100 = EDGE_CURVE ( 'NONE', #642, #7091, #5542, .T. ) ;
#8101 = CARTESIAN_POINT ( 'NONE',  ( -29.99999999999976907, -2.081668171172168513E-13, 1.000000000000001554 ) ) ;
#8102 = CARTESIAN_POINT ( 'NONE',  ( 4.929826503170722241, 26.00000000000003553, 31.19355036506035717 ) ) ;
#8103 = CARTESIAN_POINT ( 'NONE',  ( -2.500000000000179412, 25.99999999999998579, -33.75000000000000000 ) ) ;
#8104 = ADVANCED_FACE ( 'NONE', ( #1096, #7774, #1048, #4677, #3996 ), #271, .T. ) ;
#8105 = VERTEX_POINT ( 'NONE', #6947 ) ;
#8106 = CARTESIAN_POINT ( 'NONE',  ( 15.00000000000021139, 3.000000000000106581, -39.00000000000002132 ) ) ;
#8107 = DIRECTION ( 'NONE',  ( -0.000000000000000000, -1.000000000000000000, -0.000000000000000000 ) ) ;
#8108 = FACE_OUTER_BOUND ( 'NONE', #3093, .T. ) ;
#8109 = VERTEX_POINT ( 'NONE', #8494 ) ;
#8110 = VECTOR ( 'NONE', #3845, 1000.000000000000000 ) ;
#8111 = FACE_OUTER_BOUND ( 'NONE', #4567, .T. ) ;
#8112 = DIRECTION ( 'NONE',  ( -5.930678550348057094E-16, -1.000000000000000000, 0.000000000000000000 ) ) ;
#8113 = ADVANCED_FACE ( 'NONE', ( #1879 ), #7095, .T. ) ;
#8114 = VERTEX_POINT ( 'NONE', #2498 ) ;
#8115 = DIRECTION ( 'NONE',  ( 0.000000000000000000, 0.000000000000000000, 1.000000000000000000 ) ) ;
#8116 = VERTEX_POINT ( 'NONE', #1927 ) ;
#8117 = CARTESIAN_POINT ( 'NONE',  ( 60.00000000000000000, 25.00000000000000000, -1.387778780781445676E-14 ) ) ;
#8118 = ORIENTED_EDGE ( 'NONE', *, *, #4969, .T. ) ;
#8119 = CARTESIAN_POINT ( 'NONE',  ( -9.800000000000290257, 28.59999999999991616, -31.00000000000000000 ) ) ;
#8120 = FACE_OUTER_BOUND ( 'NONE', #7011, .T. ) ;
#8121 = CARTESIAN_POINT ( 'NONE',  ( -24.99999999999999289, 6.899999999999999467, 49.20000000000001705 ) ) ;
#8122 = EDGE_CURVE ( 'NONE', #4719, #6313, #2473, .T. ) ;
#8123 = DIRECTION ( 'NONE',  ( -6.982962677686265922E-15, 1.000000000000000000, -0.000000000000000000 ) ) ;
#8124 = EDGE_LOOP ( 'NONE', ( #3229, #5710, #3876, #8173 ) ) ;
#8125 = CARTESIAN_POINT ( 'NONE',  ( 8.100000000000292744, 28.59999999999991971, -31.00000000000000000 ) ) ;
#8126 = FACE_OUTER_BOUND ( 'NONE', #3962, .T. ) ;
#8127 = EDGE_LOOP ( 'NONE', ( #5942, #6609, #8023, #6532 ) ) ;
#8128 = DIRECTION ( 'NONE',  ( 0.000000000000000000, 0.000000000000000000, -1.000000000000000000 ) ) ;
#8129 = AXIS2_PLACEMENT_3D ( 'NONE', #8697, #2841, #1482 ) ;
#8130 = ADVANCED_FACE ( 'NONE', ( #3273, #4825 ), #6216, .F. ) ;
#8131 = CARTESIAN_POINT ( 'NONE',  ( -1.509874634453825160E-13, 54.49604614807104497, 0.000000000000000000 ) ) ;
#8132 = VERTEX_POINT ( 'NONE', #466 ) ;
#8133 = CIRCLE ( 'NONE', #7041, 1.700000000000000178 ) ;
#8134 = LINE ( 'NONE', #5808, #8271 ) ;
#8135 = DIRECTION ( 'NONE',  ( 0.000000000000000000, 0.000000000000000000, -1.000000000000000000 ) ) ;
#8136 = ORIENTED_EDGE ( 'NONE', *, *, #9216, .F. ) ;
#8137 = AXIS2_PLACEMENT_3D ( 'NONE', #1365, #785, #6676 ) ;
#8138 = PLANE ( 'NONE',  #7577 ) ;
#8139 = ORIENTED_EDGE ( 'NONE', *, *, #4764, .T. ) ;
#8140 = DIRECTION ( 'NONE',  ( 6.982962677686266711E-15, -1.000000000000000000, -0.000000000000000000 ) ) ;
#8141 = ORIENTED_EDGE ( 'NONE', *, *, #3877, .F. ) ;
#8142 = DIRECTION ( 'NONE',  ( 0.000000000000000000, 0.000000000000000000, -1.000000000000000000 ) ) ;
#8143 = AXIS2_PLACEMENT_3D ( 'NONE', #5378, #3110, #1618 ) ;
#8144 = EDGE_LOOP ( 'NONE', ( #8998, #241 ) ) ;
#8145 = CYLINDRICAL_SURFACE ( 'NONE', #1321, 8.500000000000001776 ) ;
#8146 = DIRECTION ( 'NONE',  ( -6.987186840583977580E-15, 1.000000000000000000, -7.888609052210118054E-31 ) ) ;
#8147 = AXIS2_PLACEMENT_3D ( 'NONE', #1228, #6397, #2234 ) ;
#8148 = LINE ( 'NONE', #5012, #3835 ) ;
#8149 = CYLINDRICAL_SURFACE ( 'NONE', #4207, 5.750000000000109246 ) ;
#8150 = AXIS2_PLACEMENT_3D ( 'NONE', #2705, #9235, #5607 ) ;
#8151 = ORIENTED_EDGE ( 'NONE', *, *, #259, .F. ) ;
#8152 = EDGE_CURVE ( 'NONE', #8918, #3836, #2541, .T. ) ;
#8153 = EDGE_CURVE ( 'NONE', #5282, #3142, #3316, .T. ) ;
#8155 = AXIS2_PLACEMENT_3D ( 'NONE', #3336, #9241, #8514 ) ;
#8154 = DIRECTION ( 'NONE',  ( -1.000000000000000000, -7.080503983578805401E-15, 0.000000000000000000 ) ) ;
#8156 = CIRCLE ( 'NONE', #5521, 8.500000000000000000 ) ;
#8157 = VECTOR ( 'NONE', #5436, 1000.000000000000000 ) ;
#8158 = LINE ( 'NONE', #2310, #7998 ) ;
#8159 = CIRCLE ( 'NONE', #1989, 10.00000000000000178 ) ;
#8160 = CARTESIAN_POINT ( 'NONE',  ( -60.00000000000000000, -33.00000000000000000, -60.00000000000000000 ) ) ;
#8161 = VERTEX_POINT ( 'NONE', #4095 ) ;
#8162 = CARTESIAN_POINT ( 'NONE',  ( -69.99999999999998579, 4.000000000000000000, 0.000000000000000000 ) ) ;
#8163 = CARTESIAN_POINT ( 'NONE',  ( 69.99999999999998579, 4.000000000000000000, -1.713039432527097006E-14 ) ) ;
#8164 = ORIENTED_EDGE ( 'NONE', *, *, #2748, .F. ) ;
#8165 = CARTESIAN_POINT ( 'NONE',  ( 55.86932208953565038, 3.920475055707584033E-13, -14.00000000000000533 ) ) ;
#8166 = ORIENTED_EDGE ( 'NONE', *, *, #7951, .T. ) ;
#8167 = VERTEX_POINT ( 'NONE', #7040 ) ;
#8168 = EDGE_CURVE ( 'NONE', #519, #816, #414, .T. ) ;
#8169 = DIRECTION ( 'NONE',  ( -1.000000000000000000, -6.982962677686266711E-15, 0.000000000000000000 ) ) ;
#8170 = FACE_OUTER_BOUND ( 'NONE', #2901, .T. ) ;
#8171 = DIRECTION ( 'NONE',  ( -6.982962677686266711E-15, 1.000000000000000000, -0.000000000000000000 ) ) ;
#8172 = DIRECTION ( 'NONE',  ( 6.982962677686266711E-15, -1.000000000000000000, 0.000000000000000000 ) ) ;
#8173 = ORIENTED_EDGE ( 'NONE', *, *, #4972, .F. ) ;
#8174 = LINE ( 'NONE', #8995, #5686 ) ;
#8175 = FACE_OUTER_BOUND ( 'NONE', #4770, .T. ) ;
#8176 = VERTEX_POINT ( 'NONE', #9270 ) ;
#8177 = PLANE ( 'NONE',  #4443 ) ;
#8178 = VECTOR ( 'NONE', #1666, 1000.000000000000000 ) ;
#8179 = DIRECTION ( 'NONE',  ( 0.000000000000000000, 0.000000000000000000, 1.000000000000000000 ) ) ;
#8180 = ORIENTED_EDGE ( 'NONE', *, *, #9244, .T. ) ;
#8181 = AXIS2_PLACEMENT_3D ( 'NONE', #1453, #4401, #5218 ) ;
#8182 = CARTESIAN_POINT ( 'NONE',  ( -14.99999999999977085, -1.040834085586084257E-13, -49.00000000000001421 ) ) ;
#8183 = CARTESIAN_POINT ( 'NONE',  ( -1.816668578551834344E-13, 26.00000000000000355, 31.00000000000000000 ) ) ;
#8184 = ORIENTED_EDGE ( 'NONE', *, *, #3491, .F. ) ;
#8185 = DIRECTION ( 'NONE',  ( 6.982962677686266711E-15, -1.000000000000000000, 0.000000000000000000 ) ) ;
#8186 = EDGE_CURVE ( 'NONE', #3234, #6271, #3405, .T. ) ;
#8187 = ORIENTED_EDGE ( 'NONE', *, *, #4287, .T. ) ;
#8188 = CARTESIAN_POINT ( 'NONE',  ( -1.000000000000289990, 44.50000000000000000, -32.50000000000000000 ) ) ;
#8189 = ORIENTED_EDGE ( 'NONE', *, *, #1420, .F. ) ;
#8190 = DIRECTION ( 'NONE',  ( 0.000000000000000000, 0.000000000000000000, -1.000000000000000000 ) ) ;
#8191 = VECTOR ( 'NONE', #2594, 1000.000000000000000 ) ;
#8192 = EDGE_LOOP ( 'NONE', ( #3165, #4776, #8949, #523 ) ) ;
#8193 = CARTESIAN_POINT ( 'NONE',  ( -60.00000000000000000, 25.00000000000000000, 5.500000000000003553 ) ) ;
#8194 = CARTESIAN_POINT ( 'NONE',  ( -2.500000000000179412, 25.99999999999998579, -33.75000000000000000 ) ) ;
#8195 = AXIS2_PLACEMENT_3D ( 'NONE', #1134, #4030, #9108 ) ;
#8196 = FACE_OUTER_BOUND ( 'NONE', #1726, .T. ) ;
#8197 = CARTESIAN_POINT ( 'NONE',  ( -8.100000000000289191, 28.59999999999991616, -34.00000000000000000 ) ) ;
#8198 = EDGE_CURVE ( 'NONE', #2161, #873, #2162, .T. ) ;
#8199 = EDGE_CURVE ( 'NONE', #4491, #4521, #2740, .T. ) ;
#8200 = ORIENTED_EDGE ( 'NONE', *, *, #2089, .F. ) ;
#8201 = CARTESIAN_POINT ( 'NONE',  ( 11.19999999999962448, 24.50000000000008171, -34.00000000000000000 ) ) ;
#8202 = VECTOR ( 'NONE', #3926, 1000.000000000000000 ) ;
#8203 = AXIS2_PLACEMENT_3D ( 'NONE', #2905, #1307, #8034 ) ;
#8204 = FACE_OUTER_BOUND ( 'NONE', #4824, .T. ) ;
#8205 = DIRECTION ( 'NONE',  ( -0.000000000000000000, -0.000000000000000000, 1.000000000000000000 ) ) ;
#8206 = ORIENTED_EDGE ( 'NONE', *, *, #8946, .T. ) ;
#8207 = EDGE_CURVE ( 'NONE', #6122, #980, #6331, .T. ) ;
#8208 = CYLINDRICAL_SURFACE ( 'NONE', #1723, 9.999999999999994671 ) ;
#8209 = CARTESIAN_POINT ( 'NONE',  ( 4.893962094455817535, 26.04415907812616737, 31.06349440247721105 ) ) ;
#8210 = VECTOR ( 'NONE', #3254, 1000.000000000000000 ) ;
#8211 = VECTOR ( 'NONE', #8360, 1000.000000000000000 ) ;
#8212 = AXIS2_PLACEMENT_3D ( 'NONE', #1054, #2546, #3175 ) ;
#8213 = EDGE_LOOP ( 'NONE', ( #3798, #7016 ) ) ;
#8214 = DIRECTION ( 'NONE',  ( 1.000000000000000000, 6.982962677686266711E-15, 0.000000000000000000 ) ) ;
#8215 = ORIENTED_EDGE ( 'NONE', *, *, #193, .T. ) ;
#8216 = SURFACE_SIDE_STYLE ('',( #1636 ) ) ;
#8217 = ORIENTED_EDGE ( 'NONE', *, *, #3506, .F. ) ;
#8218 = CIRCLE ( 'NONE', #1271, 1.749999999999895639 ) ;
#8219 = VECTOR ( 'NONE', #7767, 1000.000000000000000 ) ;
#8220 = DIRECTION ( 'NONE',  ( -1.000000000000000000, -6.982962677686266711E-15, -0.000000000000000000 ) ) ;
#8221 = LINE ( 'NONE', #3722, #4811 ) ;
#8222 = CARTESIAN_POINT ( 'NONE',  ( 3.740875477200665096E-14, 27.50000000000000355, -2.169367489357782745E-29 ) ) ;
#8223 = DIRECTION ( 'NONE',  ( 0.000000000000000000, 0.000000000000000000, 1.000000000000000000 ) ) ;
#8224 = ORIENTED_EDGE ( 'NONE', *, *, #3075, .T. ) ;
#8225 = CARTESIAN_POINT ( 'NONE',  ( -55.86932208953525958, 2.999999999999614086, -14.00000000000001243 ) ) ;
#8226 = EDGE_CURVE ( 'NONE', #8869, #8994, #4179, .T. ) ;
#8227 = VECTOR ( 'NONE', #8246, 1000.000000000000000 ) ;
#8228 = CARTESIAN_POINT ( 'NONE',  ( 60.00000000000000000, 4.000000000000000000, -15.74999999999997513 ) ) ;
#8229 = VERTEX_POINT ( 'NONE', #3513 ) ;
#8230 = LINE ( 'NONE', #9563, #7519 ) ;
#8231 = DIRECTION ( 'NONE',  ( 6.982962677686266711E-15, -1.000000000000000000, 0.000000000000000000 ) ) ;
#8232 = ORIENTED_EDGE ( 'NONE', *, *, #529, .T. ) ;
#8233 = AXIS2_PLACEMENT_3D ( 'NONE', #6162, #9116, #1042 ) ;
#8234 = CARTESIAN_POINT ( 'NONE',  ( -4.874423042781769411, 31.13093921164860944, -34.00000000000000000 ) ) ;
#8235 = FACE_OUTER_BOUND ( 'NONE', #2709, .T. ) ;
#8236 = ORIENTED_EDGE ( 'NONE', *, *, #3111, .T. ) ;
#8237 = DIRECTION ( 'NONE',  ( 6.982962677686266711E-15, -1.000000000000000000, 0.000000000000000000 ) ) ;
#8238 = EDGE_CURVE ( 'NONE', #4172, #3919, #8696, .T. ) ;
#8239 = CYLINDRICAL_SURFACE ( 'NONE', #8631, 8.500000000000000000 ) ;
#8240 = ORIENTED_EDGE ( 'NONE', *, *, #9571, .F. ) ;
#8241 = DIRECTION ( 'NONE',  ( -0.000000000000000000, 1.000000000000000000, -0.000000000000000000 ) ) ;
#8242 = EDGE_LOOP ( 'NONE', ( #6052, #159, #8260, #1122, #18, #3899 ) ) ;
#8243 = DIRECTION ( 'NONE',  ( -6.056754644426115640E-31, 8.673617379884034239E-17, 1.000000000000000000 ) ) ;
#8244 = DIRECTION ( 'NONE',  ( -0.000000000000000000, -1.000000000000000000, -0.000000000000000000 ) ) ;
#8245 = CARTESIAN_POINT ( 'NONE',  ( -7.000000000000005329, 9.899999999999996803, 43.40000000000001279 ) ) ;
#8246 = DIRECTION ( 'NONE',  ( 1.362997016838920170E-15, -4.264832111826889981E-31, 1.000000000000000000 ) ) ;
#8247 = ADVANCED_FACE ( 'NONE', ( #8642 ), #7965, .T. ) ;
#8248 = VERTEX_POINT ( 'NONE', #4195 ) ;
#8249 = DIRECTION ( 'NONE',  ( 0.000000000000000000, 0.000000000000000000, 1.000000000000000000 ) ) ;
#8250 = EDGE_CURVE ( 'NONE', #4398, #5160, #1291, .T. ) ;
#8251 = EDGE_CURVE ( 'NONE', #4739, #8621, #5690, .T. ) ;
#8252 = LINE ( 'NONE', #4532, #1041 ) ;
#8253 = FACE_OUTER_BOUND ( 'NONE', #1694, .T. ) ;
#8254 = VERTEX_POINT ( 'NONE', #9318 ) ;
#8255 = LINE ( 'NONE', #3804, #1597 ) ;
#8256 = FACE_OUTER_BOUND ( 'NONE', #4513, .T. ) ;
#8257 = ORIENTED_EDGE ( 'NONE', *, *, #6036, .T. ) ;
#8258 = ORIENTED_EDGE ( 'NONE', *, *, #2128, .F. ) ;
#8259 = CARTESIAN_POINT ( 'NONE',  ( 7.450503338701414791, 24.00000000000005684, -1.500000000000003109 ) ) ;
#8260 = ORIENTED_EDGE ( 'NONE', *, *, #7799, .F. ) ;
#8261 = LINE ( 'NONE', #5448, #9420 ) ;
#8262 = DIRECTION ( 'NONE',  ( -6.982962677686266711E-15, 1.000000000000000000, 0.000000000000000000 ) ) ;
#8263 = ORIENTED_EDGE ( 'NONE', *, *, #2030, .F. ) ;
#8264 = CARTESIAN_POINT ( 'NONE',  ( -3.600000000000276756, 42.99999999999997868, 32.50000000000000000 ) ) ;
#8265 = FILL_AREA_STYLE_COLOUR ( '', #2799 ) ;
#8266 = EDGE_LOOP ( 'NONE', ( #9157, #5265, #1073, #955 ) ) ;
#8267 = ADVANCED_FACE ( 'NONE', ( #5638 ), #7237, .F. ) ;
#8268 = DIRECTION ( 'NONE',  ( -6.987186840583977580E-15, 1.000000000000000000, -7.888609052210118054E-31 ) ) ;
#8269 = ADVANCED_FACE ( 'NONE', ( #667 ), #8782, .F. ) ;
#8270 = CARTESIAN_POINT ( 'NONE',  ( 22.99999999999999289, 6.700000000000000178, 18.99999999999999645 ) ) ;
#8271 = VECTOR ( 'NONE', #3631, 1000.000000000000000 ) ;
#8272 = CARTESIAN_POINT ( 'NONE',  ( 25.19999999999988916, 9.899999999999993250, 102.7000000000000881 ) ) ;
#8273 = LINE ( 'NONE', #8183, #5807 ) ;
#8274 = ORIENTED_EDGE ( 'NONE', *, *, #8251, .F. ) ;
#8275 = FACE_OUTER_BOUND ( 'NONE', #4849, .T. ) ;
#8276 = DIRECTION ( 'NONE',  ( -0.000000000000000000, -0.000000000000000000, 1.000000000000000000 ) ) ;
#8277 = EDGE_LOOP ( 'NONE', ( #7251, #2084 ) ) ;
#8278 = FACE_OUTER_BOUND ( 'NONE', #5790, .T. ) ;
#8279 = AXIS2_PLACEMENT_3D ( 'NONE', #4554, #7499, #879 ) ;
#8280 = ORIENTED_EDGE ( 'NONE', *, *, #8431, .F. ) ;
#8281 = EDGE_CURVE ( 'NONE', #4396, #3461, #2114, .T. ) ;
#8282 = CARTESIAN_POINT ( 'NONE',  ( -7.000000000000005329, 3.500000000000001332, 50.40000000000001279 ) ) ;
#8283 = CARTESIAN_POINT ( 'NONE',  ( 15.00000000000021139, 3.000000000000106581, 49.00000000000001421 ) ) ;
#8284 = AXIS2_PLACEMENT_3D ( 'NONE', #4946, #4797, #3342 ) ;
#8285 = FACE_OUTER_BOUND ( 'NONE', #7722, .T. ) ;
#8286 = CYLINDRICAL_SURFACE ( 'NONE', #7126, 5.750000000000003553 ) ;
#8287 = VECTOR ( 'NONE', #2153, 1000.000000000000000 ) ;
#8288 = EDGE_LOOP ( 'NONE', ( #1094, #6448, #1774, #1021 ) ) ;
#8289 = FACE_OUTER_BOUND ( 'NONE', #1013, .T. ) ;
#8290 = DIRECTION ( 'NONE',  ( 6.209932073980663753E-17, 4.336372390357384486E-31, -1.000000000000000000 ) ) ;
#8291 = VECTOR ( 'NONE', #7762, 1000.000000000000000 ) ;
#8292 = CARTESIAN_POINT ( 'NONE',  ( -26.00000000000002842, 10.70000000000000107, 50.40000000000001279 ) ) ;
#8293 = DIRECTION ( 'NONE',  ( -1.000000000000000000, -6.982962677686266711E-15, 6.938893903907228378E-16 ) ) ;
#8294 = ORIENTED_EDGE ( 'NONE', *, *, #1306, .T. ) ;
#8295 = CARTESIAN_POINT ( 'NONE',  ( -25.99999999999997868, 10.70000000000000107, 18.99999999999991118 ) ) ;
#8296 = FACE_OUTER_BOUND ( 'NONE', #4887, .T. ) ;
#8297 = ORIENTED_EDGE ( 'NONE', *, *, #3667, .F. ) ;
#8298 = VERTEX_POINT ( 'NONE', #4285 ) ;
#8299 = EDGE_CURVE ( 'NONE', #358, #4545, #9417, .T. ) ;
#8300 = AXIS2_PLACEMENT_3D ( 'NONE', #5339, #4568, #1625 ) ;
#8301 = DIRECTION ( 'NONE',  ( -1.000000000000000000, -6.987186840583977580E-15, 0.000000000000000000 ) ) ;
#8302 = CIRCLE ( 'NONE', #4289, 8.500000000000000000 ) ;
#8303 = AXIS2_PLACEMENT_3D ( 'NONE', #5820, #8052, #1430 ) ;
#8304 = EDGE_CURVE ( 'NONE', #1072, #38, #8500, .T. ) ;
#8305 = AXIS2_PLACEMENT_3D ( 'NONE', #5451, #7104, #4683 ) ;
#8306 = CARTESIAN_POINT ( 'NONE',  ( -30.00000000000000000, -33.00000000000000000, 0.000000000000000000 ) ) ;
#8307 = FILL_AREA_STYLE_COLOUR ( '', #2614 ) ;
#8308 = ORIENTED_EDGE ( 'NONE', *, *, #1033, .T. ) ;
#8309 = CARTESIAN_POINT ( 'NONE',  ( 24.99999999999944222, 113.0181803158007483, 39.00000000000002132 ) ) ;
#8310 = CIRCLE ( 'NONE', #1211, 3.599999999999997424 ) ;
#8311 = ORIENTED_EDGE ( 'NONE', *, *, #8431, .T. ) ;
#8312 = CARTESIAN_POINT ( 'NONE',  ( -2.500000000000169198, 24.49999999999998224, 32.50000000000000000 ) ) ;
#8313 = DIRECTION ( 'NONE',  ( -2.312964634635741478E-16, 0.000000000000000000, -1.000000000000000000 ) ) ;
#8314 = DIRECTION ( 'NONE',  ( 0.000000000000000000, 0.000000000000000000, -1.000000000000000000 ) ) ;
#8315 = DIRECTION ( 'NONE',  ( 0.000000000000000000, 0.000000000000000000, 1.000000000000000000 ) ) ;
#8316 = VERTEX_POINT ( 'NONE', #6551 ) ;
#8317 = EDGE_CURVE ( 'NONE', #3294, #8419, #3468, .T. ) ;
#8318 = CARTESIAN_POINT ( 'NONE',  ( -60.00000000000000000, 4.000000000000000000, 0.000000000000000000 ) ) ;
#8319 = FACE_OUTER_BOUND ( 'NONE', #9331, .T. ) ;
#8320 = EDGE_LOOP ( 'NONE', ( #8433, #8021 ) ) ;
#8321 = CARTESIAN_POINT ( 'NONE',  ( 60.00000000000022737, 4.232725281383409310E-13, 0.000000000000000000 ) ) ;
#8322 = ORIENTED_EDGE ( 'NONE', *, *, #5817, .F. ) ;
#8323 = AXIS2_PLACEMENT_3D ( 'NONE', #776, #47, #2997 ) ;
#8324 = DIRECTION ( 'NONE',  ( 0.000000000000000000, 0.000000000000000000, -1.000000000000000000 ) ) ;
#8325 = CARTESIAN_POINT ( 'NONE',  ( -7.000000000000005329, 3.500000000000001332, 43.40000000000001279 ) ) ;
#8326 = AXIS2_PLACEMENT_3D ( 'NONE', #7558, #941, #3750 ) ;
#8327 = LINE ( 'NONE', #7648, #78 ) ;
#8328 = CARTESIAN_POINT ( 'NONE',  ( 60.00000000000022737, 4.232725281383409310E-13, 0.000000000000000000 ) ) ;
#8329 = CIRCLE ( 'NONE', #777, 1.700000000000000178 ) ;
#8330 = VERTEX_POINT ( 'NONE', #2840 ) ;
#8331 = CARTESIAN_POINT ( 'NONE',  ( 8.100000000000292744, 28.59999999999991971, -31.00000000000000000 ) ) ;
#8332 = ADVANCED_FACE ( 'NONE', ( #8012, #9464, #5781, #5058, #8732, #4335, #7286, #9507, #9019, #6646, #2981, #6023 ), #2211, .T. ) ;
#8333 = LINE ( 'NONE', #3982, #1710 ) ;
#8334 = EDGE_CURVE ( 'NONE', #6814, #841, #3074, .T. ) ;
#8335 = DIRECTION ( 'NONE',  ( 0.000000000000000000, 0.000000000000000000, 1.000000000000000000 ) ) ;
#8336 = CARTESIAN_POINT ( 'NONE',  ( -21.50000000000000000, -1.000000000000000666, 34.00000000000000000 ) ) ;
#8337 = ORIENTED_EDGE ( 'NONE', *, *, #5047, .F. ) ;
#8338 = DIRECTION ( 'NONE',  ( 0.000000000000000000, 0.000000000000000000, 1.000000000000000000 ) ) ;
#8339 = CARTESIAN_POINT ( 'NONE',  ( -59.99999999999999289, 4.000000000000000000, -10.00000000000000000 ) ) ;
#8340 = EDGE_LOOP ( 'NONE', ( #5074, #5655 ) ) ;
#8341 = ORIENTED_EDGE ( 'NONE', *, *, #7507, .F. ) ;
#8342 = ADVANCED_FACE ( 'NONE', ( #6795 ), #123, .T. ) ;
#8343 = AXIS2_PLACEMENT_3D ( 'NONE', #4846, #7694, #4738 ) ;
#8344 = DIRECTION ( 'NONE',  ( 0.000000000000000000, 0.000000000000000000, 1.000000000000000000 ) ) ;
#8345 = CARTESIAN_POINT ( 'NONE',  ( -11.19999999999992646, 24.49999999999992184, -34.00000000000000000 ) ) ;
#8346 = AXIS2_PLACEMENT_3D ( 'NONE', #5347, #4575, #1682 ) ;
#8347 = DIRECTION ( 'NONE',  ( 0.000000000000000000, 1.000000000000000000, 0.000000000000000000 ) ) ;
#8348 = ORIENTED_EDGE ( 'NONE', *, *, #2870, .F. ) ;
#8349 = FACE_OUTER_BOUND ( 'NONE', #8010, .T. ) ;
#8350 = ORIENTED_EDGE ( 'NONE', *, *, #1098, .T. ) ;
#8351 = ADVANCED_FACE ( 'NONE', ( #6595 ), #9558, .T. ) ;
#8352 = DIRECTION ( 'NONE',  ( -1.000000000000000000, 0.000000000000000000, 0.000000000000000000 ) ) ;
#8353 = ORIENTED_EDGE ( 'NONE', *, *, #2351, .T. ) ;
#8354 = CIRCLE ( 'NONE', #2494, 1.750000000000105693 ) ;
#8355 = EDGE_LOOP ( 'NONE', ( #2675, #98, #3713, #5338 ) ) ;
#8356 = DIRECTION ( 'NONE',  ( -1.000000000000000000, -7.116814260417670090E-15, 0.000000000000000000 ) ) ;
#8357 = EDGE_CURVE ( 'NONE', #3197, #8116, #5973, .T. ) ;
#8358 = ADVANCED_FACE ( 'NONE', ( #73 ), #2258, .F. ) ;
#8359 = FACE_OUTER_BOUND ( 'NONE', #2112, .T. ) ;
#8360 = DIRECTION ( 'NONE',  ( 6.982962677686266711E-15, -1.000000000000000000, 0.000000000000000000 ) ) ;
#8361 = ORIENTED_EDGE ( 'NONE', *, *, #881, .T. ) ;
#8362 = VECTOR ( 'NONE', #2789, 1000.000000000000000 ) ;
#8363 = CARTESIAN_POINT ( 'NONE',  ( -4.929826503170777308, 25.99999999999996803, -31.19355036505935885 ) ) ;
#8364 = DIRECTION ( 'NONE',  ( 6.982962677686266711E-15, -1.000000000000000000, 0.000000000000000000 ) ) ;
#8365 = EDGE_LOOP ( 'NONE', ( #3596, #5977, #4308, #2785 ) ) ;
#8366 = CARTESIAN_POINT ( 'NONE',  ( 60.00000000000022737, 4.232725281383409310E-13, 8.249999999999895195 ) ) ;
#8367 = EDGE_LOOP ( 'NONE', ( #6631, #3177 ) ) ;
#8368 = CARTESIAN_POINT ( 'NONE',  ( -15.00000000000055955, 113.0181803158004641, 39.00000000000001421 ) ) ;
#8369 = LINE ( 'NONE', #7422, #4170 ) ;
#8370 = CARTESIAN_POINT ( 'NONE',  ( 60.00000000000000000, 3.000000000000000000, -8.249999999999978684 ) ) ;
#8371 = DIRECTION ( 'NONE',  ( 0.000000000000000000, 0.000000000000000000, -1.000000000000000000 ) ) ;
#8372 = LINE ( 'NONE', #8885, #1681 ) ;
#8373 = ORIENTED_EDGE ( 'NONE', *, *, #5374, .F. ) ;
#8374 = CARTESIAN_POINT ( 'NONE',  ( -59.99999999999978684, 2.999999999999583000, -10.00000000000001243 ) ) ;
#8375 = DIRECTION ( 'NONE',  ( -0.000000000000000000, 1.000000000000000000, -0.000000000000000000 ) ) ;
#8376 = ADVANCED_FACE ( 'NONE', ( #5199 ), #3799, .T. ) ;
#8377 = EDGE_CURVE ( 'NONE', #1921, #7007, #8657, .T. ) ;
#8378 = CARTESIAN_POINT ( 'NONE',  ( -60.00000000000000000, 3.000000000000000000, 11.75000000000010658 ) ) ;
#8379 = LINE ( 'NONE', #4668, #4722 ) ;
#8380 = VERTEX_POINT ( 'NONE', #8877 ) ;
#8381 = PLANE ( 'NONE',  #1419 ) ;
#8382 = EDGE_CURVE ( 'NONE', #9322, #7362, #8972, .T. ) ;
#8383 = DIRECTION ( 'NONE',  ( 6.982962677686266711E-15, -1.000000000000000000, 0.000000000000000000 ) ) ;
#8384 = CARTESIAN_POINT ( 'NONE',  ( 14.99999999999944045, 113.0181803158006915, -19.00000000000001421 ) ) ;
#8385 = EDGE_CURVE ( 'NONE', #6434, #375, #1533, .T. ) ;
#8386 = EDGE_LOOP ( 'NONE', ( #108, #60, #1649, #3958 ) ) ;
#8387 = ORIENTED_EDGE ( 'NONE', *, *, #1935, .T. ) ;
#8388 = DIRECTION ( 'NONE',  ( -1.000000000000000000, 0.000000000000000000, 0.000000000000000000 ) ) ;
#8389 = EDGE_LOOP ( 'NONE', ( #9041, #5025, #1088, #8240 ) ) ;
#8390 = EDGE_CURVE ( 'NONE', #2454, #7683, #4618, .T. ) ;
#8391 = CARTESIAN_POINT ( 'NONE',  ( 2.499999999999820588, 26.00000000000002132, 32.50000000000000000 ) ) ;
#8392 = DIRECTION ( 'NONE',  ( -0.000000000000000000, -0.000000000000000000, -1.000000000000000000 ) ) ;
#8393 = VERTEX_POINT ( 'NONE', #1480 ) ;
#8394 = FACE_OUTER_BOUND ( 'NONE', #7321, .T. ) ;
#8395 = EDGE_LOOP ( 'NONE', ( #2277, #9484, #8403, #7354 ) ) ;
#8396 = EDGE_CURVE ( 'NONE', #8852, #1881, #3850, .T. ) ;
#8397 = CARTESIAN_POINT ( 'NONE',  ( 8.100000000000292744, 28.59999999999991971, 31.00000000000000000 ) ) ;
#8398 = ORIENTED_EDGE ( 'NONE', *, *, #1647, .F. ) ;
#8399 = ORIENTED_EDGE ( 'NONE', *, *, #7150, .T. ) ;
#8400 = CARTESIAN_POINT ( 'NONE',  ( 4.874423042781294235, 43.00000000000003553, -31.00000000000000000 ) ) ;
#8401 = FACE_OUTER_BOUND ( 'NONE', #7145, .T. ) ;
#8402 = LINE ( 'NONE', #3286, #564 ) ;
#8403 = ORIENTED_EDGE ( 'NONE', *, *, #9200, .T. ) ;
#8404 = AXIS2_PLACEMENT_3D ( 'NONE', #208, #2304, #2433 ) ;
#8405 = DIRECTION ( 'NONE',  ( 0.000000000000000000, 0.000000000000000000, -1.000000000000000000 ) ) ;
#8406 = CARTESIAN_POINT ( 'NONE',  ( -55.86932208953542300, 4.000000000000000000, -14.00000000000000888 ) ) ;
#8407 = ORIENTED_EDGE ( 'NONE', *, *, #5389, .F. ) ;
#8408 = AXIS2_PLACEMENT_3D ( 'NONE', #4805, #5470, #1223 ) ;
#8409 = EDGE_CURVE ( 'NONE', #7933, #5007, #8834, .T. ) ;
#8410 = AXIS2_PLACEMENT_3D ( 'NONE', #5332, #6104, #7602 ) ;
#8411 = ORIENTED_EDGE ( 'NONE', *, *, #332, .T. ) ;
#8412 = ORIENTED_EDGE ( 'NONE', *, *, #2669, .T. ) ;
#8413 = CARTESIAN_POINT ( 'NONE',  ( -2.500000000000169198, 24.49999999999998224, 33.75000000000000000 ) ) ;
#8414 = CARTESIAN_POINT ( 'NONE',  ( -4.874423042781734772, 26.06906078835126550, 31.00000000000000000 ) ) ;
#8415 = EDGE_CURVE ( 'NONE', #8880, #3001, #3025, .T. ) ;
#8416 = CARTESIAN_POINT ( 'NONE',  ( -24.99999999999977263, -1.734723475976807094E-13, 29.00000000000001066 ) ) ;
#8417 = DIRECTION ( 'NONE',  ( 1.000000000000000000, 7.061706185392312380E-15, 0.000000000000000000 ) ) ;
#8418 = CARTESIAN_POINT ( 'NONE',  ( 5.099999999999798916, 31.39463772249581552, -32.76074850889903445 ) ) ;
#8419 = VERTEX_POINT ( 'NONE', #168 ) ;
#8420 = DIRECTION ( 'NONE',  ( 0.000000000000000000, 0.000000000000000000, 1.000000000000000000 ) ) ;
#8421 = CARTESIAN_POINT ( 'NONE',  ( -30.00000000000000000, -33.00000000000000000, -1.000000000000001554 ) ) ;
#8422 = VECTOR ( 'NONE', #762, 1000.000000000000114 ) ;
#8423 = ORIENTED_EDGE ( 'NONE', *, *, #7859, .T. ) ;
#8424 = FACE_OUTER_BOUND ( 'NONE', #5113, .T. ) ;
#8425 = FACE_OUTER_BOUND ( 'NONE', #2853, .T. ) ;
#8426 = VERTEX_POINT ( 'NONE', #7565 ) ;
#8427 = DIRECTION ( 'NONE',  ( -1.000000000000000000, -6.987186840583977580E-15, -0.000000000000000000 ) ) ;
#8428 = AXIS2_PLACEMENT_3D ( 'NONE', #2100, #1573, #9496 ) ;
#8429 = CARTESIAN_POINT ( 'NONE',  ( -69.99999999999998579, 4.000000000000000000, 0.000000000000000000 ) ) ;
#8430 = CARTESIAN_POINT ( 'NONE',  ( 11.19999999999961560, 26.00000000000008171, 34.00000000000000000 ) ) ;
#8431 = EDGE_CURVE ( 'NONE', #6519, #6379, #5251, .T. ) ;
#8432 = EDGE_CURVE ( 'NONE', #5197, #521, #630, .T. ) ;
#8433 = ORIENTED_EDGE ( 'NONE', *, *, #8477, .T. ) ;
#8434 = ORIENTED_EDGE ( 'NONE', *, *, #6801, .T. ) ;
#8435 = CARTESIAN_POINT ( 'NONE',  ( 11.29999999999961346, 24.50000000000008171, -2.051038353574630974E-29 ) ) ;
#8436 = CIRCLE ( 'NONE', #6439, 11.29999999999977689 ) ;
#8437 = DIRECTION ( 'NONE',  ( 0.000000000000000000, 1.000000000000000000, 0.000000000000000000 ) ) ;
#8438 = ORIENTED_EDGE ( 'NONE', *, *, #4879, .F. ) ;
#8439 = CIRCLE ( 'NONE', #1667, 11.29999999999977689 ) ;
#8440 = DIRECTION ( 'NONE',  ( -0.000000000000000000, -1.000000000000000000, -0.000000000000000000 ) ) ;
#8441 = AXIS2_PLACEMENT_3D ( 'NONE', #8476, #8532, #6496 ) ;
#8442 = CARTESIAN_POINT ( 'NONE',  ( 4.929826503170722241, 26.00000000000003553, -31.19355036506035717 ) ) ;
#8443 = EDGE_LOOP ( 'NONE', ( #833, #1472, #2702, #8475 ) ) ;
#8444 = CARTESIAN_POINT ( 'NONE',  ( 8.100000000000292744, 28.59999999999991971, -32.50000000000000000 ) ) ;
#8445 = ORIENTED_EDGE ( 'NONE', *, *, #5701, .F. ) ;
#8446 = AXIS2_PLACEMENT_3D ( 'NONE', #7685, #7786, #4110 ) ;
#8447 = CIRCLE ( 'NONE', #6840, 1.749999999999996891 ) ;
#8448 = DIRECTION ( 'NONE',  ( 0.000000000000000000, 0.000000000000000000, -1.000000000000000000 ) ) ;
#8449 = ADVANCED_FACE ( 'NONE', ( #7655 ), #7807, .F. ) ;
#8450 = AXIS2_PLACEMENT_3D ( 'NONE', #230, #6859, #4636 ) ;
#8451 = ORIENTED_EDGE ( 'NONE', *, *, #1730, .F. ) ;
#8452 = AXIS2_PLACEMENT_3D ( 'NONE', #4375, #5867, #2200 ) ;
#8453 = CARTESIAN_POINT ( 'NONE',  ( -5.002659884575233917, 31.28697279398990361, -31.47633459944067980 ) ) ;
#8454 = AXIS2_PLACEMENT_3D ( 'NONE', #1477, #608, #9554 ) ;
#8455 = CIRCLE ( 'NONE', #4301, 5.749999999999963585 ) ;
#8456 = DIRECTION ( 'NONE',  ( 0.000000000000000000, 0.000000000000000000, 1.000000000000000000 ) ) ;
#8457 = CARTESIAN_POINT ( 'NONE',  ( 7.690903718029558966, 24.50000000000005329, -1.299999999999997824 ) ) ;
#8458 = ORIENTED_EDGE ( 'NONE', *, *, #2428, .F. ) ;
#8459 = AXIS2_PLACEMENT_3D ( 'NONE', #9255, #8678, #7706 ) ;
#8460 = DIRECTION ( 'NONE',  ( -1.000000000000000000, -6.938893903907226800E-15, 0.000000000000000000 ) ) ;
#8461 = CARTESIAN_POINT ( 'NONE',  ( -21.50000000000000000, -1.000000000000000666, 34.00000000000000000 ) ) ;
#8462 = VERTEX_POINT ( 'NONE', #1034 ) ;
#8463 = APPLICATION_PROTOCOL_DEFINITION ( 'draft international standard', 'automotive_design', 1998, #8076 ) ;
#8464 = EDGE_CURVE ( 'NONE', #8512, #4995, #1401, .T. ) ;
#8465 = AXIS2_PLACEMENT_3D ( 'NONE', #7551, #3881, #291 ) ;
#8466 = FACE_OUTER_BOUND ( 'NONE', #4160, .T. ) ;
#8467 = EDGE_LOOP ( 'NONE', ( #2003, #8731, #1000, #3180 ) ) ;
#8468 = ORIENTED_EDGE ( 'NONE', *, *, #3892, .T. ) ;
#8469 = DIRECTION ( 'NONE',  ( -1.000000000000000000, 0.000000000000000000, 0.000000000000000000 ) ) ;
#8470 = CARTESIAN_POINT ( 'NONE',  ( 8.100000000000292744, 28.59999999999991971, -32.50000000000000000 ) ) ;
#8471 = EDGE_CURVE ( 'NONE', #9064, #1055, #5104, .T. ) ;
#8472 = LINE ( 'NONE', #6392, #544 ) ;
#8473 = CARTESIAN_POINT ( 'NONE',  ( 60.00000000000020606, 3.000000000000422329, 10.00000000000000000 ) ) ;
#8474 = CARTESIAN_POINT ( 'NONE',  ( -1.606081415867841343E-13, 26.00000000000000355, -32.50000000000000000 ) ) ;
#8475 = ORIENTED_EDGE ( 'NONE', *, *, #7991, .T. ) ;
#8476 = CARTESIAN_POINT ( 'NONE',  ( 6.502183067439107234, 113.0181803158006062, -19.00000000000001421 ) ) ;
#8477 = EDGE_CURVE ( 'NONE', #8248, #4925, #4634, .T. ) ;
#8478 = LINE ( 'NONE', #4810, #8291 ) ;
#8479 = CIRCLE ( 'NONE', #4623, 4.099999999999999645 ) ;
#8480 = ORIENTED_EDGE ( 'NONE', *, *, #211, .T. ) ;
#8481 = VECTOR ( 'NONE', #8244, 1000.000000000000000 ) ;
#8482 = CARTESIAN_POINT ( 'NONE',  ( -59.99999999999999289, 4.000000000000000000, -10.00000000000000000 ) ) ;
#8483 = DIRECTION ( 'NONE',  ( 0.000000000000000000, 0.000000000000000000, -1.000000000000000000 ) ) ;
#8484 = VERTEX_POINT ( 'NONE', #306 ) ;
#8485 = EDGE_CURVE ( 'NONE', #7479, #5875, #8333, .T. ) ;
#8486 = LINE ( 'NONE', #2689, #4043 ) ;
#8487 = ADVANCED_FACE ( 'NONE', ( #1864, #2439, #1766, #5578 ), #6934, .T. ) ;
#8488 = CIRCLE ( 'NONE', #8968, 1.750000000000003331 ) ;
#8489 = FACE_BOUND ( 'NONE', #5722, .T. ) ;
#8490 = DIRECTION ( 'NONE',  ( -0.000000000000000000, -1.000000000000000000, -0.000000000000000000 ) ) ;
#8491 = ORIENTED_EDGE ( 'NONE', *, *, #682, .T. ) ;
#8492 = VERTEX_POINT ( 'NONE', #4708 ) ;
#8493 = ADVANCED_FACE ( 'NONE', ( #6843 ), #4857, .T. ) ;
#8494 = CARTESIAN_POINT ( 'NONE',  ( 5.498232594590954373E-14, 24.00000000000000355, 4.099999999999999645 ) ) ;
#8495 = CARTESIAN_POINT ( 'NONE',  ( 12.20000000000029416, 28.59999999999991971, -31.00000000000000000 ) ) ;
#8496 = EDGE_CURVE ( 'NONE', #3066, #3970, #8436, .T. ) ;
#8497 = ORIENTED_EDGE ( 'NONE', *, *, #764, .F. ) ;
#8498 = DIRECTION ( 'NONE',  ( 1.000000000000000000, 6.987186840583977580E-15, 0.000000000000000000 ) ) ;
#8499 = CARTESIAN_POINT ( 'NONE',  ( 60.00000000000000000, 26.00000000000000355, -1.387778780781445676E-14 ) ) ;
#8500 = CIRCLE ( 'NONE', #3716, 7.799999999999999822 ) ;
#8501 = ORIENTED_EDGE ( 'NONE', *, *, #688, .F. ) ;
#8502 = CARTESIAN_POINT ( 'NONE',  ( 70.00000000000021316, 4.926614671774131138E-13, 1.749999999999996891 ) ) ;
#8503 = ORIENTED_EDGE ( 'NONE', *, *, #6851, .T. ) ;
#8504 = LINE ( 'NONE', #6956, #9265 ) ;
#8505 = ORIENTED_EDGE ( 'NONE', *, *, #2105, .T. ) ;
#8506 = AXIS2_PLACEMENT_3D ( 'NONE', #1078, #4853, #2722 ) ;
#8507 = CIRCLE ( 'NONE', #13, 14.00000000000000178 ) ;
#8508 = EDGE_CURVE ( 'NONE', #5186, #8316, #2484, .T. ) ;
#8509 = DIRECTION ( 'NONE',  ( 6.982962677686266711E-15, -1.000000000000000000, 0.000000000000000000 ) ) ;
#8510 = DIRECTION ( 'NONE',  ( 0.000000000000000000, 0.000000000000000000, -1.000000000000000000 ) ) ;
#8511 = DIRECTION ( 'NONE',  ( 0.000000000000000000, 0.000000000000000000, 1.000000000000000000 ) ) ;
#8512 = VERTEX_POINT ( 'NONE', #2528 ) ;
#8513 = EDGE_CURVE ( 'NONE', #4278, #3034, #1721, .T. ) ;
#8514 = DIRECTION ( 'NONE',  ( 0.000000000000000000, 0.000000000000000000, 1.000000000000000000 ) ) ;
#8515 = ADVANCED_FACE ( 'NONE', ( #1083 ), #214, .F. ) ;
#8516 = VECTOR ( 'NONE', #1015, 1000.000000000000000 ) ;
#8517 = AXIS2_PLACEMENT_3D ( 'NONE', #774, #7613, #6665 ) ;
#8518 = DIRECTION ( 'NONE',  ( -0.000000000000000000, -0.000000000000000000, 1.000000000000000000 ) ) ;
#8519 = CIRCLE ( 'NONE', #4352, 1.750000000000105693 ) ;
#8520 = ORIENTED_EDGE ( 'NONE', *, *, #7538, .T. ) ;
#8521 = DIRECTION ( 'NONE',  ( 0.000000000000000000, 0.000000000000000000, -1.000000000000000000 ) ) ;
#8522 = VERTEX_POINT ( 'NONE', #5478 ) ;
#8523 = ORIENTED_EDGE ( 'NONE', *, *, #8390, .T. ) ;
#8524 = VECTOR ( 'NONE', #8056, 1000.000000000000000 ) ;
#8525 = CARTESIAN_POINT ( 'NONE',  ( 15.00000000000020783, 3.000000000000106581, 19.00000000000001421 ) ) ;
#8526 = CARTESIAN_POINT ( 'NONE',  ( -29.99999999999976907, -2.081668171172168513E-13, 0.000000000000000000 ) ) ;
#8527 = VECTOR ( 'NONE', #1580, 1000.000000000000000 ) ;
#8528 = PLANE ( 'NONE',  #7966 ) ;
#8529 = DIRECTION ( 'NONE',  ( 0.000000000000000000, 0.000000000000000000, -1.000000000000000000 ) ) ;
#8530 = LINE ( 'NONE', #6979, #3065 ) ;
#8531 = VERTEX_POINT ( 'NONE', #6112 ) ;
#8532 = DIRECTION ( 'NONE',  ( 1.000000000000000000, 6.982962677686266711E-15, -0.000000000000000000 ) ) ;
#8533 = CIRCLE ( 'NONE', #4366, 4.099999999999997868 ) ;
#8534 = DIRECTION ( 'NONE',  ( 1.000000000000000000, 6.847592668329496333E-15, 0.000000000000000000 ) ) ;
#8535 = ORIENTED_EDGE ( 'NONE', *, *, #1098, .F. ) ;
#8536 = FACE_OUTER_BOUND ( 'NONE', #2520, .T. ) ;
#8537 = DIRECTION ( 'NONE',  ( -6.982962677686266711E-15, 1.000000000000000000, 0.000000000000000000 ) ) ;
#8538 = ORIENTED_EDGE ( 'NONE', *, *, #5648, .T. ) ;
#8539 = DIRECTION ( 'NONE',  ( -1.000000000000000000, 5.930678550348054136E-16, 0.000000000000000000 ) ) ;
#8540 = VECTOR ( 'NONE', #6456, 1000.000000000000000 ) ;
#8541 = EDGE_CURVE ( 'NONE', #6371, #3686, #4758, .T. ) ;
#8542 = LINE ( 'NONE', #3366, #6527 ) ;
#8543 = CARTESIAN_POINT ( 'NONE',  ( 4.799936326822310032E-14, 26.00000000000000355, 0.000000000000000000 ) ) ;
#8544 = VERTEX_POINT ( 'NONE', #357 ) ;
#8545 = ORIENTED_EDGE ( 'NONE', *, *, #7020, .F. ) ;
#8546 = DIRECTION ( 'NONE',  ( -0.000000000000000000, -1.000000000000000000, -0.000000000000000000 ) ) ;
#8547 = EDGE_CURVE ( 'NONE', #8105, #2190, #5974, .T. ) ;
#8548 = EDGE_CURVE ( 'NONE', #4322, #4406, #8478, .T. ) ;
#8549 = DIRECTION ( 'NONE',  ( -1.000000000000000000, 0.000000000000000000, 0.000000000000000000 ) ) ;
#8550 = EDGE_LOOP ( 'NONE', ( #3083, #5137 ) ) ;
#8551 = DIRECTION ( 'NONE',  ( 0.4512872425049601066, 3.151321971328087702E-15, 0.8923787451257841896 ) ) ;
#8552 =( NAMED_UNIT ( * ) PLANE_ANGLE_UNIT ( ) SI_UNIT ( $, .RADIAN. ) );
#8553 = VERTEX_POINT ( 'NONE', #4082 ) ;
#8554 = CYLINDRICAL_SURFACE ( 'NONE', #2590, 1.750000000000003331 ) ;
#8555 = ORIENTED_EDGE ( 'NONE', *, *, #524, .F. ) ;
#8556 = FACE_OUTER_BOUND ( 'NONE', #6209, .T. ) ;
#8557 = ORIENTED_EDGE ( 'NONE', *, *, #4617, .F. ) ;
#8558 = CARTESIAN_POINT ( 'NONE',  ( 11.29999999999961346, 24.50000000000008171, -2.051038353574630974E-29 ) ) ;
#8559 = CARTESIAN_POINT ( 'NONE',  ( 6.502183067439875508, 3.000000000000047962, -14.00000000000000888 ) ) ;
#8560 = DIRECTION ( 'NONE',  ( 1.000000000000000000, 6.982962677686266711E-15, 0.000000000000000000 ) ) ;
#8561 = ORIENTED_EDGE ( 'NONE', *, *, #1586, .F. ) ;
#8562 = DIRECTION ( 'NONE',  ( -1.000000000000000000, 0.000000000000000000, 0.000000000000000000 ) ) ;
#8563 = EDGE_CURVE ( 'NONE', #2990, #8880, #6302, .T. ) ;
#8564 = EDGE_CURVE ( 'NONE', #8522, #7683, #9061, .T. ) ;
#8565 = DIRECTION ( 'NONE',  ( 1.000000000000000000, 0.000000000000000000, 1.734723475976805517E-15 ) ) ;
#8566 = ORIENTED_EDGE ( 'NONE', *, *, #5641, .F. ) ;
#8567 = DIRECTION ( 'NONE',  ( -1.000000000000000000, 0.000000000000000000, 0.000000000000000000 ) ) ;
#8568 = ORIENTED_EDGE ( 'NONE', *, *, #2168, .F. ) ;
#8569 = ORIENTED_EDGE ( 'NONE', *, *, #3242, .F. ) ;
#8570 = LINE ( 'NONE', #2005, #2405 ) ;
#8571 = DIRECTION ( 'NONE',  ( -6.982962677686266711E-15, 1.000000000000000000, -0.000000000000000000 ) ) ;
#8572 = DIRECTION ( 'NONE',  ( -6.982962677686266711E-15, 1.000000000000000000, -0.000000000000000000 ) ) ;
#8573 = DIRECTION ( 'NONE',  ( 0.000000000000000000, 0.000000000000000000, 1.000000000000000000 ) ) ;
#8574 = PLANE ( 'NONE',  #8459 ) ;
#8575 =( GEOMETRIC_REPRESENTATION_CONTEXT ( 3 ) GLOBAL_UNCERTAINTY_ASSIGNED_CONTEXT ( ( #1776 ) ) GLOBAL_UNIT_ASSIGNED_CONTEXT ( ( #8670, #1314, #1272 ) ) REPRESENTATION_CONTEXT ( 'NONE', 'WORKASPACE' ) );
#8576 = ORIENTED_EDGE ( 'NONE', *, *, #7443, .T. ) ;
#8577 = CARTESIAN_POINT ( 'NONE',  ( -30.00000000000000000, -33.00000000000000000, 0.000000000000000000 ) ) ;
#8578 = DIRECTION ( 'NONE',  ( 0.000000000000000000, 0.000000000000000000, -1.000000000000000000 ) ) ;
#8579 = EDGE_CURVE ( 'NONE', #6300, #1773, #5947, .T. ) ;
#8580 = ORIENTED_EDGE ( 'NONE', *, *, #5142, .F. ) ;
#8581 = CARTESIAN_POINT ( 'NONE',  ( -55.86932208953542300, 4.000000000000000000, -14.00000000000000888 ) ) ;
#8582 = DIRECTION ( 'NONE',  ( 2.041375437649193008E-15, 1.425484849224978453E-29, -1.000000000000000000 ) ) ;
#8583 = ORIENTED_EDGE ( 'NONE', *, *, #1849, .F. ) ;
#8584 = AXIS2_PLACEMENT_3D ( 'NONE', #4464, #5039, #56 ) ;
#8585 = CARTESIAN_POINT ( 'NONE',  ( -11.25356557803044133, 25.97975000614795960, -33.54860843666406822 ) ) ;
#8586 = FACE_OUTER_BOUND ( 'NONE', #6707, .T. ) ;
#8587 = CARTESIAN_POINT ( 'NONE',  ( 5.847380728475251300E-14, 24.50000000000000000, 0.000000000000000000 ) ) ;
#8588 = ORIENTED_EDGE ( 'NONE', *, *, #8198, .T. ) ;
#8589 = VERTEX_POINT ( 'NONE', #4461 ) ;
#8590 = ORIENTED_EDGE ( 'NONE', *, *, #3202, .T. ) ;
#8591 = CIRCLE ( 'NONE', #7656, 14.00000000000000000 ) ;
#8592 = DIRECTION ( 'NONE',  ( -6.987186840583977580E-15, 1.000000000000000000, -7.888609052210118054E-31 ) ) ;
#8593 = EDGE_CURVE ( 'NONE', #6259, #2969, #4183, .T. ) ;
#8594 = AXIS2_PLACEMENT_3D ( 'NONE', #4413, #9393, #8089 ) ;
#8595 = DIRECTION ( 'NONE',  ( -1.000000000000000000, -0.000000000000000000, -0.000000000000000000 ) ) ;
#8596 = EDGE_LOOP ( 'NONE', ( #9211, #3233 ) ) ;
#8597 = VECTOR ( 'NONE', #3003, 1000.000000000000000 ) ;
#8598 = DIRECTION ( 'NONE',  ( 6.982962677686266711E-15, -1.000000000000000000, 0.000000000000000000 ) ) ;
#8599 = EDGE_CURVE ( 'NONE', #6793, #7336, #2741, .T. ) ;
#8600 = ORIENTED_EDGE ( 'NONE', *, *, #7783, .F. ) ;
#8601 = CARTESIAN_POINT ( 'NONE',  ( -8.100000000000289191, 28.59999999999991616, 32.50000000000000000 ) ) ;
#8602 = ORIENTED_EDGE ( 'NONE', *, *, #9495, .F. ) ;
#8603 = CYLINDRICAL_SURFACE ( 'NONE', #2647, 1.700000000000000178 ) ;
#8604 = EDGE_CURVE ( 'NONE', #3919, #8109, #1810, .T. ) ;
#8605 = ORIENTED_EDGE ( 'NONE', *, *, #4943, .F. ) ;
#8606 = AXIS2_PLACEMENT_3D ( 'NONE', #6133, #924, #7495 ) ;
#8607 = CARTESIAN_POINT ( 'NONE',  ( 3.815756805667842588, 24.00000000000003197, -1.500000000000003553 ) ) ;
#8608 = DIRECTION ( 'NONE',  ( 1.000000000000000000, 6.982962677686266711E-15, 0.000000000000000000 ) ) ;
#8609 = ORIENTED_EDGE ( 'NONE', *, *, #5061, .F. ) ;
#8610 = VECTOR ( 'NONE', #4688, 1000.000000000000000 ) ;
#8611 = ORIENTED_EDGE ( 'NONE', *, *, #4094, .F. ) ;
#8612 = CARTESIAN_POINT ( 'NONE',  ( 8.100000000000292744, 28.59999999999991971, 32.50000000000000000 ) ) ;
#8613 = CIRCLE ( 'NONE', #6310, 4.099999999999997868 ) ;
#8614 = DIRECTION ( 'NONE',  ( 0.000000000000000000, 0.000000000000000000, 1.000000000000000000 ) ) ;
#8615 = ORIENTED_EDGE ( 'NONE', *, *, #5301, .T. ) ;
#8616 = VECTOR ( 'NONE', #1914, 1000.000000000000000 ) ;
#8617 = AXIS2_PLACEMENT_3D ( 'NONE', #309, #3933, #4667 ) ;
#8618 = VECTOR ( 'NONE', #605, 1000.000000000000000 ) ;
#8619 = CARTESIAN_POINT ( 'NONE',  ( -2.897929511239801316E-13, 44.50000000000000711, -32.50000000000000000 ) ) ;
#8620 = ORIENTED_EDGE ( 'NONE', *, *, #8795, .F. ) ;
#8621 = VERTEX_POINT ( 'NONE', #2281 ) ;
#8622 = CARTESIAN_POINT ( 'NONE',  ( 69.99999999999998579, 3.000000000000000000, -1.750000000000013989 ) ) ;
#8623 = DIRECTION ( 'NONE',  ( 0.000000000000000000, 0.000000000000000000, 1.000000000000000000 ) ) ;
#8624 = EDGE_CURVE ( 'NONE', #6174, #8316, #7178, .T. ) ;
#8625 = CARTESIAN_POINT ( 'NONE',  ( 12.00000000000015277, 11.00000000000008527, -1.500000000000000888 ) ) ;
#8626 = CARTESIAN_POINT ( 'NONE',  ( -26.00000000000002842, 10.70000000000000107, 50.40000000000001279 ) ) ;
#8627 = LINE ( 'NONE', #1225, #5999 ) ;
#8628 = ORIENTED_EDGE ( 'NONE', *, *, #3079, .F. ) ;
#8629 = CARTESIAN_POINT ( 'NONE',  ( 8.100000000000292744, 28.59999999999991971, 31.00000000000000000 ) ) ;
#8631 = AXIS2_PLACEMENT_3D ( 'NONE', #6920, #3243, #9092 ) ;
#8630 = LINE ( 'NONE', #7351, #734 ) ;
#8632 = ORIENTED_EDGE ( 'NONE', *, *, #8862, .T. ) ;
#8633 = DIRECTION ( 'NONE',  ( 0.000000000000000000, 0.000000000000000000, -1.000000000000000000 ) ) ;
#8634 = CARTESIAN_POINT ( 'NONE',  ( -5.100000000000287415, 44.49999999999997158, 32.50000000000000000 ) ) ;
#8635 = ORIENTED_EDGE ( 'NONE', *, *, #7977, .T. ) ;
#8636 = FACE_OUTER_BOUND ( 'NONE', #8048, .T. ) ;
#8637 = CARTESIAN_POINT ( 'NONE',  ( 25.00000000000020606, 3.000000000000176303, -29.00000000000001066 ) ) ;
#8638 = FACE_OUTER_BOUND ( 'NONE', #1516, .T. ) ;
#8639 = EDGE_CURVE ( 'NONE', #1285, #3328, #5227, .T. ) ;
#8640 = ORIENTED_EDGE ( 'NONE', *, *, #2973, .F. ) ;
#8641 = ORIENTED_EDGE ( 'NONE', *, *, #3374, .F. ) ;
#8642 = FACE_OUTER_BOUND ( 'NONE', #7063, .T. ) ;
#8643 = AXIS2_PLACEMENT_3D ( 'NONE', #8306, #5313, #6899 ) ;
#8644 = CARTESIAN_POINT ( 'NONE',  ( -30.00000000000000000, -31.00000000000000000, -1.000000000000001554 ) ) ;
#8645 = ORIENTED_EDGE ( 'NONE', *, *, #2070, .T. ) ;
#8646 = CIRCLE ( 'NONE', #2313, 0.7499999999999986677 ) ;
#8647 = PLANE ( 'NONE',  #5064 ) ;
#8648 = EDGE_CURVE ( 'NONE', #8229, #4123, #7908, .T. ) ;
#8649 = ORIENTED_EDGE ( 'NONE', *, *, #1295, .T. ) ;
#8650 = CARTESIAN_POINT ( 'NONE',  ( -8.100000000000289191, 28.59999999999991616, -31.00000000000000000 ) ) ;
#8651 = ORIENTED_EDGE ( 'NONE', *, *, #5346, .F. ) ;
#8652 = VECTOR ( 'NONE', #4060, 1000.000000000000000 ) ;
#8653 = CARTESIAN_POINT ( 'NONE',  ( 60.00000000000000000, 4.000000000000000000, 5.499999999999989342 ) ) ;
#8654 = ORIENTED_EDGE ( 'NONE', *, *, #4327, .F. ) ;
#8655 = CARTESIAN_POINT ( 'NONE',  ( 60.00000000000000000, 26.00000000000000355, 5.499999999999989342 ) ) ;
#8656 = DIRECTION ( 'NONE',  ( -0.000000000000000000, -1.000000000000000000, -0.000000000000000000 ) ) ;
#8657 = CIRCLE ( 'NONE', #158, 9.799999999999998934 ) ;
#8658 = ORIENTED_EDGE ( 'NONE', *, *, #1953, .T. ) ;
#8659 = ADVANCED_FACE ( 'NONE', ( #2727 ), #9305, .F. ) ;
#8660 = VERTEX_POINT ( 'NONE', #9404 ) ;
#8661 = CARTESIAN_POINT ( 'NONE',  ( 4.912478887370297365, 26.02115190455530325, -31.12808994940208152 ) ) ;
#8662 = DIRECTION ( 'NONE',  ( -1.000000000000000000, -7.709882115452482111E-15, 0.000000000000000000 ) ) ;
#8663 = ORIENTED_EDGE ( 'NONE', *, *, #3766, .F. ) ;
#8664 = CIRCLE ( 'NONE', #5730, 1.000000000000001554 ) ;
#8665 = EDGE_CURVE ( 'NONE', #836, #6612, #2684, .T. ) ;
#8666 = EDGE_CURVE ( 'NONE', #2745, #873, #1280, .T. ) ;
#8667 = DIRECTION ( 'NONE',  ( 6.982962677686266711E-15, -1.000000000000000000, 0.000000000000000000 ) ) ;
#8668 = ORIENTED_EDGE ( 'NONE', *, *, #6484, .F. ) ;
#8669 = ORIENTED_EDGE ( 'NONE', *, *, #7721, .F. ) ;
#8670 =( LENGTH_UNIT ( ) NAMED_UNIT ( * ) SI_UNIT ( .MILLI., .METRE. ) );
#8671 = CARTESIAN_POINT ( 'NONE',  ( -6.400000000000289013, 28.59999999999991616, 32.50000000000000000 ) ) ;
#8672 = VECTOR ( 'NONE', #7315, 1000.000000000000000 ) ;
#8673 = CIRCLE ( 'NONE', #3732, 14.00000000000000178 ) ;
#8674 = VECTOR ( 'NONE', #4978, 1000.000000000000000 ) ;
#8675 = LINE ( 'NONE', #5221, #3479 ) ;
#8676 = DIRECTION ( 'NONE',  ( -0.000000000000000000, -1.000000000000000000, -0.000000000000000000 ) ) ;
#8677 = EDGE_LOOP ( 'NONE', ( #8723, #4781 ) ) ;
#8678 = DIRECTION ( 'NONE',  ( 6.982962677686266711E-15, -1.000000000000000000, 0.000000000000000000 ) ) ;
#8679 = ORIENTED_EDGE ( 'NONE', *, *, #8816, .T. ) ;
#8680 = CARTESIAN_POINT ( 'NONE',  ( 14.99999999999944045, 113.0181803158006915, -19.00000000000001421 ) ) ;
#8681 = CARTESIAN_POINT ( 'NONE',  ( -25.00000000000055778, 113.0181803158003788, -39.00000000000001421 ) ) ;
#8682 = AXIS2_PLACEMENT_3D ( 'NONE', #8705, #3721, #9525 ) ;
#8683 = AXIS2_PLACEMENT_3D ( 'NONE', #2875, #1528, #9501 ) ;
#8684 = ORIENTED_EDGE ( 'NONE', *, *, #8226, .T. ) ;
#8685 = CARTESIAN_POINT ( 'NONE',  ( -58.45845530899383391, 2.999999999999593214, 5.458336687846990998 ) ) ;
#8686 = CARTESIAN_POINT ( 'NONE',  ( 11.19999999999961560, 25.91671842699938466, 34.00000000000000000 ) ) ;
#8687 = ORIENTED_EDGE ( 'NONE', *, *, #5778, .T. ) ;
#8688 = LINE ( 'NONE', #9357, #6197 ) ;
#8689 = DIRECTION ( 'NONE',  ( 0.000000000000000000, 0.000000000000000000, -1.000000000000000000 ) ) ;
#8690 = LINE ( 'NONE', #8729, #5293 ) ;
#8691 = AXIS2_PLACEMENT_3D ( 'NONE', #8328, #6108, #3158 ) ;
#8692 = ORIENTED_EDGE ( 'NONE', *, *, #7860, .T. ) ;
#8693 = ORIENTED_EDGE ( 'NONE', *, *, #8251, .T. ) ;
#8694 = EDGE_CURVE ( 'NONE', #5610, #2391, #9533, .T. ) ;
#8695 = EDGE_CURVE ( 'NONE', #441, #7869, #3967, .T. ) ;
#8696 = LINE ( 'NONE', #2073, #1869 ) ;
#8697 = CARTESIAN_POINT ( 'NONE',  ( 8.100000000000292744, 28.59999999999991971, 34.00000000000000000 ) ) ;
#8698 = ORIENTED_EDGE ( 'NONE', *, *, #6477, .F. ) ;
#8699 = DIRECTION ( 'NONE',  ( 0.000000000000000000, 0.000000000000000000, -1.000000000000000000 ) ) ;
#8700 = VERTEX_POINT ( 'NONE', #2185 ) ;
#8701 = CARTESIAN_POINT ( 'NONE',  ( -30.00000000000002132, 35.99999999999979394, 0.000000000000000000 ) ) ;
#8702 = ORIENTED_EDGE ( 'NONE', *, *, #4228, .T. ) ;
#8703 = ORIENTED_EDGE ( 'NONE', *, *, #2864, .F. ) ;
#8704 = EDGE_CURVE ( 'NONE', #5529, #7414, #783, .T. ) ;
#8705 = CARTESIAN_POINT ( 'NONE',  ( 25.19999999999988916, 9.899999999999993250, 102.7000000000000881 ) ) ;
#8706 = CARTESIAN_POINT ( 'NONE',  ( -1.000000000000279554, 43.00000000000000000, -32.50000000000000000 ) ) ;
#8707 = ORIENTED_EDGE ( 'NONE', *, *, #7991, .F. ) ;
#8708 = ADVANCED_FACE ( 'NONE', ( #452 ), #3409, .F. ) ;
#8709 = ORIENTED_EDGE ( 'NONE', *, *, #5399, .F. ) ;
#8710 = CARTESIAN_POINT ( 'NONE',  ( 4.893962094455817535, 26.04415907812616737, -31.06349440247721105 ) ) ;
#8711 = DIRECTION ( 'NONE',  ( -1.000000000000000000, -0.000000000000000000, -0.000000000000000000 ) ) ;
#8712 = VERTEX_POINT ( 'NONE', #53 ) ;
#8713 = DIRECTION ( 'NONE',  ( 6.982962677686266711E-15, -1.000000000000000000, 0.000000000000000000 ) ) ;
#8714 = ORIENTED_EDGE ( 'NONE', *, *, #2772, .F. ) ;
#8715 = CARTESIAN_POINT ( 'NONE',  ( -60.00000000000000000, 26.00000000000000355, 0.7499999999999986677 ) ) ;
#8716 = DIRECTION ( 'NONE',  ( 0.000000000000000000, 0.000000000000000000, -1.000000000000000000 ) ) ;
#8717 = EDGE_CURVE ( 'NONE', #6894, #4123, #6276, .T. ) ;
#8718 = ORIENTED_EDGE ( 'NONE', *, *, #3578, .F. ) ;
#8719 = DIRECTION ( 'NONE',  ( 6.982962677686267499E-15, -1.000000000000000000, 0.000000000000000000 ) ) ;
#8720 = EDGE_LOOP ( 'NONE', ( #2424, #3419, #4054, #3004, #8566, #2645 ) ) ;
#8721 = FACE_OUTER_BOUND ( 'NONE', #1219, .T. ) ;
#8722 = EDGE_CURVE ( 'NONE', #1612, #7471, #8630, .T. ) ;
#8723 = ORIENTED_EDGE ( 'NONE', *, *, #5769, .T. ) ;
#8724 = LINE ( 'NONE', #9308, #6873 ) ;
#8725 = DIRECTION ( 'NONE',  ( 6.982962677686266711E-15, -1.000000000000000000, 0.000000000000000000 ) ) ;
#8726 = DIRECTION ( 'NONE',  ( 1.000000000000000000, 6.802837160693364202E-15, 0.000000000000000000 ) ) ;
#8727 = AXIS2_PLACEMENT_3D ( 'NONE', #3923, #9011, #3198 ) ;
#8728 = DIRECTION ( 'NONE',  ( -0.000000000000000000, -0.000000000000000000, -1.000000000000000000 ) ) ;
#8729 = CARTESIAN_POINT ( 'NONE',  ( 25.19999999999998863, 6.899999999999999467, -2.914335439641033158E-15 ) ) ;
#8730 = EDGE_LOOP ( 'NONE', ( #4823, #739, #4446, #7969 ) ) ;
#8731 = ORIENTED_EDGE ( 'NONE', *, *, #225, .T. ) ;
#8732 = FACE_BOUND ( 'NONE', #597, .T. ) ;
#8733 = VECTOR ( 'NONE', #3782, 1000.000000000000000 ) ;
#8734 = LINE ( 'NONE', #4336, #9382 ) ;
#8735 = DIRECTION ( 'NONE',  ( -0.000000000000000000, 1.000000000000000000, -0.000000000000000000 ) ) ;
#8736 = ORIENTED_EDGE ( 'NONE', *, *, #6563, .T. ) ;
#8737 = EDGE_CURVE ( 'NONE', #4675, #7818, #6125, .T. ) ;
#8738 = DIRECTION ( 'NONE',  ( 0.000000000000000000, 0.000000000000000000, 1.000000000000000000 ) ) ;
#8739 = FACE_OUTER_BOUND ( 'NONE', #65, .T. ) ;
#8740 = CIRCLE ( 'NONE', #8129, 1.699999999999999289 ) ;
#8741 = EDGE_LOOP ( 'NONE', ( #9050, #1440, #1445, #7526 ) ) ;
#8742 = LINE ( 'NONE', #9323, #5988 ) ;
#8743 = ORIENTED_EDGE ( 'NONE', *, *, #1169, .T. ) ;
#8744 = LINE ( 'NONE', #4347, #5711 ) ;
#8745 = AXIS2_PLACEMENT_3D ( 'NONE', #5716, #4368, #2823 ) ;
#8746 = ORIENTED_EDGE ( 'NONE', *, *, #525, .T. ) ;
#8747 = VECTOR ( 'NONE', #9366, 1000.000000000000000 ) ;
#8748 = LINE ( 'NONE', #3619, #5750 ) ;
#8749 = LINE ( 'NONE', #6422, #4508 ) ;
#8750 = PLANE ( 'NONE',  #1071 ) ;
#8751 = VERTEX_POINT ( 'NONE', #6045 ) ;
#8752 = CARTESIAN_POINT ( 'NONE',  ( 4.874423042781412363, 26.06906078835168472, -31.00000000000000000 ) ) ;
#8753 = ADVANCED_FACE ( 'NONE', ( #7587 ), #1608, .T. ) ;
#8754 = CYLINDRICAL_SURFACE ( 'NONE', #1716, 3.599999999999997424 ) ;
#8755 = ADVANCED_FACE ( 'NONE', ( #1559 ), #8177, .T. ) ;
#8756 = ORIENTED_EDGE ( 'NONE', *, *, #4717, .T. ) ;
#8757 = LINE ( 'NONE', #2143, #4597 ) ;
#8758 = VERTEX_POINT ( 'NONE', #8312 ) ;
#8759 = DIRECTION ( 'NONE',  ( -6.987186840583977580E-15, 1.000000000000000000, -7.888609052210118054E-31 ) ) ;
#8760 = DIRECTION ( 'NONE',  ( -1.000000000000000000, 0.000000000000000000, 0.000000000000000000 ) ) ;
#8761 = AXIS2_PLACEMENT_3D ( 'NONE', #8318, #1753, #3742 ) ;
#8762 = CARTESIAN_POINT ( 'NONE',  ( 6.502183067439875508, 3.000000000000047962, -19.00000000000001421 ) ) ;
#8763 = AXIS2_PLACEMENT_3D ( 'NONE', #5577, #5723, #6301 ) ;
#8764 = EDGE_CURVE ( 'NONE', #5160, #7701, #5363, .T. ) ;
#8765 = ORIENTED_EDGE ( 'NONE', *, *, #2264, .T. ) ;
#8766 = ADVANCED_FACE ( 'NONE', ( #1699 ), #192, .F. ) ;
#8767 = LINE ( 'NONE', #6685, #4759 ) ;
#8768 = ORIENTED_EDGE ( 'NONE', *, *, #2483, .F. ) ;
#8769 = LINE ( 'NONE', #6687, #8287 ) ;
#8770 = CIRCLE ( 'NONE', #3827, 5.749999999999963585 ) ;
#8771 = VECTOR ( 'NONE', #3307, 1000.000000000000000 ) ;
#8772 = VECTOR ( 'NONE', #1695, 1000.000000000000000 ) ;
#8773 = VERTEX_POINT ( 'NONE', #236 ) ;
#8774 =( NAMED_UNIT ( * ) PLANE_ANGLE_UNIT ( ) SI_UNIT ( $, .RADIAN. ) );
#8775 = VECTOR ( 'NONE', #6503, 1000.000000000000000 ) ;
#8776 = CARTESIAN_POINT ( 'NONE',  ( 2.086075048550072347E-13, 3.000000000000002665, 0.000000000000000000 ) ) ;
#8777 = LINE ( 'NONE', #5873, #5522 ) ;
#8778 = DIRECTION ( 'NONE',  ( 0.000000000000000000, 0.000000000000000000, -1.000000000000000000 ) ) ;
#8779 = EDGE_CURVE ( 'NONE', #1055, #9064, #2283, .T. ) ;
#8780 = AXIS2_PLACEMENT_3D ( 'NONE', #6099, #5376, #7462 ) ;
#8781 = VERTEX_POINT ( 'NONE', #3911 ) ;
#8782 = CYLINDRICAL_SURFACE ( 'NONE', #9271, 1.699999999999999289 ) ;
#8783 = EDGE_CURVE ( 'NONE', #3657, #8531, #3183, .T. ) ;
#8784 = EDGE_CURVE ( 'NONE', #9390, #3227, #1650, .T. ) ;
#8785 = DIRECTION ( 'NONE',  ( 6.982962677686266711E-15, -1.000000000000000000, 0.000000000000000000 ) ) ;
#8786 = DIRECTION ( 'NONE',  ( -1.000000000000000000, -6.938893903907226800E-15, 0.000000000000000000 ) ) ;
#8787 = ORIENTED_EDGE ( 'NONE', *, *, #6484, .T. ) ;
#8788 = VECTOR ( 'NONE', #5084, 1000.000000000000000 ) ;
#8789 = DIRECTION ( 'NONE',  ( 1.000000000000000000, 0.000000000000000000, 0.000000000000000000 ) ) ;
#8790 = LINE ( 'NONE', #2170, #1816 ) ;
#8791 = ORIENTED_EDGE ( 'NONE', *, *, #5296, .T. ) ;
#8792 = FACE_OUTER_BOUND ( 'NONE', #7504, .T. ) ;
#8793 = ORIENTED_EDGE ( 'NONE', *, *, #1484, .F. ) ;
#8794 = CARTESIAN_POINT ( 'NONE',  ( 30.00000000000000000, -33.00000000000000000, 1.000000000000001554 ) ) ;
#8795 = EDGE_CURVE ( 'NONE', #4925, #8248, #4586, .T. ) ;
#8796 = VECTOR ( 'NONE', #3495, 1000.000000000000000 ) ;
#8797 = ORIENTED_EDGE ( 'NONE', *, *, #658, .F. ) ;
#8798 = DIRECTION ( 'NONE',  ( 0.000000000000000000, 0.000000000000000000, -1.000000000000000000 ) ) ;
#8799 = AXIS2_PLACEMENT_3D ( 'NONE', #6691, #1714, #3843 ) ;
#8800 = LINE ( 'NONE', #7203, #7909 ) ;
#8801 = CARTESIAN_POINT ( 'NONE',  ( 5.002659884574840454, 31.28697279398943820, 33.52366540055933797 ) ) ;
#8802 = VECTOR ( 'NONE', #3087, 1000.000000000000000 ) ;
#8803 = VERTEX_POINT ( 'NONE', #830 ) ;
#8804 = CARTESIAN_POINT ( 'NONE',  ( 14.99999999999944222, 113.0181803158006915, 39.00000000000002132 ) ) ;
#8805 = CARTESIAN_POINT ( 'NONE',  ( 4.799936326822310032E-14, 26.00000000000000355, 0.000000000000000000 ) ) ;
#8806 = ORIENTED_EDGE ( 'NONE', *, *, #8808, .F. ) ;
#8807 = EDGE_CURVE ( 'NONE', #8991, #7479, #5824, .T. ) ;
#8808 = EDGE_CURVE ( 'NONE', #8852, #6259, #9215, .T. ) ;
#8809 = AXIS2_PLACEMENT_3D ( 'NONE', #6156, #6247, #8534 ) ;
#8810 = CARTESIAN_POINT ( 'NONE',  ( 4.929826503170724017, 26.00000000000003553, -31.00000000000000000 ) ) ;
#8811 = ORIENTED_EDGE ( 'NONE', *, *, #5374, .T. ) ;
#8812 = EDGE_CURVE ( 'NONE', #2517, #8512, #6719, .T. ) ;
#8813 = PLANE ( 'NONE',  #9187 ) ;
#8814 = FACE_OUTER_BOUND ( 'NONE', #8395, .T. ) ;
#8815 = ORIENTED_EDGE ( 'NONE', *, *, #8547, .T. ) ;
#8816 = EDGE_CURVE ( 'NONE', #8660, #3490, #886, .T. ) ;
#8817 = CARTESIAN_POINT ( 'NONE',  ( 9.800000000000292033, 28.59999999999991971, 34.00000000000000000 ) ) ;
#8818 = VERTEX_POINT ( 'NONE', #874 ) ;
#8819 = LINE ( 'NONE', #1423, #1531 ) ;
#8820 = ORIENTED_EDGE ( 'NONE', *, *, #2639, .F. ) ;
#8821 = CARTESIAN_POINT ( 'NONE',  ( 60.00000000000000000, 3.000000000000000000, -15.74999999999997513 ) ) ;
#8822 = ORIENTED_EDGE ( 'NONE', *, *, #418, .F. ) ;
#8823 = EDGE_CURVE ( 'NONE', #7726, #4591, #8230, .T. ) ;
#8824 = AXIS2_PLACEMENT_3D ( 'NONE', #4515, #199, #6729 ) ;
#8825 = CARTESIAN_POINT ( 'NONE',  ( -12.99999999999999645, -0.1999999999999987899, 42.50000000000000000 ) ) ;
#8826 = LINE ( 'NONE', #8099, #3206 ) ;
#8827 = CARTESIAN_POINT ( 'NONE',  ( -14.99999999999978861, 2.999999999999898748, 49.00000000000001421 ) ) ;
#8828 = VECTOR ( 'NONE', #174, 1000.000000000000000 ) ;
#8829 = CARTESIAN_POINT ( 'NONE',  ( -60.00000000000000000, 4.000000000000000000, -4.500000000000004441 ) ) ;
#8830 = DIRECTION ( 'NONE',  ( 0.000000000000000000, 0.000000000000000000, 1.000000000000000000 ) ) ;
#8831 = ORIENTED_EDGE ( 'NONE', *, *, #708, .F. ) ;
#8832 = AXIS2_PLACEMENT_3D ( 'NONE', #3101, #5321, #6182 ) ;
#8833 = VECTOR ( 'NONE', #726, 1000.000000000000000 ) ;
#8834 = LINE ( 'NONE', #6697, #9433 ) ;
#8835 = ADVANCED_FACE ( 'NONE', ( #8739 ), #4439, .T. ) ;
#8836 = DIRECTION ( 'NONE',  ( 6.982962677686266711E-15, -1.000000000000000000, 0.000000000000000000 ) ) ;
#8837 = DIRECTION ( 'NONE',  ( 0.000000000000000000, 0.000000000000000000, 1.000000000000000000 ) ) ;
#8838 = EDGE_LOOP ( 'NONE', ( #2056, #2915, #5492, #8628 ) ) ;
#8839 = VECTOR ( 'NONE', #7326, 1000.000000000000000 ) ;
#8840 = LINE ( 'NONE', #2986, #2958 ) ;
#8841 = PLANE ( 'NONE',  #5989 ) ;
#8842 = ORIENTED_EDGE ( 'NONE', *, *, #8737, .T. ) ;
#8843 = CARTESIAN_POINT ( 'NONE',  ( 59.00000000000020606, 3.000000000000415668, -5.000000000000000000 ) ) ;
#8844 = ORIENTED_EDGE ( 'NONE', *, *, #2641, .F. ) ;
#8845 = EDGE_CURVE ( 'NONE', #9360, #2825, #2315, .T. ) ;
#8846 = CARTESIAN_POINT ( 'NONE',  ( -60.00000000000000000, 4.000000000000000000, 0.000000000000000000 ) ) ;
#8847 = ORIENTED_EDGE ( 'NONE', *, *, #1210, .T. ) ;
#8848 = LINE ( 'NONE', #4305, #9452 ) ;
#8849 = DIRECTION ( 'NONE',  ( 0.000000000000000000, 0.000000000000000000, -1.000000000000000000 ) ) ;
#8850 = DIRECTION ( 'NONE',  ( 0.000000000000000000, 0.000000000000000000, 1.000000000000000000 ) ) ;
#8851 = DIRECTION ( 'NONE',  ( 6.982962677686266711E-15, -1.000000000000000000, 0.000000000000000000 ) ) ;
#8852 = VERTEX_POINT ( 'NONE', #1487 ) ;
#8853 = DIRECTION ( 'NONE',  ( -1.000000000000000000, 0.000000000000000000, 0.000000000000000000 ) ) ;
#8854 = CARTESIAN_POINT ( 'NONE',  ( 2.499999999999830358, 24.48999999999986343, 32.50000000000000000 ) ) ;
#8855 = ORIENTED_EDGE ( 'NONE', *, *, #5090, .T. ) ;
#8856 = DIRECTION ( 'NONE',  ( 0.000000000000000000, 0.000000000000000000, 1.000000000000000000 ) ) ;
#8857 = PLANE ( 'NONE',  #894 ) ;
#8858 = ORIENTED_EDGE ( 'NONE', *, *, #4208, .T. ) ;
#8859 = CARTESIAN_POINT ( 'NONE',  ( 11.29999999999960458, 26.00000000000008171, -32.50000000000000000 ) ) ;
#8860 = DIRECTION ( 'NONE',  ( 1.000000000000000000, 6.982962677686266711E-15, 0.000000000000000000 ) ) ;
#8861 = VERTEX_POINT ( 'NONE', #7436 ) ;
#8862 = EDGE_CURVE ( 'NONE', #1215, #5637, #2426, .T. ) ;
#8863 = EDGE_CURVE ( 'NONE', #3344, #9218, #715, .T. ) ;
#8864 = DIRECTION ( 'NONE',  ( 1.000000000000000000, 7.709882115452482111E-15, 0.000000000000000000 ) ) ;
#8865 = ORIENTED_EDGE ( 'NONE', *, *, #8013, .F. ) ;
#8866 = CARTESIAN_POINT ( 'NONE',  ( 15.00000000000020961, 3.000000000000106581, -19.00000000000001421 ) ) ;
#8867 = ORIENTED_EDGE ( 'NONE', *, *, #4766, .F. ) ;
#8868 = DIRECTION ( 'NONE',  ( -0.8923787451257834125, -6.231447471573851243E-15, 0.4512872425049614389 ) ) ;
#8869 = VERTEX_POINT ( 'NONE', #1592 ) ;
#8870 = DIRECTION ( 'NONE',  ( -1.000000000000000000, -6.746146851020921650E-15, 0.000000000000000000 ) ) ;
#8871 = DIRECTION ( 'NONE',  ( 6.982962677686266711E-15, -1.000000000000000000, 0.000000000000000000 ) ) ;
#8872 = CARTESIAN_POINT ( 'NONE',  ( -2.793185071074506684E-13, 43.00000000000000000, -32.50000000000000000 ) ) ;
#8873 = CARTESIAN_POINT ( 'NONE',  ( 4.946254223730201183, 31.22248506980701066, -31.23342370907144527 ) ) ;
#8874 = FACE_OUTER_BOUND ( 'NONE', #4763, .T. ) ;
#8875 = ORIENTED_EDGE ( 'NONE', *, *, #3610, .F. ) ;
#8876 = EDGE_CURVE ( 'NONE', #9356, #4193, #6606, .T. ) ;
#8877 = CARTESIAN_POINT ( 'NONE',  ( -12.99999999999999645, -1.000000000000001998, 42.50000000000000000 ) ) ;
#8878 = PLANE ( 'NONE',  #8925 ) ;
#8879 = LINE ( 'NONE', #2214, #1334 ) ;
#8880 = VERTEX_POINT ( 'NONE', #673 ) ;
#8881 = VECTOR ( 'NONE', #7560, 1000.000000000000000 ) ;
#8882 = DIRECTION ( 'NONE',  ( 6.982962677686265922E-15, -1.000000000000000000, -0.000000000000000000 ) ) ;
#8883 = DIRECTION ( 'NONE',  ( -0.000000000000000000, -0.000000000000000000, 1.000000000000000000 ) ) ;
#8884 = EDGE_LOOP ( 'NONE', ( #8620, #7732, #5981, #5483 ) ) ;
#8885 = CARTESIAN_POINT ( 'NONE',  ( 0.9999999999997210010, 43.00000000000000711, -32.50000000000000000 ) ) ;
#8886 = EDGE_LOOP ( 'NONE', ( #8038, #6373, #5173, #6771 ) ) ;
#8887 = AXIS2_PLACEMENT_3D ( 'NONE', #4025, #3348, #2572 ) ;
#8888 = EDGE_CURVE ( 'NONE', #7552, #2752, #815, .T. ) ;
#8889 = DIRECTION ( 'NONE',  ( 1.000000000000000000, 0.000000000000000000, 0.000000000000000000 ) ) ;
#8890 = VECTOR ( 'NONE', #3067, 1000.000000000000000 ) ;
#8891 = ORIENTED_EDGE ( 'NONE', *, *, #3491, .T. ) ;
#8892 = ADVANCED_FACE ( 'NONE', ( #3762 ), #8841, .F. ) ;
#8893 = DIRECTION ( 'NONE',  ( 0.000000000000000000, 0.000000000000000000, -1.000000000000000000 ) ) ;
#8894 = CARTESIAN_POINT ( 'NONE',  ( -6.502183067439431419, -4.163336342344337027E-14, -19.00000000000001421 ) ) ;
#8895 = CARTESIAN_POINT ( 'NONE',  ( -22.99999999999999645, 6.899999999999999467, 49.20000000000001705 ) ) ;
#8896 = FACE_OUTER_BOUND ( 'NONE', #6786, .T. ) ;
#8897 = ORIENTED_EDGE ( 'NONE', *, *, #7047, .F. ) ;
#8898 = CARTESIAN_POINT ( 'NONE',  ( 0.9999999999997105649, 44.50000000000001421, -32.50000000000000000 ) ) ;
#8899 = LINE ( 'NONE', #6090, #5878 ) ;
#8900 = VERTEX_POINT ( 'NONE', #6702 ) ;
#8901 = DIRECTION ( 'NONE',  ( -6.982962677686266711E-15, 1.000000000000000000, 0.000000000000000000 ) ) ;
#8902 = AXIS2_PLACEMENT_3D ( 'NONE', #2488, #5391, #4533 ) ;
#8903 = CARTESIAN_POINT ( 'NONE',  ( 60.00000000000000000, -33.00000000000000000, -60.00000000000000000 ) ) ;
#8904 = VERTEX_POINT ( 'NONE', #8020 ) ;
#8905 = VECTOR ( 'NONE', #3332, 1000.000000000000000 ) ;
#8906 = EDGE_CURVE ( 'NONE', #5021, #816, #7629, .T. ) ;
#8907 = VECTOR ( 'NONE', #4696, 1000.000000000000000 ) ;
#8908 = DIRECTION ( 'NONE',  ( 6.982962677686265922E-15, -1.000000000000000000, 0.000000000000000000 ) ) ;
#8909 = DIRECTION ( 'NONE',  ( 0.000000000000000000, 0.000000000000000000, 1.000000000000000000 ) ) ;
#8910 = ORIENTED_EDGE ( 'NONE', *, *, #8965, .T. ) ;
#8911 = CARTESIAN_POINT ( 'NONE',  ( 60.00000000000000000, 4.000000000000000000, -1.387778780781445676E-14 ) ) ;
#8912 = ORIENTED_EDGE ( 'NONE', *, *, #5500, .T. ) ;
#8913 = LINE ( 'NONE', #4373, #4466 ) ;
#8914 = VERTEX_POINT ( 'NONE', #8067 ) ;
#8915 = CARTESIAN_POINT ( 'NONE',  ( -6.400000000000289013, 28.59999999999991616, -32.50000000000000000 ) ) ;
#8916 = VECTOR ( 'NONE', #1797, 1000.000000000000000 ) ;
#8917 = EDGE_CURVE ( 'NONE', #9296, #7441, #5786, .T. ) ;
#8918 = VERTEX_POINT ( 'NONE', #5839 ) ;
#8919 = LINE ( 'NONE', #5819, #8890 ) ;
#8920 = CARTESIAN_POINT ( 'NONE',  ( 25.99999999999998224, -1.000000000000007772, 50.40000000000001279 ) ) ;
#8921 = FACE_OUTER_BOUND ( 'NONE', #1201, .T. ) ;
#8922 = AXIS2_PLACEMENT_3D ( 'NONE', #8084, #5135, #733 ) ;
#8923 = DIRECTION ( 'NONE',  ( -1.000000000000000000, -6.938893903907228378E-15, -0.000000000000000000 ) ) ;
#8924 = LINE ( 'NONE', #2305, #5595 ) ;
#8925 = AXIS2_PLACEMENT_3D ( 'NONE', #2165, #1481, #5111 ) ;
#8926 = EDGE_LOOP ( 'NONE', ( #7601, #3560, #5072, #6459, #6235, #5407 ) ) ;
#8927 = CARTESIAN_POINT ( 'NONE',  ( 55.86932208953549406, 3.920475055707584033E-13, 13.99999999999999112 ) ) ;
#8928 = AXIS2_PLACEMENT_3D ( 'NONE', #2538, #5348, #3218 ) ;
#8929 = CIRCLE ( 'NONE', #3527, 1.000000000000001554 ) ;
#8930 = CARTESIAN_POINT ( 'NONE',  ( 3.815756805667828822, 26.00000000000002842, -1.500000000000003553 ) ) ;
#8931 = CIRCLE ( 'NONE', #2436, 7.599999999999999645 ) ;
#8932 = CARTESIAN_POINT ( 'NONE',  ( -8.100000000000289191, 28.59999999999991616, -31.00000000000000000 ) ) ;
#8933 = EDGE_LOOP ( 'NONE', ( #5396, #201, #1897, #3787 ) ) ;
#8934 = EDGE_CURVE ( 'NONE', #3500, #4942, #8937, .T. ) ;
#8935 = AXIS2_PLACEMENT_3D ( 'NONE', #1277, #4078, #9347 ) ;
#8936 = CYLINDRICAL_SURFACE ( 'NONE', #2188, 14.00000000000000178 ) ;
#8937 = LINE ( 'NONE', #1442, #3671 ) ;
#8938 = VERTEX_POINT ( 'NONE', #1538 ) ;
#8939 = DIRECTION ( 'NONE',  ( 0.000000000000000000, 0.000000000000000000, -1.000000000000000000 ) ) ;
#8940 = ORIENTED_EDGE ( 'NONE', *, *, #4447, .T. ) ;
#8941 =( NAMED_UNIT ( * ) PLANE_ANGLE_UNIT ( ) SI_UNIT ( $, .RADIAN. ) );
#8942 = AXIS2_PLACEMENT_3D ( 'NONE', #245, #8565, #533 ) ;
#8943 = VERTEX_POINT ( 'NONE', #1395 ) ;
#8944 = CARTESIAN_POINT ( 'NONE',  ( -11.19999999999992646, 24.49999999999992184, 34.00000000000000000 ) ) ;
#8945 = LINE ( 'NONE', #6889, #6047 ) ;
#8946 = EDGE_CURVE ( 'NONE', #5078, #9129, #4340, .T. ) ;
#8947 = DIRECTION ( 'NONE',  ( 0.000000000000000000, -0.000000000000000000, 1.000000000000000000 ) ) ;
#8948 = DIRECTION ( 'NONE',  ( 0.000000000000000000, 0.000000000000000000, 1.000000000000000000 ) ) ;
#8949 = ORIENTED_EDGE ( 'NONE', *, *, #8485, .F. ) ;
#8950 = LINE ( 'NONE', #7541, #442 ) ;
#8951 = DIRECTION ( 'NONE',  ( 0.000000000000000000, 0.000000000000000000, -1.000000000000000000 ) ) ;
#8952 = VECTOR ( 'NONE', #6086, 1000.000000000000000 ) ;
#8953 = ORIENTED_EDGE ( 'NONE', *, *, #6403, .F. ) ;
#8954 = DIRECTION ( 'NONE',  ( -6.982962677686266711E-15, 1.000000000000000000, 0.000000000000000000 ) ) ;
#8955 = VECTOR ( 'NONE', #445, 1000.000000000000000 ) ;
#8956 = DIRECTION ( 'NONE',  ( -1.000000000000000000, -7.080503983578805401E-15, 0.000000000000000000 ) ) ;
#8957 = ORIENTED_EDGE ( 'NONE', *, *, #7621, .T. ) ;
#8958 = EDGE_CURVE ( 'NONE', #9381, #1932, #619, .T. ) ;
#8959 = CARTESIAN_POINT ( 'NONE',  ( 4.874423042781294235, 43.00000000000003553, -34.00000000000000000 ) ) ;
#8960 = DIRECTION ( 'NONE',  ( -0.000000000000000000, -0.000000000000000000, -1.000000000000000000 ) ) ;
#8961 = ORIENTED_EDGE ( 'NONE', *, *, #418, .T. ) ;
#8962 = DIRECTION ( 'NONE',  ( -1.156482317317870739E-16, -0.000000000000000000, -1.000000000000000000 ) ) ;
#8963 = CARTESIAN_POINT ( 'NONE',  ( 25.20000000000003482, 3.000000000000000000, 19.00000000000000355 ) ) ;
#8964 = ORIENTED_EDGE ( 'NONE', *, *, #928, .T. ) ;
#8965 = EDGE_CURVE ( 'NONE', #4842, #8589, #9512, .T. ) ;
#8966 = DIRECTION ( 'NONE',  ( 0.000000000000000000, 0.000000000000000000, 1.000000000000000000 ) ) ;
#8967 = EDGE_CURVE ( 'NONE', #3635, #6582, #8790, .T. ) ;
#8968 = AXIS2_PLACEMENT_3D ( 'NONE', #7974, #3529, #2943 ) ;
#8969 = ORIENTED_EDGE ( 'NONE', *, *, #232, .T. ) ;
#8970 = CARTESIAN_POINT ( 'NONE',  ( 12.00000000000015277, 11.00000000000008527, 1.499999999999999112 ) ) ;
#8971 = DIRECTION ( 'NONE',  ( 0.000000000000000000, 1.000000000000000000, 0.000000000000000000 ) ) ;
#8972 = CIRCLE ( 'NONE', #1560, 10.00000000000000178 ) ;
#8973 = DIRECTION ( 'NONE',  ( -0.000000000000000000, -0.000000000000000000, 1.000000000000000000 ) ) ;
#8974 = CYLINDRICAL_SURFACE ( 'NONE', #8691, 14.00000000000000178 ) ;
#8975 = EDGE_LOOP ( 'NONE', ( #1619, #7985 ) ) ;
#8976 = DIRECTION ( 'NONE',  ( 0.000000000000000000, 0.000000000000000000, 1.000000000000000000 ) ) ;
#8977 = AXIS2_PLACEMENT_3D ( 'NONE', #2149, #1372, #4318 ) ;
#8978 = AXIS2_PLACEMENT_3D ( 'NONE', #7627, #6000, #9034 ) ;
#8979 = DIRECTION ( 'NONE',  ( 6.982962677686266711E-15, -1.000000000000000000, 0.000000000000000000 ) ) ;
#8980 = DIRECTION ( 'NONE',  ( 0.000000000000000000, 1.000000000000000000, -0.000000000000000000 ) ) ;
#8981 = ORIENTED_EDGE ( 'NONE', *, *, #3335, .T. ) ;
#8982 = DIRECTION ( 'NONE',  ( -0.000000000000000000, 0.000000000000000000, -1.000000000000000000 ) ) ;
#8983 = LINE ( 'NONE', #4536, #7219 ) ;
#8984 = EDGE_CURVE ( 'NONE', #3382, #3657, #5205, .T. ) ;
#8985 = AXIS2_PLACEMENT_3D ( 'NONE', #6020, #2350, #9015 ) ;
#8986 = ADVANCED_FACE ( 'NONE', ( #2217 ), #5162, .F. ) ;
#8987 = CIRCLE ( 'NONE', #3577, 11.29999999999999893 ) ;
#8988 = EDGE_LOOP ( 'NONE', ( #6232, #7108, #5057, #6972 ) ) ;
#8989 = ORIENTED_EDGE ( 'NONE', *, *, #626, .F. ) ;
#8990 =( LENGTH_UNIT ( ) NAMED_UNIT ( * ) SI_UNIT ( .MILLI., .METRE. ) );
#8991 = VERTEX_POINT ( 'NONE', #3898 ) ;
#8992 = CIRCLE ( 'NONE', #4822, 9.600000000000001421 ) ;
#8993 = DIRECTION ( 'NONE',  ( 6.982962677686266711E-15, -1.000000000000000000, -0.000000000000000000 ) ) ;
#8994 = VERTEX_POINT ( 'NONE', #857 ) ;
#8995 = CARTESIAN_POINT ( 'NONE',  ( -2.500000000000179412, 25.99999999999998579, 33.75000000000000000 ) ) ;
#8996 = CIRCLE ( 'NONE', #4828, 4.099999999999999645 ) ;
#8997 = DIRECTION ( 'NONE',  ( 1.000000000000000000, 6.982962677686266711E-15, 0.000000000000000000 ) ) ;
#8998 = ORIENTED_EDGE ( 'NONE', *, *, #1338, .F. ) ;
#8999 = ADVANCED_FACE ( 'NONE', ( #8296 ), #2401, .T. ) ;
#9000 = DIRECTION ( 'NONE',  ( 0.000000000000000000, 0.000000000000000000, -1.000000000000000000 ) ) ;
#9001 = CARTESIAN_POINT ( 'NONE',  ( 5.099999999999718092, 43.00000000000003553, 32.50000000000000000 ) ) ;
#9002 = AXIS2_PLACEMENT_3D ( 'NONE', #6120, #6802, #7663 ) ;
#9003 = DIRECTION ( 'NONE',  ( -1.000000000000000000, 0.000000000000000000, -0.000000000000000000 ) ) ;
#9004 = CARTESIAN_POINT ( 'NONE',  ( -8.100000000000289191, 28.59999999999991616, -31.00000000000000000 ) ) ;
#9005 = ORIENTED_EDGE ( 'NONE', *, *, #232, .F. ) ;
#9006 = DIRECTION ( 'NONE',  ( 0.000000000000000000, 0.000000000000000000, 1.000000000000000000 ) ) ;
#9007 = DIRECTION ( 'NONE',  ( 6.982962677686266711E-15, -1.000000000000000000, 0.000000000000000000 ) ) ;
#9008 = VERTEX_POINT ( 'NONE', #8430 ) ;
#9009 = DIRECTION ( 'NONE',  ( -6.987186840583977580E-15, 1.000000000000000000, 7.888609052210118054E-31 ) ) ;
#9010 = ORIENTED_EDGE ( 'NONE', *, *, #9341, .F. ) ;
#9011 = DIRECTION ( 'NONE',  ( -0.000000000000000000, -1.000000000000000000, -0.000000000000000000 ) ) ;
#9012 = CARTESIAN_POINT ( 'NONE',  ( 60.00000000000022027, 4.232725281383409310E-13, -10.00000000000000000 ) ) ;
#9013 = EDGE_CURVE ( 'NONE', #7241, #3382, #6029, .T. ) ;
#9014 = DIRECTION ( 'NONE',  ( -1.000000000000000000, -6.847592668329496333E-15, 0.000000000000000000 ) ) ;
#9015 = DIRECTION ( 'NONE',  ( 0.000000000000000000, 0.000000000000000000, 1.000000000000000000 ) ) ;
#9016 = EDGE_LOOP ( 'NONE', ( #9212, #6778, #2019, #9122 ) ) ;
#9017 = FACE_BOUND ( 'NONE', #8320, .T. ) ;
#9018 = ADVANCED_FACE ( 'NONE', ( #175 ), #1729, .T. ) ;
#9019 = FACE_BOUND ( 'NONE', #9165, .T. ) ;
#9020 = LINE ( 'NONE', #6252, #7686 ) ;
#9021 = DIRECTION ( 'NONE',  ( -0.000000000000000000, 1.000000000000000000, -0.000000000000000000 ) ) ;
#9022 = VERTEX_POINT ( 'NONE', #910 ) ;
#9023 = DIRECTION ( 'NONE',  ( 0.000000000000000000, 0.000000000000000000, 1.000000000000000000 ) ) ;
#9024 = DIRECTION ( 'NONE',  ( -0.000000000000000000, -0.000000000000000000, -1.000000000000000000 ) ) ;
#9025 = ORIENTED_EDGE ( 'NONE', *, *, #6166, .F. ) ;
#9026 = ORIENTED_EDGE ( 'NONE', *, *, #7693, .T. ) ;
#9027 = CARTESIAN_POINT ( 'NONE',  ( -64.81245028383381168, -4.510281037539698445E-13, -13.14687500000003695 ) ) ;
#9028 = EDGE_CURVE ( 'NONE', #9557, #4148, #6803, .T. ) ;
#9029 = LINE ( 'NONE', #8345, #1546 ) ;
#9030 = DIRECTION ( 'NONE',  ( 0.000000000000000000, 0.000000000000000000, -1.000000000000000000 ) ) ;
#9031 = STYLED_ITEM ( 'NONE', ( #5715 ), #4594 ) ;
#9032 = ORIENTED_EDGE ( 'NONE', *, *, #881, .F. ) ;
#9033 = CARTESIAN_POINT ( 'NONE',  ( 8.100000000000292744, 28.59999999999991971, 34.00000000000000000 ) ) ;
#9034 = DIRECTION ( 'NONE',  ( 0.000000000000000000, 0.000000000000000000, 1.000000000000000000 ) ) ;
#9035 = ORIENTED_EDGE ( 'NONE', *, *, #2650, .F. ) ;
#9036 = DIRECTION ( 'NONE',  ( -1.000000000000000000, 0.000000000000000000, 0.000000000000000000 ) ) ;
#9037 = CARTESIAN_POINT ( 'NONE',  ( 60.00000000000020606, 3.000000000000422329, 0.000000000000000000 ) ) ;
#9038 = VECTOR ( 'NONE', #2677, 1000.000000000000000 ) ;
#9039 = CARTESIAN_POINT ( 'NONE',  ( 8.100000000000292744, 28.59999999999991971, 34.00000000000000000 ) ) ;
#9040 = DIRECTION ( 'NONE',  ( 0.000000000000000000, 0.000000000000000000, -1.000000000000000000 ) ) ;
#9041 = ORIENTED_EDGE ( 'NONE', *, *, #7800, .T. ) ;
#9042 = EDGE_CURVE ( 'NONE', #5318, #2203, #8983, .T. ) ;
#9043 = EDGE_CURVE ( 'NONE', #3692, #8712, #6597, .T. ) ;
#9044 = LINE ( 'NONE', #6011, #5737 ) ;
#9045 = VECTOR ( 'NONE', #4973, 1000.000000000000000 ) ;
#9046 = DIRECTION ( 'NONE',  ( -1.000000000000000000, 0.000000000000000000, 0.000000000000000000 ) ) ;
#9047 = EDGE_LOOP ( 'NONE', ( #6714, #4333 ) ) ;
#9048 = CARTESIAN_POINT ( 'NONE',  ( -8.100000000000289191, 28.59999999999991616, 34.00000000000000000 ) ) ;
#9049 = VECTOR ( 'NONE', #3147, 1000.000000000000000 ) ;
#9050 = ORIENTED_EDGE ( 'NONE', *, *, #5032, .T. ) ;
#9051 = DIRECTION ( 'NONE',  ( -6.987186840583977580E-15, 1.000000000000000000, 0.000000000000000000 ) ) ;
#9052 = CARTESIAN_POINT ( 'NONE',  ( 60.00000000000000000, 4.000000000000000000, -10.00000000000001243 ) ) ;
#9053 = VECTOR ( 'NONE', #7895, 1000.000000000000000 ) ;
#9054 = EDGE_CURVE ( 'NONE', #9058, #6379, #1827, .T. ) ;
#9055 = DIRECTION ( 'NONE',  ( 1.000000000000000000, -1.530638361156006245E-16, 0.000000000000000000 ) ) ;
#9056 = FACE_OUTER_BOUND ( 'NONE', #923, .T. ) ;
#9057 = VECTOR ( 'NONE', #6732, 1000.000000000000000 ) ;
#9058 = VERTEX_POINT ( 'NONE', #3130 ) ;
#9059 = DIRECTION ( 'NONE',  ( -6.982962677686266711E-15, 1.000000000000000000, 0.000000000000000000 ) ) ;
#9060 = CARTESIAN_POINT ( 'NONE',  ( -60.00000000000000000, -33.00000000000000000, 60.00000000000000000 ) ) ;
#9061 = CIRCLE ( 'NONE', #4128, 0.7499999999999986677 ) ;
#9062 = DIRECTION ( 'NONE',  ( -0.4512872425049601621, -3.151321971328088097E-15, -0.8923787451257841896 ) ) ;
#9063 = DIRECTION ( 'NONE',  ( 1.000000000000000000, 0.000000000000000000, 0.000000000000000000 ) ) ;
#9064 = VERTEX_POINT ( 'NONE', #7615 ) ;
#9065 = ADVANCED_FACE ( 'NONE', ( #6163 ), #5394, .F. ) ;
#9066 = FACE_OUTER_BOUND ( 'NONE', #9391, .T. ) ;
#9067 = FACE_OUTER_BOUND ( 'NONE', #7083, .T. ) ;
#9068 = AXIS2_PLACEMENT_3D ( 'NONE', #7348, #2044, #9384 ) ;
#9069 = ORIENTED_EDGE ( 'NONE', *, *, #224, .F. ) ;
#9070 = ORIENTED_EDGE ( 'NONE', *, *, #7509, .F. ) ;
#9071 = CARTESIAN_POINT ( 'NONE',  ( 60.00000000000000000, 4.000000000000000000, -10.00000000000001243 ) ) ;
#9072 = ADVANCED_FACE ( 'NONE', ( #4625 ), #1772, .F. ) ;
#9073 = ADVANCED_FACE ( 'NONE', ( #5487 ), #7571, .F. ) ;
#9074 = VECTOR ( 'NONE', #9179, 1000.000000000000000 ) ;
#9075 = VECTOR ( 'NONE', #5102, 1000.000000000000000 ) ;
#9076 = AXIS2_PLACEMENT_3D ( 'NONE', #8444, #2455, #6222 ) ;
#9077 = DIRECTION ( 'NONE',  ( -1.000000000000000000, -7.061706185392312380E-15, 0.000000000000000000 ) ) ;
#9078 = DIRECTION ( 'NONE',  ( 0.000000000000000000, 0.000000000000000000, 1.000000000000000000 ) ) ;
#9079 = VERTEX_POINT ( 'NONE', #9117 ) ;
#9080 = CARTESIAN_POINT ( 'NONE',  ( 12.20000000000029416, 28.59999999999991971, -32.50000000000000000 ) ) ;
#9081 = EDGE_LOOP ( 'NONE', ( #5331, #4437 ) ) ;
#9082 = AXIS2_PLACEMENT_3D ( 'NONE', #1658, #3150, #4605 ) ;
#9083 = CARTESIAN_POINT ( 'NONE',  ( 11.27017349682989611, 26.00000000000008171, -33.32048117062144854 ) ) ;
#9084 = EDGE_LOOP ( 'NONE', ( #3148, #6723, #6317, #8031, #5377, #7837 ) ) ;
#9085 = DIRECTION ( 'NONE',  ( -6.987186840583977580E-15, 1.000000000000000000, -7.888609052210118054E-31 ) ) ;
#9086 = LINE ( 'NONE', #2464, #4655 ) ;
#9087 = DIRECTION ( 'NONE',  ( 0.000000000000000000, 0.000000000000000000, -1.000000000000000000 ) ) ;
#9088 = VERTEX_POINT ( 'NONE', #2492 ) ;
#9089 = DIRECTION ( 'NONE',  ( 6.982962677686266711E-15, -1.000000000000000000, -0.000000000000000000 ) ) ;
#9090 = ADVANCED_FACE ( 'NONE', ( #9067 ), #2446, .F. ) ;
#9091 = ADVANCED_FACE ( 'NONE', ( #8256 ), #958, .F. ) ;
#9092 = DIRECTION ( 'NONE',  ( 0.000000000000000000, 0.000000000000000000, 1.000000000000000000 ) ) ;
#9093 = VERTEX_POINT ( 'NONE', #9163 ) ;
#9094 = LINE ( 'NONE', #8366, #8907 ) ;
#9095 = EDGE_CURVE ( 'NONE', #3952, #8484, #1633, .T. ) ;
#9096 = VECTOR ( 'NONE', #6040, 1000.000000000000000 ) ;
#9097 = ORIENTED_EDGE ( 'NONE', *, *, #9054, .T. ) ;
#9098 = STYLED_ITEM ( 'NONE', ( #140 ), #1336 ) ;
#9099 = EDGE_CURVE ( 'NONE', #4322, #5660, #4029, .T. ) ;
#9100 = CARTESIAN_POINT ( 'NONE',  ( 8.100000000000292744, 28.59999999999991971, 34.00000000000000000 ) ) ;
#9101 = CARTESIAN_POINT ( 'NONE',  ( -2.500000000000179412, 25.99999999999998579, 33.75000000000000000 ) ) ;
#9102 = PLANE ( 'NONE',  #4249 ) ;
#9103 = PLANE ( 'NONE',  #4983 ) ;
#9104 = VECTOR ( 'NONE', #863, 1000.000000000000000 ) ;
#9105 = DIRECTION ( 'NONE',  ( -1.000000000000000000, -6.982962677686266711E-15, -6.209932073980642799E-17 ) ) ;
#9106 = VERTEX_POINT ( 'NONE', #6981 ) ;
#9107 = FACE_OUTER_BOUND ( 'NONE', #2461, .T. ) ;
#9108 = DIRECTION ( 'NONE',  ( -1.000000000000000000, -6.938893903907226800E-15, 0.000000000000000000 ) ) ;
#9109 = ADVANCED_FACE ( 'NONE', ( #6111 ), #1720, .F. ) ;
#9110 = CARTESIAN_POINT ( 'NONE',  ( -4.912478887370430591, 26.02115190455513982, 31.12808994940142426 ) ) ;
#9111 = FACE_OUTER_BOUND ( 'NONE', #6327, .T. ) ;
#9112 = AXIS2_PLACEMENT_3D ( 'NONE', #2929, #2393, #4433 ) ;
#9113 = ORIENTED_EDGE ( 'NONE', *, *, #147, .T. ) ;
#9114 = CARTESIAN_POINT ( 'NONE',  ( -6.999999999999995559, 3.500000000000001332, 50.40000000000001279 ) ) ;
#9115 = EDGE_CURVE ( 'NONE', #6554, #5488, #2438, .T. ) ;
#9116 = DIRECTION ( 'NONE',  ( -6.987186840583977580E-15, 1.000000000000000000, 7.888609052210118054E-31 ) ) ;
#9117 = CARTESIAN_POINT ( 'NONE',  ( 2.499999999999820588, 26.00000000000002132, 33.75000000000000000 ) ) ;
#9118 = ORIENTED_EDGE ( 'NONE', *, *, #6984, .F. ) ;
#9119 = VERTEX_POINT ( 'NONE', #3303 ) ;
#9120 = CIRCLE ( 'NONE', #1570, 1.749999999999895639 ) ;
#9121 = CARTESIAN_POINT ( 'NONE',  ( -60.00000000000000000, 4.000000000000000000, 10.00000000000000000 ) ) ;
#9122 = ORIENTED_EDGE ( 'NONE', *, *, #6375, .T. ) ;
#9123 = CIRCLE ( 'NONE', #8824, 10.00000000000000178 ) ;
#9124 = AXIS2_PLACEMENT_3D ( 'NONE', #2759, #7254, #6525 ) ;
#9125 = FACE_OUTER_BOUND ( 'NONE', #134, .T. ) ;
#9126 = EDGE_CURVE ( 'NONE', #198, #8589, #1675, .T. ) ;
#9127 = CIRCLE ( 'NONE', #7580, 4.100000000000002309 ) ;
#9128 = PRESENTATION_STYLE_ASSIGNMENT (( #6172 ) ) ;
#9129 = VERTEX_POINT ( 'NONE', #1032 ) ;
#9130 = CARTESIAN_POINT ( 'NONE',  ( 2.499999999999820588, 26.00000000000002132, -33.75000000000000000 ) ) ;
#9131 = VERTEX_POINT ( 'NONE', #898 ) ;
#9132 = CARTESIAN_POINT ( 'NONE',  ( -2.500000000000169198, 24.49999999999998224, -32.50000000000000000 ) ) ;
#9133 = EDGE_LOOP ( 'NONE', ( #8224, #1904 ) ) ;
#9134 = AXIS2_PLACEMENT_3D ( 'NONE', #6473, #821, #9431 ) ;
#9135 = CIRCLE ( 'NONE', #4977, 7.599999999999999645 ) ;
#9136 = EDGE_CURVE ( 'NONE', #7653, #4193, #4137, .T. ) ;
#9137 = VERTEX_POINT ( 'NONE', #7564 ) ;
#9138 = CARTESIAN_POINT ( 'NONE',  ( -12.99999999999996270, 27.04163056034252932, 34.00000000000000000 ) ) ;
#9139 = DIRECTION ( 'NONE',  ( 0.000000000000000000, 1.000000000000000000, -0.000000000000000000 ) ) ;
#9140 = LINE ( 'NONE', #4010, #3741 ) ;
#9141 = ORIENTED_EDGE ( 'NONE', *, *, #337, .T. ) ;
#9142 = PLANE ( 'NONE',  #3200 ) ;
#9143 = CARTESIAN_POINT ( 'NONE',  ( 29.99999999999997868, 36.00000000000021316, 0.000000000000000000 ) ) ;
#9144 = ORIENTED_EDGE ( 'NONE', *, *, #3132, .T. ) ;
#9145 = ORIENTED_EDGE ( 'NONE', *, *, #4989, .F. ) ;
#9146 = ORIENTED_EDGE ( 'NONE', *, *, #4858, .F. ) ;
#9147 = EDGE_CURVE ( 'NONE', #8393, #7748, #3931, .T. ) ;
#9148 = DIRECTION ( 'NONE',  ( 1.000000000000000000, 6.987186840583977580E-15, 0.000000000000000000 ) ) ;
#9149 = LINE ( 'NONE', #1952, #1230 ) ;
#9150 = ADVANCED_FACE ( 'NONE', ( #9107 ), #6794, .F. ) ;
#9151 = LINE ( 'NONE', #2626, #2095 ) ;
#9152 = CARTESIAN_POINT ( 'NONE',  ( -8.100000000000289191, 28.59999999999991616, -34.00000000000000000 ) ) ;
#9153 = DIRECTION ( 'NONE',  ( 0.000000000000000000, 0.000000000000000000, -1.000000000000000000 ) ) ;
#9154 = ORIENTED_EDGE ( 'NONE', *, *, #8579, .F. ) ;
#9155 = DIRECTION ( 'NONE',  ( -1.000000000000000000, -6.987186840583978369E-15, 0.000000000000000000 ) ) ;
#9156 = DIRECTION ( 'NONE',  ( -1.000000000000000000, -6.987186840583977580E-15, -0.000000000000000000 ) ) ;
#9157 = ORIENTED_EDGE ( 'NONE', *, *, #1149, .T. ) ;
#9158 = LINE ( 'NONE', #7029, #3977 ) ;
#9159 = SURFACE_STYLE_FILL_AREA ( #360 ) ;
#9160 = ORIENTED_EDGE ( 'NONE', *, *, #1917, .T. ) ;
#9161 = LINE ( 'NONE', #1820, #8833 ) ;
#9162 = PLANE ( 'NONE',  #6345 ) ;
#9163 = CARTESIAN_POINT ( 'NONE',  ( 68.95114145132582451, 4.857225732735059864E-13, 10.76462106710502020 ) ) ;
#9164 = ADVANCED_FACE ( 'NONE', ( #8289 ), #5433, .T. ) ;
#9165 = EDGE_LOOP ( 'NONE', ( #5593, #2042 ) ) ;
#9166 = VERTEX_POINT ( 'NONE', #6246 ) ;
#9167 = CARTESIAN_POINT ( 'NONE',  ( -8.100000000000289191, 28.59999999999991616, 31.00000000000000000 ) ) ;
#9168 = EDGE_LOOP ( 'NONE', ( #3293, #6021, #6178, #6526 ) ) ;
#9169 = CARTESIAN_POINT ( 'NONE',  ( -58.99999999999978684, 2.999999999999589662, -5.000000000000014211 ) ) ;
#9170 = EDGE_CURVE ( 'NONE', #3294, #6081, #166, .T. ) ;
#9171 = CARTESIAN_POINT ( 'NONE',  ( 60.00000000000000000, 4.000000000000000000, -1.387778780781445676E-14 ) ) ;
#9172 = EDGE_LOOP ( 'NONE', ( #4181, #7176, #7892, #5229, #3315, #570, #683, #9316, #7620, #7368, #1319, #9339, #514, #277, #513, #7789, #1190, #3690, #152, #1815 ) ) ;
#9173 = DIRECTION ( 'NONE',  ( -6.982962677686266711E-15, 1.000000000000000000, -0.000000000000000000 ) ) ;
#9174 = ORIENTED_EDGE ( 'NONE', *, *, #8823, .F. ) ;
#9175 = EDGE_CURVE ( 'NONE', #5660, #1072, #6202, .T. ) ;
#9176 = DIRECTION ( 'NONE',  ( 0.000000000000000000, 0.000000000000000000, 1.000000000000000000 ) ) ;
#9177 = ORIENTED_EDGE ( 'NONE', *, *, #5582, .F. ) ;
#9178 = EDGE_CURVE ( 'NONE', #8900, #1604, #588, .T. ) ;
#9179 = DIRECTION ( 'NONE',  ( 1.000000000000000000, 6.982962677686266711E-15, 0.000000000000000000 ) ) ;
#9180 = CARTESIAN_POINT ( 'NONE',  ( -6.502183067439452735, 2.999999999999957367, -19.00000000000001421 ) ) ;
#9181 = DIRECTION ( 'NONE',  ( -0.000000000000000000, -1.000000000000000000, -0.000000000000000000 ) ) ;
#9182 = VERTEX_POINT ( 'NONE', #257 ) ;
#9183 = CARTESIAN_POINT ( 'NONE',  ( -2.897929511239801316E-13, 44.50000000000000711, -32.50000000000000000 ) ) ;
#9184 = DIRECTION ( 'NONE',  ( -0.000000000000000000, -1.000000000000000000, -0.000000000000000000 ) ) ;
#9185 = EDGE_LOOP ( 'NONE', ( #5359, #6994, #8353, #935 ) ) ;
#9186 = VECTOR ( 'NONE', #1129, 1000.000000000000000 ) ;
#9187 = AXIS2_PLACEMENT_3D ( 'NONE', #7312, #643, #6679 ) ;
#9188 = ADVANCED_FACE ( 'NONE', ( #3121, #3208, #9017, #213, #2527 ), #5476, .T. ) ;
#9189 = EDGE_CURVE ( 'NONE', #1932, #7155, #6155, .T. ) ;
#9190 = LINE ( 'NONE', #4263, #3031 ) ;
#9191 = VERTEX_POINT ( 'NONE', #6933 ) ;
#9192 = ORIENTED_EDGE ( 'NONE', *, *, #7405, .T. ) ;
#9193 = DIRECTION ( 'NONE',  ( -6.987186840583977580E-15, 1.000000000000000000, 0.000000000000000000 ) ) ;
#9194 = CARTESIAN_POINT ( 'NONE',  ( -60.00000000000000000, 4.000000000000000000, 10.00000000000000000 ) ) ;
#9195 = CARTESIAN_POINT ( 'NONE',  ( 55.86932208953565038, 3.920475055707584033E-13, -14.00000000000000533 ) ) ;
#9196 = CARTESIAN_POINT ( 'NONE',  ( -73.14687499999999432, 4.000000000000000000, 4.812450283834104781 ) ) ;
#9197 = LINE ( 'NONE', #4027, #8009 ) ;
#9198 = ORIENTED_EDGE ( 'NONE', *, *, #2148, .F. ) ;
#9199 = CARTESIAN_POINT ( 'NONE',  ( -2.897929511239801316E-13, 44.50000000000000711, 32.50000000000000000 ) ) ;
#9200 = EDGE_CURVE ( 'NONE', #12, #5516, #305, .T. ) ;
#9201 = DIRECTION ( 'NONE',  ( -1.000000000000000000, -7.061706185392451219E-15, 0.000000000000000000 ) ) ;
#9202 = VECTOR ( 'NONE', #4436, 1000.000000000000000 ) ;
#9203 = ORIENTED_EDGE ( 'NONE', *, *, #5061, .T. ) ;
#9204 = FACE_OUTER_BOUND ( 'NONE', #8933, .T. ) ;
#9205 = CARTESIAN_POINT ( 'NONE',  ( -60.00000000000000000, 26.00000000000000355, 0.000000000000000000 ) ) ;
#9206 = ORIENTED_EDGE ( 'NONE', *, *, #4075, .T. ) ;
#9207 = DIRECTION ( 'NONE',  ( 0.000000000000000000, 1.000000000000000000, 0.000000000000000000 ) ) ;
#9208 = AXIS2_PLACEMENT_3D ( 'NONE', #63, #8046, #698 ) ;
#9209 = CARTESIAN_POINT ( 'NONE',  ( -4.874423042781734772, 26.06906078835126905, -34.00000000000000000 ) ) ;
#9210 = CYLINDRICAL_SURFACE ( 'NONE', #3122, 1.750000000000105693 ) ;
#9211 = ORIENTED_EDGE ( 'NONE', *, *, #319, .T. ) ;
#9212 = ORIENTED_EDGE ( 'NONE', *, *, #7502, .F. ) ;
#9213 = EDGE_CURVE ( 'NONE', #2336, #1414, #1813, .T. ) ;
#9214 = LINE ( 'NONE', #4720, #3862 ) ;
#9215 = CIRCLE ( 'NONE', #415, 1.700000000000000178 ) ;
#9216 = EDGE_CURVE ( 'NONE', #474, #6313, #6443, .T. ) ;
#9217 = DIRECTION ( 'NONE',  ( 0.000000000000000000, 0.000000000000000000, -1.000000000000000000 ) ) ;
#9218 = VERTEX_POINT ( 'NONE', #1133 ) ;
#9219 = ADVANCED_FACE ( 'NONE', ( #1279 ), #3552, .T. ) ;
#9220 = AXIS2_PLACEMENT_3D ( 'NONE', #7597, #9089, #8460 ) ;
#9221 = CARTESIAN_POINT ( 'NONE',  ( -59.99999999999999289, 3.000000000000000000, -8.249999999999996447 ) ) ;
#9222 = VECTOR ( 'NONE', #2482, 1000.000000000000000 ) ;
#9223 = DIRECTION ( 'NONE',  ( 0.000000000000000000, 1.000000000000000000, 0.000000000000000000 ) ) ;
#9224 = ORIENTED_EDGE ( 'NONE', *, *, #1241, .T. ) ;
#9225 = DIRECTION ( 'NONE',  ( -6.987186840583977580E-15, 1.000000000000000000, 0.000000000000000000 ) ) ;
#9226 = ORIENTED_EDGE ( 'NONE', *, *, #3585, .F. ) ;
#9227 = VECTOR ( 'NONE', #3913, 1000.000000000000000 ) ;
#9228 = AXIS2_PLACEMENT_3D ( 'NONE', #1885, #9321, #1296 ) ;
#9229 =( GEOMETRIC_REPRESENTATION_CONTEXT ( 3 ) GLOBAL_UNCERTAINTY_ASSIGNED_CONTEXT ( ( #6217 ) ) GLOBAL_UNIT_ASSIGNED_CONTEXT ( ( #2104, #5918, #5009 ) ) REPRESENTATION_CONTEXT ( 'NONE', 'WORKASPACE' ) );
#9230 = CARTESIAN_POINT ( 'NONE',  ( -58.99999999999978684, 2.999999999999589662, 4.387482193696047972 ) ) ;
#9231 = VECTOR ( 'NONE', #6200, 1000.000000000000000 ) ;
#9232 = ORIENTED_EDGE ( 'NONE', *, *, #181, .T. ) ;
#9233 = CIRCLE ( 'NONE', #4296, 1.699999999999999289 ) ;
#9234 = EDGE_CURVE ( 'NONE', #3066, #3763, #7856, .T. ) ;
#9235 = DIRECTION ( 'NONE',  ( -6.987186840583977580E-15, 1.000000000000000000, -7.888609052210118054E-31 ) ) ;
#9236 = VECTOR ( 'NONE', #2208, 1000.000000000000000 ) ;
#9237 = LINE ( 'NONE', #7009, #9290 ) ;
#9238 = CARTESIAN_POINT ( 'NONE',  ( -4.929826503170777308, 25.99999999999996803, 34.00000000000000000 ) ) ;
#9239 = EDGE_LOOP ( 'NONE', ( #5328, #5410, #4088 ) ) ;
#9240 = AXIS2_PLACEMENT_3D ( 'NONE', #1542, #9153, #2989 ) ;
#9241 = DIRECTION ( 'NONE',  ( 0.000000000000000000, 1.000000000000000000, 0.000000000000000000 ) ) ;
#9242 = CARTESIAN_POINT ( 'NONE',  ( 8.100000000000292744, 28.59999999999991971, -31.00000000000000000 ) ) ;
#9243 = EDGE_LOOP ( 'NONE', ( #1741, #5694, #5323, #2704 ) ) ;
#9244 = EDGE_CURVE ( 'NONE', #5784, #6371, #1047, .T. ) ;
#9245 = DIRECTION ( 'NONE',  ( 0.000000000000000000, 0.000000000000000000, -1.000000000000000000 ) ) ;
#9246 = ORIENTED_EDGE ( 'NONE', *, *, #5217, .F. ) ;
#9247 = CIRCLE ( 'NONE', #2154, 8.500000000000000000 ) ;
#9248 = ORIENTED_EDGE ( 'NONE', *, *, #7672, .F. ) ;
#9249 = CARTESIAN_POINT ( 'NONE',  ( -25.20000000000003126, 9.900000000000000355, 49.20000000000001705 ) ) ;
#9250 = DIRECTION ( 'NONE',  ( -0.000000000000000000, -0.000000000000000000, -1.000000000000000000 ) ) ;
#9251 = PLANE ( 'NONE',  #7640 ) ;
#9252 = CARTESIAN_POINT ( 'NONE',  ( -4.874423042781734772, 26.06906078835126550, -31.00000000000000000 ) ) ;
#9253 = EDGE_CURVE ( 'NONE', #8462, #5160, #2631, .T. ) ;
#9254 = EDGE_CURVE ( 'NONE', #5021, #519, #3974, .T. ) ;
#9255 = CARTESIAN_POINT ( 'NONE',  ( 12.00000000000015277, 11.00000000000008527, 1.499999999999999112 ) ) ;
#9256 = EDGE_LOOP ( 'NONE', ( #8989, #7781, #4661, #9032, #246, #8714, #4220 ) ) ;
#9257 = DIRECTION ( 'NONE',  ( -6.982962677686266711E-15, 1.000000000000000000, -0.000000000000000000 ) ) ;
#9258 = DIRECTION ( 'NONE',  ( -0.000000000000000000, -1.000000000000000000, 0.000000000000000000 ) ) ;
#9259 = ORIENTED_EDGE ( 'NONE', *, *, #8508, .T. ) ;
#9260 = AXIS2_PLACEMENT_3D ( 'NONE', #9052, #4657, #6018 ) ;
#9261 = CARTESIAN_POINT ( 'NONE',  ( -59.99999999999976552, -4.163336342344337027E-13, -1.387778780781445676E-14 ) ) ;
#9262 = DIRECTION ( 'NONE',  ( -6.982962677686266711E-15, 1.000000000000000000, -0.000000000000000000 ) ) ;
#9263 = EDGE_LOOP ( 'NONE', ( #6513, #4156 ) ) ;
#9264 = DIRECTION ( 'NONE',  ( 6.982962677686266711E-15, -1.000000000000000000, 0.000000000000000000 ) ) ;
#9265 = VECTOR ( 'NONE', #4729, 1000.000000000000000 ) ;
#9266 = CARTESIAN_POINT ( 'NONE',  ( 2.086075048550072347E-13, 3.000000000000002665, 0.000000000000000000 ) ) ;
#9267 = CARTESIAN_POINT ( 'NONE',  ( 2.499999999999830802, 24.50000000000001776, 31.25000000000000000 ) ) ;
#9268 = ORIENTED_EDGE ( 'NONE', *, *, #6675, .T. ) ;
#9269 = EDGE_LOOP ( 'NONE', ( #4456, #1249, #9141, #9174 ) ) ;
#9270 = CARTESIAN_POINT ( 'NONE',  ( 25.00000000000023803, 1.769417945496343236E-13, -39.00000000000002132 ) ) ;
#9271 = AXIS2_PLACEMENT_3D ( 'NONE', #8060, #7190, #1387 ) ;
#9272 = DIRECTION ( 'NONE',  ( -1.000000000000000000, -6.982962677686266711E-15, -6.209932073980663753E-17 ) ) ;
#9273 = VERTEX_POINT ( 'NONE', #5625 ) ;
#9274 = ADVANCED_FACE ( 'NONE', ( #4809 ), #4131, .F. ) ;
#9275 = EDGE_CURVE ( 'NONE', #4995, #1893, #3353, .T. ) ;
#9276 = DIRECTION ( 'NONE',  ( -0.000000000000000000, 1.000000000000000000, -0.000000000000000000 ) ) ;
#9277 = VECTOR ( 'NONE', #5508, 1000.000000000000000 ) ;
#9278 = ORIENTED_EDGE ( 'NONE', *, *, #7229, .F. ) ;
#9279 = CARTESIAN_POINT ( 'NONE',  ( 6.400000000000293454, 28.59999999999991971, 34.00000000000000000 ) ) ;
#9280 = EDGE_LOOP ( 'NONE', ( #5541, #4374, #5661, #3050, #9462, #3466, #8139, #8348, #1876, #8090 ) ) ;
#9281 = CARTESIAN_POINT ( 'NONE',  ( 60.00000000000022737, 4.232725281383409310E-13, 10.00000000000000000 ) ) ;
#9282 = ORIENTED_EDGE ( 'NONE', *, *, #3912, .F. ) ;
#9283 = AXIS2_PLACEMENT_3D ( 'NONE', #8911, #1706, #3149 ) ;
#9284 = CARTESIAN_POINT ( 'NONE',  ( -4.929826503170779084, 25.99999999999996803, -34.00000000000000000 ) ) ;
#9285 = DIRECTION ( 'NONE',  ( 6.987186840583977580E-15, -1.000000000000000000, 0.000000000000000000 ) ) ;
#9286 = DIRECTION ( 'NONE',  ( -1.000000000000000000, -6.982962677686266711E-15, 0.000000000000000000 ) ) ;
#9287 = VERTEX_POINT ( 'NONE', #7950 ) ;
#9288 = CARTESIAN_POINT ( 'NONE',  ( 2.499999999999820588, 26.00000000000002132, -32.50000000000000000 ) ) ;
#9289 = EDGE_CURVE ( 'NONE', #4676, #5794, #6816, .T. ) ;
#9290 = VECTOR ( 'NONE', #1257, 1000.000000000000000 ) ;
#9291 = VECTOR ( 'NONE', #8608, 1000.000000000000000 ) ;
#9292 = DIRECTION ( 'NONE',  ( 0.8923787451257841896, 6.231447471573857554E-15, 0.4512872425049601621 ) ) ;
#9293 = ORIENTED_EDGE ( 'NONE', *, *, #6673, .T. ) ;
#9294 = CARTESIAN_POINT ( 'NONE',  ( -59.54154469100573976, 2.999999999999586109, 3.316627699545110275 ) ) ;
#9295 = ORIENTED_EDGE ( 'NONE', *, *, #5239, .F. ) ;
#9296 = VERTEX_POINT ( 'NONE', #1961 ) ;
#9297 = CIRCLE ( 'NONE', #9461, 14.00000000000000178 ) ;
#9298 = PLANE ( 'NONE',  #6255 ) ;
#9299 = DIRECTION ( 'NONE',  ( 1.000000000000000000, 0.000000000000000000, 0.000000000000000000 ) ) ;
#9300 = LINE ( 'NONE', #8416, #1780 ) ;
#9301 = LINE ( 'NONE', #2680, #6342 ) ;
#9302 = CARTESIAN_POINT ( 'NONE',  ( 4.929826503170722241, 26.00000000000003553, 33.80644963493964639 ) ) ;
#9303 = ORIENTED_EDGE ( 'NONE', *, *, #4530, .T. ) ;
#9304 = DIRECTION ( 'NONE',  ( -1.156482317317870739E-16, 0.000000000000000000, -1.000000000000000000 ) ) ;
#9305 = CYLINDRICAL_SURFACE ( 'NONE', #7372, 0.7499999999999986677 ) ;
#9306 = ORIENTED_EDGE ( 'NONE', *, *, #5241, .F. ) ;
#9307 = EDGE_CURVE ( 'NONE', #9131, #2624, #6449, .T. ) ;
#9308 = CARTESIAN_POINT ( 'NONE',  ( -9.799999999999940314, 24.49999999999993250, 0.000000000000000000 ) ) ;
#9309 = CARTESIAN_POINT ( 'NONE',  ( 15.00000000000020961, 3.000000000000106581, 29.00000000000001066 ) ) ;
#9310 = ORIENTED_EDGE ( 'NONE', *, *, #7199, .T. ) ;
#9311 = LINE ( 'NONE', #3462, #806 ) ;
#9312 = DIRECTION ( 'NONE',  ( 0.000000000000000000, 0.000000000000000000, 1.000000000000000000 ) ) ;
#9313 = DIRECTION ( 'NONE',  ( 0.000000000000000000, 0.000000000000000000, -1.000000000000000000 ) ) ;
#9314 = EDGE_CURVE ( 'NONE', #7091, #3457, #9451, .T. ) ;
#9315 = VERTEX_POINT ( 'NONE', #7223 ) ;
#9316 = ORIENTED_EDGE ( 'NONE', *, *, #210, .F. ) ;
#9317 = ORIENTED_EDGE ( 'NONE', *, *, #4369, .T. ) ;
#9318 = CARTESIAN_POINT ( 'NONE',  ( -21.49999999999999645, -0.1999999999999987899, 18.99999999999991118 ) ) ;
#9319 = CARTESIAN_POINT ( 'NONE',  ( 29.99999999999997868, 36.00000000000021316, 0.000000000000000000 ) ) ;
#9320 = EDGE_LOOP ( 'NONE', ( #7137, #3436, #6483, #2891 ) ) ;
#9321 = DIRECTION ( 'NONE',  ( 0.000000000000000000, 0.000000000000000000, -1.000000000000000000 ) ) ;
#9322 = VERTEX_POINT ( 'NONE', #2828 ) ;
#9323 = CARTESIAN_POINT ( 'NONE',  ( -24.99999999999999289, 3.000000000000000000, 49.20000000000001705 ) ) ;
#9324 = ORIENTED_EDGE ( 'NONE', *, *, #7150, .F. ) ;
#9325 = DIRECTION ( 'NONE',  ( 0.000000000000000000, 0.000000000000000000, -1.000000000000000000 ) ) ;
#9326 = ADVANCED_FACE ( 'NONE', ( #7133 ), #1863, .T. ) ;
#9327 = ORIENTED_EDGE ( 'NONE', *, *, #7429, .F. ) ;
#9328 = CARTESIAN_POINT ( 'NONE',  ( -8.100000000000289191, 28.59999999999991616, -34.00000000000000000 ) ) ;
#9329 = CARTESIAN_POINT ( 'NONE',  ( 69.89949493661195845, 4.926614671774132148E-13, 9.899494936611603180 ) ) ;
#9330 = CYLINDRICAL_SURFACE ( 'NONE', #6188, 5.749999999999963585 ) ;
#9331 = EDGE_LOOP ( 'NONE', ( #3629, #2075 ) ) ;
#9332 = EDGE_LOOP ( 'NONE', ( #2223, #6916, #3032, #697 ) ) ;
#9333 = DIRECTION ( 'NONE',  ( -0.000000000000000000, 1.000000000000000000, -0.000000000000000000 ) ) ;
#9334 = CARTESIAN_POINT ( 'NONE',  ( -59.99999999999976552, -4.163336342344337027E-13, -10.00000000000001243 ) ) ;
#9335 = ORIENTED_EDGE ( 'NONE', *, *, #6728, .F. ) ;
#9336 = CARTESIAN_POINT ( 'NONE',  ( 0.000000000000000000, 0.000000000000000000, 0.000000000000000000 ) ) ;
#9337 = DIRECTION ( 'NONE',  ( -0.000000000000000000, -0.000000000000000000, 1.000000000000000000 ) ) ;
#9338 = ORIENTED_EDGE ( 'NONE', *, *, #2308, .F. ) ;
#9339 = ORIENTED_EDGE ( 'NONE', *, *, #6185, .T. ) ;
#9340 = VECTOR ( 'NONE', #4525, 1000.000000000000000 ) ;
#9341 = EDGE_CURVE ( 'NONE', #88, #5529, #7760, .T. ) ;
#9342 = SURFACE_STYLE_USAGE ( .BOTH. , #1221 ) ;
#9343 = CARTESIAN_POINT ( 'NONE',  ( -8.100000000000289191, 28.59999999999991616, 31.00000000000000000 ) ) ;
#9344 = EDGE_CURVE ( 'NONE', #3272, #5956, #8156, .T. ) ;
#9345 = DIRECTION ( 'NONE',  ( -1.000000000000000000, -6.982962677686266711E-15, 0.000000000000000000 ) ) ;
#9346 = PLANE ( 'NONE',  #8506 ) ;
#9347 = DIRECTION ( 'NONE',  ( 1.040834085586083665E-15, 7.268105573311335965E-30, 1.000000000000000000 ) ) ;
#9348 = MECHANICAL_DESIGN_GEOMETRIC_PRESENTATION_REPRESENTATION (  '', ( #4256 ), #7340 ) ;
#9349 = EDGE_LOOP ( 'NONE', ( #6656, #5581, #4338, #4122 ) ) ;
#9350 = DIRECTION ( 'NONE',  ( 0.000000000000000000, 0.000000000000000000, 1.000000000000000000 ) ) ;
#9351 = CARTESIAN_POINT ( 'NONE',  ( 13.00000000000001066, 48.80255095400650589, 42.50000000000000000 ) ) ;
#9352 = EDGE_LOOP ( 'NONE', ( #7070, #4038, #8263, #4682, #1355, #4085, #4785, #2769, #3818, #3357, #2871, #537, #3940, #1039, #1607, #7660, #145, #2171, #9324 ) ) ;
#9353 = FACE_BOUND ( 'NONE', #5260, .T. ) ;
#9354 = DIRECTION ( 'NONE',  ( 6.982962677686266711E-15, -1.000000000000000000, 0.000000000000000000 ) ) ;
#9355 = EDGE_CURVE ( 'NONE', #5516, #3467, #9233, .T. ) ;
#9356 = VERTEX_POINT ( 'NONE', #451 ) ;
#9357 = CARTESIAN_POINT ( 'NONE',  ( -58.99999999999971578, -8.000000000000410338, -5.000000000000014211 ) ) ;
#9358 = FACE_BOUND ( 'NONE', #8677, .T. ) ;
#9359 = LINE ( 'NONE', #2643, #7595 ) ;
#9360 = VERTEX_POINT ( 'NONE', #3408 ) ;
#9361 = ORIENTED_EDGE ( 'NONE', *, *, #6823, .T. ) ;
#9362 = VECTOR ( 'NONE', #5976, 1000.000000000000000 ) ;
#9363 = DIRECTION ( 'NONE',  ( -1.000000000000000000, 0.000000000000000000, 0.000000000000000000 ) ) ;
#9364 = AXIS2_PLACEMENT_3D ( 'NONE', #9004, #5953, #7547 ) ;
#9365 = EDGE_CURVE ( 'NONE', #6005, #4487, #5046, .T. ) ;
#9366 = DIRECTION ( 'NONE',  ( 1.000000000000000000, 6.987186840583977580E-15, 0.000000000000000000 ) ) ;
#9367 = ORIENTED_EDGE ( 'NONE', *, *, #2212, .T. ) ;
#9368 = VECTOR ( 'NONE', #5949, 1000.000000000000000 ) ;
#9369 = LINE ( 'NONE', #7195, #895 ) ;
#9370 = ORIENTED_EDGE ( 'NONE', *, *, #1246, .T. ) ;
#9371 = CARTESIAN_POINT ( 'NONE',  ( 5.847380728475251300E-14, 24.50000000000000000, 0.000000000000000000 ) ) ;
#9372 = ORIENTED_EDGE ( 'NONE', *, *, #6633, .T. ) ;
#9373 = ADVANCED_FACE ( 'NONE', ( #8721 ), #1425, .F. ) ;
#9374 = EDGE_CURVE ( 'NONE', #5488, #621, #2593, .T. ) ;
#9375 = AXIS2_PLACEMENT_3D ( 'NONE', #1660, #8241, #3194 ) ;
#9376 = CARTESIAN_POINT ( 'NONE',  ( -1.711924138386540470E-13, 24.50000000000000000, 1.299999999999997824 ) ) ;
#9377 = VERTEX_POINT ( 'NONE', #2296 ) ;
#9378 = AXIS2_PLACEMENT_3D ( 'NONE', #7134, #503, #5673 ) ;
#9379 = DIRECTION ( 'NONE',  ( 0.000000000000000000, 1.000000000000000000, -0.000000000000000000 ) ) ;
#9380 = DIRECTION ( 'NONE',  ( 1.000000000000000000, 6.982962677686266711E-15, 0.000000000000000000 ) ) ;
#9381 = VERTEX_POINT ( 'NONE', #9545 ) ;
#9382 = VECTOR ( 'NONE', #7288, 1000.000000000000000 ) ;
#9383 = ORIENTED_EDGE ( 'NONE', *, *, #6115, .T. ) ;
#9384 = DIRECTION ( 'NONE',  ( 0.000000000000000000, 0.000000000000000000, 1.000000000000000000 ) ) ;
#9385 = CIRCLE ( 'NONE', #8450, 1.750000000000105693 ) ;
#9386 = DIRECTION ( 'NONE',  ( -0.000000000000000000, -1.000000000000000000, 0.000000000000000000 ) ) ;
#9387 = ORIENTED_EDGE ( 'NONE', *, *, #6964, .F. ) ;
#9388 = AXIS2_PLACEMENT_3D ( 'NONE', #701, #6451, #7182 ) ;
#9389 = CARTESIAN_POINT ( 'NONE',  ( 69.99999999999998579, 4.000000000000000000, -1.713039432527097006E-14 ) ) ;
#9390 = VERTEX_POINT ( 'NONE', #5240 ) ;
#9391 = EDGE_LOOP ( 'NONE', ( #5144, #3414, #5540, #6367, #2274, #4891, #5741, #5242, #5658, #7500, #9303 ) ) ;
#9392 = CARTESIAN_POINT ( 'NONE',  ( 4.788953503288261930E-14, 26.00000000000000355, -2.051038353574630974E-29 ) ) ;
#9393 = DIRECTION ( 'NONE',  ( 6.982962677686266711E-15, -1.000000000000000000, 0.000000000000000000 ) ) ;
#9394 = AXIS2_PLACEMENT_3D ( 'NONE', #8650, #2801, #5118 ) ;
#9395 = EDGE_CURVE ( 'NONE', #6320, #693, #3833, .T. ) ;
#9396 = EDGE_CURVE ( 'NONE', #7299, #2001, #3059, .T. ) ;
#9397 = DIRECTION ( 'NONE',  ( 0.000000000000000000, 0.000000000000000000, 1.000000000000000000 ) ) ;
#9398 = DIRECTION ( 'NONE',  ( 0.000000000000000000, -0.000000000000000000, -1.000000000000000000 ) ) ;
#9399 = VERTEX_POINT ( 'NONE', #8821 ) ;
#9400 = CARTESIAN_POINT ( 'NONE',  ( 21.50000000000000000, -0.1999999999999987899, 34.00000000000000000 ) ) ;
#9401 = ORIENTED_EDGE ( 'NONE', *, *, #1545, .F. ) ;
#9402 = CARTESIAN_POINT ( 'NONE',  ( 5.099999999999799805, 31.39463772249581552, 32.23933827810010655 ) ) ;
#9403 = EDGE_CURVE ( 'NONE', #5875, #2413, #1339, .T. ) ;
#9405 = AXIS2_PLACEMENT_3D ( 'NONE', #8165, #3084, #9105 ) ;
#9404 = CARTESIAN_POINT ( 'NONE',  ( 30.00000000000000000, -31.00000000000000000, -1.000000000000001554 ) ) ;
#9406 = EDGE_CURVE ( 'NONE', #3500, #7153, #2970, .T. ) ;
#9407 = VERTEX_POINT ( 'NONE', #7319 ) ;
#9408 = CARTESIAN_POINT ( 'NONE',  ( 11.29999999999961346, 24.50000000000008171, 32.50000000000000000 ) ) ;
#9409 = CARTESIAN_POINT ( 'NONE',  ( -1.816668578551834344E-13, 26.00000000000000355, 34.00000000000000000 ) ) ;
#9410 = ORIENTED_EDGE ( 'NONE', *, *, #4969, .F. ) ;
#9411 = DIRECTION ( 'NONE',  ( 0.000000000000000000, 1.000000000000000000, -0.000000000000000000 ) ) ;
#9412 = FACE_BOUND ( 'NONE', #2796, .T. ) ;
#9413 = CARTESIAN_POINT ( 'NONE',  ( -60.00000000000000000, 25.00000000000000000, 0.000000000000000000 ) ) ;
#9414 = VERTEX_POINT ( 'NONE', #6585 ) ;
#9415 = ORIENTED_EDGE ( 'NONE', *, *, #10, .T. ) ;
#9416 = EDGE_CURVE ( 'NONE', #6542, #8492, #8769, .T. ) ;
#9417 = LINE ( 'NONE', #2793, #4330 ) ;
#9418 = CIRCLE ( 'NONE', #2319, 4.099999999999999645 ) ;
#9419 = EDGE_CURVE ( 'NONE', #4472, #6118, #7827, .T. ) ;
#9420 = VECTOR ( 'NONE', #7536, 1000.000000000000000 ) ;
#9421 = FACE_BOUND ( 'NONE', #5676, .T. ) ;
#9422 = ORIENTED_EDGE ( 'NONE', *, *, #8784, .T. ) ;
#9423 = CYLINDRICAL_SURFACE ( 'NONE', #1357, 14.00000000000000000 ) ;
#9424 = ORIENTED_EDGE ( 'NONE', *, *, #9395, .F. ) ;
#9425 = CARTESIAN_POINT ( 'NONE',  ( 14.99999999999944222, 113.0181803158006915, -49.00000000000002132 ) ) ;
#9426 = ORIENTED_EDGE ( 'NONE', *, *, #5804, .F. ) ;
#9427 = AXIS2_PLACEMENT_3D ( 'NONE', #9167, #8344, #3421 ) ;
#9428 = PRESENTATION_STYLE_ASSIGNMENT (( #5889 ) ) ;
#9429 = EDGE_LOOP ( 'NONE', ( #7606, #3541, #9035, #7226 ) ) ;
#9430 = ADVANCED_FACE ( 'NONE', ( #1520 ), #4420, .T. ) ;
#9431 = DIRECTION ( 'NONE',  ( 0.000000000000000000, 0.000000000000000000, 1.000000000000000000 ) ) ;
#9432 = CARTESIAN_POINT ( 'NONE',  ( -59.99999999999978684, 2.999999999999583000, -1.387778780781445676E-14 ) ) ;
#9433 = VECTOR ( 'NONE', #7517, 1000.000000000000000 ) ;
#9434 = ORIENTED_EDGE ( 'NONE', *, *, #4112, .F. ) ;
#9435 = EDGE_LOOP ( 'NONE', ( #2099, #1358 ) ) ;
#9436 = DIRECTION ( 'NONE',  ( 1.000000000000000000, 6.987186840583977580E-15, 0.000000000000000000 ) ) ;
#9437 = EDGE_CURVE ( 'NONE', #5498, #7888, #3654, .T. ) ;
#9438 = DIRECTION ( 'NONE',  ( 0.000000000000000000, 0.000000000000000000, -1.000000000000000000 ) ) ;
#9439 = ORIENTED_EDGE ( 'NONE', *, *, #5674, .T. ) ;
#9440 = CIRCLE ( 'NONE', #5266, 4.100000000000002309 ) ;
#9441 = DIRECTION ( 'NONE',  ( -6.982962677686266711E-15, 1.000000000000000000, -0.000000000000000000 ) ) ;
#9442 = ORIENTED_EDGE ( 'NONE', *, *, #7556, .F. ) ;
#9443 = DIRECTION ( 'NONE',  ( -1.000000000000000000, -6.982962677686266711E-15, 0.000000000000000000 ) ) ;
#9444 = CARTESIAN_POINT ( 'NONE',  ( -55.86932208953526668, 4.000000000000000000, 13.99999999999999112 ) ) ;
#9445 = CIRCLE ( 'NONE', #323, 4.099999999999999645 ) ;
#9446 = VECTOR ( 'NONE', #3947, 1000.000000000000000 ) ;
#9447 = CYLINDRICAL_SURFACE ( 'NONE', #3879, 5.750000000000103917 ) ;
#9448 = ORIENTED_EDGE ( 'NONE', *, *, #920, .T. ) ;
#9449 = LINE ( 'NONE', #2917, #3216 ) ;
#9450 = VERTEX_POINT ( 'NONE', #3695 ) ;
#9451 = LINE ( 'NONE', #8680, #6910 ) ;
#9452 = VECTOR ( 'NONE', #1495, 1000.000000000000000 ) ;
#9453 = CIRCLE ( 'NONE', #6515, 5.749999999999963585 ) ;
#9454 = EDGE_CURVE ( 'NONE', #9137, #2634, #7366, .T. ) ;
#9455 = ORIENTED_EDGE ( 'NONE', *, *, #8496, .T. ) ;
#9456 = CARTESIAN_POINT ( 'NONE',  ( 6.502183067439875508, 3.000000000000047962, 13.99999999999998757 ) ) ;
#9457 = CARTESIAN_POINT ( 'NONE',  ( -14.99999999999976907, -1.040834085586084257E-13, 29.00000000000001066 ) ) ;
#9458 = DIRECTION ( 'NONE',  ( 0.000000000000000000, 1.000000000000000000, 0.000000000000000000 ) ) ;
#9459 = CARTESIAN_POINT ( 'NONE',  ( 3.599999999999718092, 43.00000000000002842, 32.50000000000000000 ) ) ;
#9460 = CARTESIAN_POINT ( 'NONE',  ( 30.00000000000000000, -31.00000000000000000, 0.000000000000000000 ) ) ;
#9461 = AXIS2_PLACEMENT_3D ( 'NONE', #9572, #2945, #773 ) ;
#9462 = ORIENTED_EDGE ( 'NONE', *, *, #1241, .F. ) ;
#9463 = VERTEX_POINT ( 'NONE', #5913 ) ;
#9464 = FACE_BOUND ( 'NONE', #4119, .T. ) ;
#9465 = ADVANCED_FACE ( 'NONE', ( #747 ), #7419, .F. ) ;
#9466 = CIRCLE ( 'NONE', #8233, 3.599999999999997424 ) ;
#9467 = DIRECTION ( 'NONE',  ( -6.982962677686266711E-15, 1.000000000000000000, 0.000000000000000000 ) ) ;
#9468 = ORIENTED_EDGE ( 'NONE', *, *, #9551, .F. ) ;
#9469 = EDGE_CURVE ( 'NONE', #7667, #7726, #7669, .T. ) ;
#9470 = EDGE_CURVE ( 'NONE', #8914, #8781, #5355, .T. ) ;
#9471 = PLANE ( 'NONE',  #3053 ) ;
#9472 = CARTESIAN_POINT ( 'NONE',  ( -59.54154469100562608, -14.21836078075972765, 3.316627699545110275 ) ) ;
#9473 = EDGE_LOOP ( 'NONE', ( #4028, #4226, #2836, #7994 ) ) ;
#9474 = FACE_OUTER_BOUND ( 'NONE', #2239, .T. ) ;
#9475 = VERTEX_POINT ( 'NONE', #3746 ) ;
#9476 = FILL_AREA_STYLE_COLOUR ( '', #1235 ) ;
#9477 = VERTEX_POINT ( 'NONE', #8915 ) ;
#9478 = CARTESIAN_POINT ( 'NONE',  ( 60.00000000000000000, 3.000000000000000000, 9.999999999999984013 ) ) ;
#9479 = CARTESIAN_POINT ( 'NONE',  ( 0.9999999999997210010, 43.00000000000000711, -32.50000000000000000 ) ) ;
#9480 = ORIENTED_EDGE ( 'NONE', *, *, #1788, .T. ) ;
#9481 = EDGE_LOOP ( 'NONE', ( #7941, #3858, #7338, #7416 ) ) ;
#9482 = CARTESIAN_POINT ( 'NONE',  ( -12.20000000000028706, 28.59999999999991616, 34.00000000000000000 ) ) ;
#9483 = CARTESIAN_POINT ( 'NONE',  ( 60.00000000000000000, 4.000000000000000000, 9.999999999999984013 ) ) ;
#9484 = ORIENTED_EDGE ( 'NONE', *, *, #4469, .F. ) ;
#9485 = ADVANCED_FACE ( 'NONE', ( #4519 ), #840, .T. ) ;
#9486 = LINE ( 'NONE', #4409, #7067 ) ;
#9487 = ORIENTED_EDGE ( 'NONE', *, *, #8694, .F. ) ;
#9488 = EDGE_CURVE ( 'NONE', #5305, #6122, #6970, .T. ) ;
#9489 = FACE_OUTER_BOUND ( 'NONE', #3662, .T. ) ;
#9490 = LINE ( 'NONE', #5092, #3178 ) ;
#9491 = CARTESIAN_POINT ( 'NONE',  ( -14.99999999999977085, -1.040834085586084257E-13, 49.00000000000001421 ) ) ;
#9492 = ORIENTED_EDGE ( 'NONE', *, *, #8018, .T. ) ;
#9493 = FACE_BOUND ( 'NONE', #7700, .T. ) ;
#9494 = ORIENTED_EDGE ( 'NONE', *, *, #2973, .T. ) ;
#9495 = EDGE_CURVE ( 'NONE', #8994, #8869, #2882, .T. ) ;
#9496 = DIRECTION ( 'NONE',  ( 0.000000000000000000, 0.000000000000000000, 1.000000000000000000 ) ) ;
#9497 = EDGE_CURVE ( 'NONE', #606, #4795, #102, .T. ) ;
#9498 = ORIENTED_EDGE ( 'NONE', *, *, #3100, .F. ) ;
#9499 = FACE_OUTER_BOUND ( 'NONE', #2998, .T. ) ;
#9500 = CARTESIAN_POINT ( 'NONE',  ( -4.929826503170777308, 25.99999999999996803, -34.00000000000000000 ) ) ;
#9501 = DIRECTION ( 'NONE',  ( 1.000000000000000000, 0.000000000000000000, 0.000000000000000000 ) ) ;
#9502 = MECHANICAL_DESIGN_GEOMETRIC_PRESENTATION_REPRESENTATION (  '', ( #9031 ), #8575 ) ;
#9503 = DIRECTION ( 'NONE',  ( 1.040834085586083665E-15, 7.268105573311335965E-30, -1.000000000000000000 ) ) ;
#9504 = DIRECTION ( 'NONE',  ( -6.982962677686266711E-15, 1.000000000000000000, -0.000000000000000000 ) ) ;
#9505 = ADVANCED_FACE ( 'NONE', ( #5420 ), #1069, .F. ) ;
#9506 = ORIENTED_EDGE ( 'NONE', *, *, #4989, .T. ) ;
#9507 = FACE_BOUND ( 'NONE', #7824, .T. ) ;
#9508 = CARTESIAN_POINT ( 'NONE',  ( 5.099999999999798916, 31.39463772249581552, -32.50000000000000000 ) ) ;
#9509 = FACE_OUTER_BOUND ( 'NONE', #3748, .T. ) ;
#9510 = VERTEX_POINT ( 'NONE', #7505 ) ;
#9511 = CARTESIAN_POINT ( 'NONE',  ( -60.99999999999979394, 2.999999999999575895, 4.054187035541927386 ) ) ;
#9512 = LINE ( 'NONE', #2263, #1352 ) ;
#9513 = ADVANCED_FACE ( 'NONE', ( #6060 ), #3063, .F. ) ;
#9514 = ADVANCED_FACE ( 'NONE', ( #981 ), #157, .F. ) ;
#9515 = AXIS2_PLACEMENT_3D ( 'NONE', #3802, #9021, #7521 ) ;
#9516 = EDGE_LOOP ( 'NONE', ( #2230, #4736, #5762, #970, #7690, #5432 ) ) ;
#9517 = FACE_OUTER_BOUND ( 'NONE', #8926, .T. ) ;
#9518 = ORIENTED_EDGE ( 'NONE', *, *, #7429, .T. ) ;
#9519 =( NAMED_UNIT ( * ) PLANE_ANGLE_UNIT ( ) SI_UNIT ( $, .RADIAN. ) );
#9520 = AXIS2_PLACEMENT_3D ( 'NONE', #5040, #4316, #8760 ) ;
#9521 = EDGE_CURVE ( 'NONE', #816, #7942, #6272, .T. ) ;
#9522 = ORIENTED_EDGE ( 'NONE', *, *, #8199, .F. ) ;
#9523 = ADVANCED_FACE ( 'NONE', ( #5292, #3837 ), #1756, .F. ) ;
#9524 = CIRCLE ( 'NONE', #1494, 4.099999999999999645 ) ;
#9525 = DIRECTION ( 'NONE',  ( 1.734723475976805517E-15, 0.000000000000000000, -1.000000000000000000 ) ) ;
#9526 = CARTESIAN_POINT ( 'NONE',  ( 0.000000000000000000, -20.99999999999999645, -6.099999999999999645 ) ) ;
#9527 = FACE_OUTER_BOUND ( 'NONE', #8124, .T. ) ;
#9528 = PRODUCT_DEFINITION_FORMATION_WITH_SPECIFIED_SOURCE ( 'ANY', '', #663, .NOT_KNOWN. ) ;
#9529 = EDGE_LOOP ( 'NONE', ( #1017, #8217 ) ) ;
#9530 = CARTESIAN_POINT ( 'NONE',  ( -12.99999999999998934, -0.1999999999999987899, 42.50000000000000000 ) ) ;
#9531 = CARTESIAN_POINT ( 'NONE',  ( -4.929826503170779084, 25.99999999999996803, 33.80644963494063404 ) ) ;
#9532 = ORIENTED_EDGE ( 'NONE', *, *, #5324, .F. ) ;
#9533 = CIRCLE ( 'NONE', #1346, 7.599999999999999645 ) ;
#9534 = LINE ( 'NONE', #2908, #3503 ) ;
#9535 = ORIENTED_EDGE ( 'NONE', *, *, #4447, .F. ) ;
#9536 = CARTESIAN_POINT ( 'NONE',  ( 6.999999999999994671, 9.899999999999995026, 43.40000000000001279 ) ) ;
#9537 = DIRECTION ( 'NONE',  ( -1.000000000000000000, -6.982962677686266711E-15, 0.000000000000000000 ) ) ;
#9538 = ORIENTED_EDGE ( 'NONE', *, *, #3767, .T. ) ;
#9539 = CIRCLE ( 'NONE', #5364, 1.749999999999996891 ) ;
#9540 = DIRECTION ( 'NONE',  ( 0.000000000000000000, 0.000000000000000000, 1.000000000000000000 ) ) ;
#9541 = VECTOR ( 'NONE', #6654, 1000.000000000000000 ) ;
#9542 = ORIENTED_EDGE ( 'NONE', *, *, #1988, .T. ) ;
#9543 = DIRECTION ( 'NONE',  ( 1.000000000000000000, -1.334402673828312846E-16, 1.734723475976806700E-15 ) ) ;
#9544 = ORIENTED_EDGE ( 'NONE', *, *, #2428, .T. ) ;
#9545 = CARTESIAN_POINT ( 'NONE',  ( -3.600000000000276756, 42.99999999999997868, -32.50000000000000000 ) ) ;
#9546 = VECTOR ( 'NONE', #6865, 1000.000000000000000 ) ;
#9547 = ADVANCED_FACE ( 'NONE', ( #8278 ), #6833, .F. ) ;
#9548 = VECTOR ( 'NONE', #2582, 1000.000000000000000 ) ;
#9549 = ORIENTED_EDGE ( 'NONE', *, *, #8033, .F. ) ;
#9550 = DIRECTION ( 'NONE',  ( 6.982962677686265922E-15, -1.000000000000000000, 0.000000000000000000 ) ) ;
#9551 = EDGE_CURVE ( 'NONE', #8298, #1893, #4582, .T. ) ;
#9552 = CARTESIAN_POINT ( 'NONE',  ( -4.874423042781852899, 42.99999999999997158, 34.00000000000000000 ) ) ;
#9553 = EDGE_CURVE ( 'NONE', #5910, #3046, #3883, .T. ) ;
#9554 = DIRECTION ( 'NONE',  ( -1.000000000000000000, -6.982962677686266711E-15, 0.000000000000000000 ) ) ;
#9555 = CARTESIAN_POINT ( 'NONE',  ( 29.99999999999997868, 36.00000000000021316, -1.000000000000001554 ) ) ;
#9556 = CIRCLE ( 'NONE', #2147, 8.500000000000000000 ) ;
#9557 = VERTEX_POINT ( 'NONE', #247 ) ;
#9558 = CYLINDRICAL_SURFACE ( 'NONE', #9112, 4.100000000000001421 ) ;
#9559 = CARTESIAN_POINT ( 'NONE',  ( 25.00000000000022737, 1.769417945496343236E-13, 29.00000000000001066 ) ) ;
#9560 = DIRECTION ( 'NONE',  ( -0.000000000000000000, -1.000000000000000000, 0.000000000000000000 ) ) ;
#9561 = ORIENTED_EDGE ( 'NONE', *, *, #2201, .T. ) ;
#9562 = FACE_OUTER_BOUND ( 'NONE', #9185, .T. ) ;
#9563 = CARTESIAN_POINT ( 'NONE',  ( 55.86932208953547274, 4.000000000000000000, -14.00000000000001243 ) ) ;
#9564 = ORIENTED_EDGE ( 'NONE', *, *, #9189, .T. ) ;
#9565 = CARTESIAN_POINT ( 'NONE',  ( -12.99999999999998934, 48.80255095400651300, 34.00000000000000000 ) ) ;
#9566 = VERTEX_POINT ( 'NONE', #1709 ) ;
#9567 = CARTESIAN_POINT ( 'NONE',  ( 73.14687499999999432, 4.000000000000000000, -4.812450283834122544 ) ) ;
#9568 = CIRCLE ( 'NONE', #610, 1.749999999999895639 ) ;
#9569 = VERTEX_POINT ( 'NONE', #4653 ) ;
#9570 = EDGE_CURVE ( 'NONE', #7910, #1324, #5816, .T. ) ;
#9571 = EDGE_CURVE ( 'NONE', #8167, #3910, #9094, .T. ) ;
#9572 = CARTESIAN_POINT ( 'NONE',  ( 60.00000000000020606, 3.000000000000422329, 0.000000000000000000 ) ) ;
#9573 = CIRCLE ( 'NONE', #3086, 5.750000000000002665 ) ;
#9574 = PLANE ( 'NONE',  #4658 ) ;
#9575 = FACE_OUTER_BOUND ( 'NONE', #7574, .T. ) ;
#9576 = DIRECTION ( 'NONE',  ( -6.987186840583977580E-15, 1.000000000000000000, -7.888609052210118054E-31 ) ) ;
#9577 = CIRCLE ( 'NONE', #4790, 1.750000000000032863 ) ;
#9578 = ORIENTED_EDGE ( 'NONE', *, *, #6603, .T. ) ;
#9579 = DIRECTION ( 'NONE',  ( -0.000000000000000000, -1.000000000000000000, 0.000000000000000000 ) ) ;
ENDSEC;
END-ISO-10303-21;
